{
    "CreationDateTime": "20251027.110949",
    "PredictionsArray": [
        {
            "AzimuthEnd": 226,
            "AzimuthMiddle": 291,
            "AzimuthStart": 354,
            "CPFSource": "sentinel3a_cpf_251027_30001.tjr",
            "CampaignTrack": false,
            "DateTimeEnd": "20251027.114011",
            "DateTimeMiddle": "20251027.113511",
            "DateTimeStart": "20251027.113021",
            "MaximumElevation": 34,
            "Object_NORAD": "41335",
            "Object_Name": "SENTINEL3A",
            "Pass": "NO/SO-CCW"
        },
        {
            "AzimuthEnd": 36,
            "AzimuthMiddle": 110,
            "AzimuthStart": 188,
            "CPFSource": "sentinel6a_cpf_251027_30001.tjr",
            "CampaignTrack": false,
            "DateTimeEnd": "20251027.160101",
            "DateTimeMiddle": "20251027.155241",
            "DateTimeStart": "20251027.154431",
            "MaximumElevation": 57,
            "Object_NORAD": "46984",
            "Object_Name": "SENTINEL6A",
            "Pass": "SO/NE-CCW"
        },
        {
            "AzimuthEnd": 14,
            "AzimuthMiddle": 310,
            "AzimuthStart": 248,
            "CPFSource": "sentinel6a_cpf_251027_30001.tjr",
            "CampaignTrack": false,
            "DateTimeEnd": "20251027.175631",
            "DateTimeMiddle": "20251027.174851",
            "DateTimeStart": "20251027.174131",
            "MaximumElevation": 33,
            "Object_NORAD": "46984",
            "Object_Name": "SENTINEL6A",
            "Pass": "SO/NE-CW"
        },
        {
            "AzimuthEnd": 352,
            "AzimuthMiddle": 61,
            "AzimuthStart": 162,
            "CPFSource": "terrasarx_cpf_251027_30001.tjr",
            "CampaignTrack": false,
            "DateTimeEnd": "20251027.180301",
            "DateTimeMiddle": "20251027.175911",
            "DateTimeStart": "20251027.175521",
            "MaximumElevation": 75,
            "Object_NORAD": "31698",
            "Object_Name": "TERRASARX",
            "Pass": "SE/NO-CW"
        },
        {
            "AzimuthEnd": 352,
            "AzimuthMiddle": 62,
            "AzimuthStart": 162,
            "CPFSource": "tandemx_cpf_251027_30001.tjr",
            "CampaignTrack": false,
            "DateTimeEnd": "20251027.180301",
            "DateTimeMiddle": "20251027.175911",
            "DateTimeStart": "20251027.175521",
            "MaximumElevation": 75,
            "Object_NORAD": "36605",
            "Object_Name": "TANDEMX",
            "Pass": "SE/NO-CW"
        },
        {
            "AzimuthEnd": 344,
            "AzimuthMiddle": 258,
            "AzimuthStart": 168,
            "CPFSource": "hy2b_cpf_251027_30001.tjr",
            "CampaignTrack": false,
            "DateTimeEnd": "20251027.181521",
            "DateTimeMiddle": "20251027.180901",
            "DateTimeStart": "20251027.180251",
            "MaximumElevation": 82,
            "Object_NORAD": "43655",
            "Object_Name": "HAIYANG2B",
            "Pass": "SE/NO-CW"
        },
        {
            "AzimuthEnd": 78,
            "AzimuthMiddle": 142,
            "AzimuthStart": 205,
            "CPFSource": "beaconc_cpf_251027_30001.tjr",
            "CampaignTrack": false,
            "DateTimeEnd": "20251027.192240",
            "DateTimeMiddle": "20251027.191530",
            "DateTimeStart": "20251027.190810",
            "MaximumElevation": 35,
            "Object_NORAD": "1328",
            "Object_Name": "EXPLORER27",
            "Pass": "SO/NE-CCW"
        },
        {
            "AzimuthEnd": 69,
            "AzimuthMiddle": 114,
            "AzimuthStart": 245,
            "CPFSource": "beaconc_cpf_251027_30001.tjr",
            "CampaignTrack": false,
            "DateTimeEnd": "20251027.211650",
            "DateTimeMiddle": "20251027.210910",
            "DateTimeStart": "20251027.210050",
            "MaximumElevation": 88,
            "Object_NORAD": "1328",
            "Object_Name": "EXPLORER27",
            "Pass": "SO/NE-CCW"
        },
        {
            "AzimuthEnd": 6,
            "AzimuthMiddle": 69,
            "AzimuthStart": 131,
            "CPFSource": "sentinel3a_cpf_251027_30001.tjr",
            "CampaignTrack": false,
            "DateTimeEnd": "20251027.211750",
            "DateTimeMiddle": "20251027.211250",
            "DateTimeStart": "20251027.210810",
            "MaximumElevation": 32,
            "Object_NORAD": "41335",
            "Object_Name": "SENTINEL3A",
            "Pass": "SE/NE-CCW"
        },
        {
            "AzimuthEnd": 341,
            "AzimuthMiddle": 258,
            "AzimuthStart": 175,
            "CPFSource": "sentinel3b_cpf_251027_30001.tjr",
            "CampaignTrack": false,
            "DateTimeEnd": "20251027.221940",
            "DateTimeMiddle": "20251027.221410",
            "DateTimeStart": "20251027.220850",
            "MaximumElevation": 66,
            "Object_NORAD": "43437",
            "Object_Name": "SENTINEL3B",
            "Pass": "SE/NO-CW"
        },
        {
            "AzimuthEnd": 324,
            "AzimuthMiddle": 264,
            "AzimuthStart": 206,
            "CPFSource": "sentinel3a_cpf_251027_30001.tjr",
            "CampaignTrack": false,
            "DateTimeEnd": "20251027.225720",
            "DateTimeMiddle": "20251027.225230",
            "DateTimeStart": "20251027.224800",
            "MaximumElevation": 27,
            "Object_NORAD": "41335",
            "Object_Name": "SENTINEL3A",
            "Pass": "SO/NO-CW"
        },
        {
            "AzimuthEnd": 77,
            "AzimuthMiddle": 355,
            "AzimuthStart": 276,
            "CPFSource": "beaconc_cpf_251027_30001.tjr",
            "CampaignTrack": false,
            "DateTimeEnd": "20251027.231030",
            "DateTimeMiddle": "20251027.230320",
            "DateTimeStart": "20251027.225540",
            "MaximumElevation": 60,
            "Object_NORAD": "1328",
            "Object_Name": "EXPLORER27",
            "Pass": "NO/NE-CW"
        },
        {
            "AzimuthEnd": 90,
            "AzimuthMiddle": 42,
            "AzimuthStart": 353,
            "CPFSource": "sentinel6a_cpf_251027_30001.tjr",
            "CampaignTrack": false,
            "DateTimeEnd": "20251027.235550",
            "DateTimeMiddle": "20251027.234930",
            "DateTimeStart": "20251027.234310",
            "MaximumElevation": 21,
            "Object_NORAD": "46984",
            "Object_Name": "SENTINEL6A",
            "Pass": "NO/E-CW"
        },
        {
            "AzimuthEnd": 102,
            "AzimuthMiddle": 17,
            "AzimuthStart": 290,
            "CPFSource": "beaconc_cpf_251027_30001.tjr",
            "CampaignTrack": false,
            "DateTimeEnd": "20251028.010430",
            "DateTimeMiddle": "20251028.005740",
            "DateTimeStart": "20251028.005020",
            "MaximumElevation": 75,
            "Object_NORAD": "1328",
            "Object_Name": "EXPLORER27",
            "Pass": "NO/SE-CW"
        },
        {
            "AzimuthEnd": 152,
            "AzimuthMiddle": 50,
            "AzimuthStart": 332,
            "CPFSource": "sentinel6a_cpf_251027_30001.tjr",
            "CampaignTrack": false,
            "DateTimeEnd": "20251028.015510",
            "DateTimeMiddle": "20251028.014630",
            "DateTimeStart": "20251028.013810",
            "MaximumElevation": 86,
            "Object_NORAD": "46984",
            "Object_Name": "SENTINEL6A",
            "Pass": "NO/SE-CW"
        },
        {
            "AzimuthEnd": 143,
            "AzimuthMiddle": 214,
            "AzimuthStart": 285,
            "CPFSource": "beaconc_cpf_251027_30001.tjr",
            "CampaignTrack": false,
            "DateTimeEnd": "20251028.025730",
            "DateTimeMiddle": "20251028.025110",
            "DateTimeStart": "20251028.024430",
            "MaximumElevation": 45,
            "Object_NORAD": "1328",
            "Object_Name": "EXPLORER27",
            "Pass": "NO/SE-CCW"
        },
        {
            "AzimuthEnd": 191,
            "AzimuthMiddle": 106,
            "AzimuthStart": 17,
            "CPFSource": "hy2b_cpf_251027_30001.tjr",
            "CampaignTrack": false,
            "DateTimeEnd": "20251028.065730",
            "DateTimeMiddle": "20251028.065110",
            "DateTimeStart": "20251028.064500",
            "MaximumElevation": 78,
            "Object_NORAD": "43655",
            "Object_Name": "HAIYANG2B",
            "Pass": "NE/SO-CW"
        },
        {
            "AzimuthEnd": 208,
            "AzimuthMiddle": 284,
            "AzimuthStart": 1,
            "CPFSource": "terrasarx_cpf_251027_30001.tjr",
            "CampaignTrack": false,
            "DateTimeEnd": "20251028.070930",
            "DateTimeMiddle": "20251028.070540",
            "DateTimeStart": "20251028.070200",
            "MaximumElevation": 51,
            "Object_NORAD": "31698",
            "Object_Name": "TERRASARX",
            "Pass": "NE/SO-CW"
        },
        {
            "AzimuthEnd": 208,
            "AzimuthMiddle": 284,
            "AzimuthStart": 1,
            "CPFSource": "tandemx_cpf_251027_30001.tjr",
            "CampaignTrack": false,
            "DateTimeEnd": "20251028.070930",
            "DateTimeMiddle": "20251028.070540",
            "DateTimeStart": "20251028.070200",
            "MaximumElevation": 51,
            "Object_NORAD": "36605",
            "Object_Name": "TANDEMX",
            "Pass": "NE/SO-CW"
        },
        {
            "AzimuthEnd": 180,
            "AzimuthMiddle": 102,
            "AzimuthStart": 21,
            "CPFSource": "sentinel3b_cpf_251027_30001.tjr",
            "CampaignTrack": false,
            "DateTimeEnd": "20251028.103640",
            "DateTimeMiddle": "20251028.103120",
            "DateTimeStart": "20251028.102600",
            "MaximumElevation": 58,
            "Object_NORAD": "43437",
            "Object_Name": "SENTINEL3B",
            "Pass": "NE/S-CW"
        },
        {
            "AzimuthEnd": 208,
            "AzimuthMiddle": 285,
            "AzimuthStart": 5,
            "CPFSource": "sentinel3a_cpf_251027_30001.tjr",
            "CampaignTrack": false,
            "DateTimeEnd": "20251028.111450",
            "DateTimeMiddle": "20251028.110930",
            "DateTimeStart": "20251028.110410",
            "MaximumElevation": 60,
            "Object_NORAD": "41335",
            "Object_Name": "SENTINEL3A",
            "Pass": "NE/SO-CW"
        },
        {
            "AzimuthEnd": 29,
            "AzimuthMiddle": 53,
            "AzimuthStart": 206,
            "CPFSource": "sentinel6a_cpf_251027_30001.tjr",
            "CampaignTrack": false,
            "DateTimeEnd": "20251028.162340",
            "DateTimeMiddle": "20251028.161510",
            "DateTimeStart": "20251028.160640",
            "MaximumElevation": 89,
            "Object_NORAD": "46984",
            "Object_Name": "SENTINEL6A",
            "Pass": "SO/NE-CCW"
        },
        {
            "AzimuthEnd": 14,
            "AzimuthMiddle": 64,
            "AzimuthStart": 113,
            "CPFSource": "hy2b_cpf_251027_30001.tjr",
            "CampaignTrack": false,
            "DateTimeEnd": "20251028.165320",
            "DateTimeMiddle": "20251028.164830",
            "DateTimeStart": "20251028.164350",
            "MaximumElevation": 22,
            "Object_NORAD": "43655",
            "Object_Name": "HAIYANG2B",
            "Pass": "SE/NE-CCW"
        },
        {
            "AzimuthEnd": 2,
            "AzimuthMiddle": 77,
            "AzimuthStart": 146,
            "CPFSource": "terrasarx_cpf_251027_30001.tjr",
            "CampaignTrack": false,
            "DateTimeEnd": "20251028.174550",
            "DateTimeMiddle": "20251028.174200",
            "DateTimeStart": "20251028.173830",
            "MaximumElevation": 43,
            "Object_NORAD": "31698",
            "Object_Name": "TERRASARX",
            "Pass": "SE/NE-CCW"
        },
        {
            "AzimuthEnd": 2,
            "AzimuthMiddle": 77,
            "AzimuthStart": 146,
            "CPFSource": "tandemx_cpf_251027_30001.tjr",
            "CampaignTrack": false,
            "DateTimeEnd": "20251028.174550",
            "DateTimeMiddle": "20251028.174200",
            "DateTimeStart": "20251028.173830",
            "MaximumElevation": 43,
            "Object_NORAD": "36605",
            "Object_Name": "TANDEMX",
            "Pass": "SE/NE-CCW"
        },
        {
            "AzimuthEnd": 9,
            "AzimuthMiddle": 318,
            "AzimuthStart": 269,
            "CPFSource": "sentinel6a_cpf_251027_30001.tjr",
            "CampaignTrack": false,
            "DateTimeEnd": "20251028.181840",
            "DateTimeMiddle": "20251028.181210",
            "DateTimeStart": "20251028.180550",
            "MaximumElevation": 22,
            "Object_NORAD": "46984",
            "Object_Name": "SENTINEL6A",
            "Pass": "SO/NE-CW"
        },
        {
            "AzimuthEnd": 83,
            "AzimuthMiddle": 138,
            "AzimuthStart": 195,
            "CPFSource": "beaconc_cpf_251027_30001.tjr",
            "CampaignTrack": false,
            "DateTimeEnd": "20251028.183740",
            "DateTimeMiddle": "20251028.183100",
            "DateTimeStart": "20251028.182400",
            "MaximumElevation": 28,
            "Object_NORAD": "1328",
            "Object_Name": "EXPLORER27",
            "Pass": "SO/NE-CCW"
        },
        {
            "AzimuthEnd": 337,
            "AzimuthMiddle": 262,
            "AzimuthStart": 182,
            "CPFSource": "hy2b_cpf_251027_30001.tjr",
            "CampaignTrack": false,
            "DateTimeEnd": "20251028.183720",
            "DateTimeMiddle": "20251028.183110",
            "DateTimeStart": "20251028.182500",
            "MaximumElevation": 53,
            "Object_NORAD": "43655",
            "Object_Name": "HAIYANG2B",
            "Pass": "SO/NO-CW"
        },
        {
            "AzimuthEnd": 70,
            "AzimuthMiddle": 155,
            "AzimuthStart": 238,
            "CPFSource": "beaconc_cpf_251027_30001.tjr",
            "CampaignTrack": false,
            "DateTimeEnd": "20251028.203210",
            "DateTimeMiddle": "20251028.202420",
            "DateTimeStart": "20251028.201610",
            "MaximumElevation": 76,
            "Object_NORAD": "1328",
            "Object_Name": "EXPLORER27",
            "Pass": "SO/NE-CCW"
        },
        {
            "AzimuthEnd": 352,
            "AzimuthMiddle": 75,
            "AzimuthStart": 157,
            "CPFSource": "sentinel3b_cpf_251027_30001.tjr",
            "CampaignTrack": false,
            "DateTimeEnd": "20251028.215350",
            "DateTimeMiddle": "20251028.214820",
            "DateTimeStart": "20251028.214300",
            "MaximumElevation": 70,
            "Object_NORAD": "43437",
            "Object_Name": "SENTINEL3B",
            "Pass": "SE/NO-CW"
        },
        {
            "AzimuthEnd": 74,
            "AzimuthMiddle": 351,
            "AzimuthStart": 271,
            "CPFSource": "beaconc_cpf_251027_30001.tjr",
            "CampaignTrack": false,
            "DateTimeEnd": "20251028.222550",
            "DateTimeMiddle": "20251028.221830",
            "DateTimeStart": "20251028.221040",
            "MaximumElevation": 63,
            "Object_NORAD": "1328",
            "Object_Name": "EXPLORER27",
            "Pass": "NO/NE-CW"
        },
        {
            "AzimuthEnd": 336,
            "AzimuthMiddle": 258,
            "AzimuthStart": 185,
            "CPFSource": "sentinel3a_cpf_251027_30001.tjr",
            "CampaignTrack": false,
            "DateTimeEnd": "20251028.223200",
            "DateTimeMiddle": "20251028.222630",
            "DateTimeStart": "20251028.222120",
            "MaximumElevation": 49,
            "Object_NORAD": "41335",
            "Object_Name": "SENTINEL3A",
            "Pass": "SO/NO-CW"
        },
        {
            "AzimuthEnd": 110,
            "AzimuthMiddle": 48,
            "AzimuthStart": 347,
            "CPFSource": "sentinel6a_cpf_251027_30001.tjr",
            "CampaignTrack": false,
            "DateTimeEnd": "20251029.002010",
            "DateTimeMiddle": "20251029.001240",
            "DateTimeStart": "20251029.000520",
            "MaximumElevation": 31,
            "Object_NORAD": "46984",
            "Object_Name": "SENTINEL6A",
            "Pass": "NO/SE-CW"
        },
        {
            "AzimuthEnd": 96,
            "AzimuthMiddle": 16,
            "AzimuthStart": 289,
            "CPFSource": "beaconc_cpf_251027_30001.tjr",
            "CampaignTrack": false,
            "DateTimeEnd": "20251029.002000",
            "DateTimeMiddle": "20251029.001300",
            "DateTimeStart": "20251029.000520",
            "MaximumElevation": 68,
            "Object_NORAD": "1328",
            "Object_Name": "EXPLORER27",
            "Pass": "NO/SE-CW"
        },
        {
            "AzimuthEnd": 133,
            "AzimuthMiddle": 211,
            "AzimuthStart": 288,
            "CPFSource": "beaconc_cpf_251027_30001.tjr",
            "CampaignTrack": false,
            "DateTimeEnd": "20251029.021320",
            "DateTimeMiddle": "20251029.020640",
            "DateTimeStart": "20251029.015940",
            "MaximumElevation": 58,
            "Object_NORAD": "1328",
            "Object_Name": "EXPLORER27",
            "Pass": "NO/SE-CCW"
        },
        {
            "AzimuthEnd": 170,
            "AzimuthMiddle": 250,
            "AzimuthStart": 325,
            "CPFSource": "sentinel6a_cpf_251027_30001.tjr",
            "CampaignTrack": false,
            "DateTimeEnd": "20251029.021720",
            "DateTimeMiddle": "20251029.020900",
            "DateTimeStart": "20251029.020050",
            "MaximumElevation": 60,
            "Object_NORAD": "46984",
            "Object_Name": "SENTINEL6A",
            "Pass": "NO/SE-CCW"
        },
        {
            "AzimuthEnd": 193,
            "AzimuthMiddle": 189,
            "AzimuthStart": 12,
            "CPFSource": "terrasarx_cpf_251027_30001.tjr",
            "CampaignTrack": false,
            "DateTimeEnd": "20251029.065230",
            "DateTimeMiddle": "20251029.064840",
            "DateTimeStart": "20251029.064450",
            "MaximumElevation": 87,
            "Object_NORAD": "31698",
            "Object_Name": "TERRASARX",
            "Pass": "NE/SO-CW"
        },
        {
            "AzimuthEnd": 193,
            "AzimuthMiddle": 189,
            "AzimuthStart": 12,
            "CPFSource": "tandemx_cpf_251027_30001.tjr",
            "CampaignTrack": false,
            "DateTimeEnd": "20251029.065230",
            "DateTimeMiddle": "20251029.064840",
            "DateTimeStart": "20251029.064450",
            "MaximumElevation": 87,
            "Object_NORAD": "36605",
            "Object_Name": "TANDEMX",
            "Pass": "NE/SO-CW"
        },
        {
            "AzimuthEnd": 204,
            "AzimuthMiddle": 288,
            "AzimuthStart": 9,
            "CPFSource": "hy2b_cpf_251027_30001.tjr",
            "CampaignTrack": false,
            "DateTimeEnd": "20251029.071930",
            "DateTimeMiddle": "20251029.071310",
            "DateTimeStart": "20251029.070700",
            "MaximumElevation": 70,
            "Object_NORAD": "43655",
            "Object_Name": "HAIYANG2B",
            "Pass": "NE/SO-CW"
        },
        {
            "AzimuthEnd": 161,
            "AzimuthMiddle": 97,
            "AzimuthStart": 33,
            "CPFSource": "sentinel3b_cpf_251027_30001.tjr",
            "CampaignTrack": false,
            "DateTimeEnd": "20251029.101020",
            "DateTimeMiddle": "20251029.100520",
            "DateTimeStart": "20251029.100030",
            "MaximumElevation": 32,
            "Object_NORAD": "43437",
            "Object_Name": "SENTINEL3B",
            "Pass": "NE/SE-CW"
        },
        {
            "AzimuthEnd": 190,
            "AzimuthMiddle": 104,
            "AzimuthStart": 16,
            "CPFSource": "sentinel3a_cpf_251027_30001.tjr",
            "CampaignTrack": false,
            "DateTimeEnd": "20251029.104910",
            "DateTimeMiddle": "20251029.104340",
            "DateTimeStart": "20251029.103820",
            "MaximumElevation": 78,
            "Object_NORAD": "41335",
            "Object_Name": "SENTINEL3A",
            "Pass": "NE/SO-CW"
        },
        {
            "AzimuthEnd": 233,
            "AzimuthMiddle": 291,
            "AzimuthStart": 350,
            "CPFSource": "sentinel3b_cpf_251027_30001.tjr",
            "CampaignTrack": false,
            "DateTimeEnd": "20251029.114940",
            "DateTimeMiddle": "20251029.114500",
            "DateTimeStart": "20251029.114020",
            "MaximumElevation": 28,
            "Object_NORAD": "43437",
            "Object_Name": "SENTINEL3B",
            "Pass": "NO/SO-CCW"
        },
        {
            "AzimuthEnd": 49,
            "AzimuthMiddle": 104,
            "AzimuthStart": 162,
            "CPFSource": "sentinel6a_cpf_251027_30001.tjr",
            "CampaignTrack": false,
            "DateTimeEnd": "20251029.144930",
            "DateTimeMiddle": "20251029.144230",
            "DateTimeStart": "20251029.143530",
            "MaximumElevation": 28,
            "Object_NORAD": "46984",
            "Object_Name": "SENTINEL6A",
            "Pass": "SE/NE-CCW"
        },
        {
            "AzimuthEnd": 22,
            "AzimuthMiddle": 304,
            "AzimuthStart": 223,
            "CPFSource": "sentinel6a_cpf_251027_30001.tjr",
            "CampaignTrack": false,
            "DateTimeEnd": "20251029.164620",
            "DateTimeMiddle": "20251029.163750",
            "DateTimeStart": "20251029.162930",
            "MaximumElevation": 59,
            "Object_NORAD": "46984",
            "Object_Name": "SENTINEL6A",
            "Pass": "SO/NE-CW"
        },
        {
            "AzimuthEnd": 5,
            "AzimuthMiddle": 68,
            "AzimuthStart": 129,
            "CPFSource": "hy2b_cpf_251027_30001.tjr",
            "CampaignTrack": false,
            "DateTimeEnd": "20251029.171600",
            "DateTimeMiddle": "20251029.171020",
            "DateTimeStart": "20251029.170500",
            "MaximumElevation": 33,
            "Object_NORAD": "43655",
            "Object_Name": "HAIYANG2B",
            "Pass": "SE/NE-CCW"
        },
        {
            "AzimuthEnd": 12,
            "AzimuthMiddle": 73,
            "AzimuthStart": 130,
            "CPFSource": "terrasarx_cpf_251027_30001.tjr",
            "CampaignTrack": false,
            "DateTimeEnd": "20251029.172830",
            "DateTimeMiddle": "20251029.172500",
            "DateTimeStart": "20251029.172150",
            "MaximumElevation": 26,
            "Object_NORAD": "31698",
            "Object_Name": "TERRASARX",
            "Pass": "SE/NE-CCW"
        },
        {
            "AzimuthEnd": 12,
            "AzimuthMiddle": 73,
            "AzimuthStart": 130,
            "CPFSource": "tandemx_cpf_251027_30001.tjr",
            "CampaignTrack": false,
            "DateTimeEnd": "20251029.172830",
            "DateTimeMiddle": "20251029.172500",
            "DateTimeStart": "20251029.172150",
            "MaximumElevation": 26,
            "Object_NORAD": "36605",
            "Object_Name": "TANDEMX",
            "Pass": "SE/NE-CCW"
        },
        {
            "AzimuthEnd": 88,
            "AzimuthMiddle": 137,
            "AzimuthStart": 183,
            "CPFSource": "beaconc_cpf_251027_30001.tjr",
            "CampaignTrack": false,
            "DateTimeEnd": "20251029.175230",
            "DateTimeMiddle": "20251029.174620",
            "DateTimeStart": "20251029.174020",
            "MaximumElevation": 21,
            "Object_NORAD": "1328",
            "Object_Name": "EXPLORER27",
            "Pass": "SO/NE-CCW"
        },
        {
            "AzimuthEnd": 328,
            "AzimuthMiddle": 264,
            "AzimuthStart": 198,
            "CPFSource": "hy2b_cpf_251027_30001.tjr",
            "CampaignTrack": false,
            "DateTimeEnd": "20251029.185900",
            "DateTimeMiddle": "20251029.185320",
            "DateTimeStart": "20251029.184740",
            "MaximumElevation": 34,
            "Object_NORAD": "43655",
            "Object_Name": "HAIYANG2B",
            "Pass": "SO/NO-CW"
        },
        {
            "AzimuthEnd": 71,
            "AzimuthMiddle": 148,
            "AzimuthStart": 230,
            "CPFSource": "beaconc_cpf_251027_30001.tjr",
            "CampaignTrack": false,
            "DateTimeEnd": "20251029.194730",
            "DateTimeMiddle": "20251029.193940",
            "DateTimeStart": "20251029.193120",
            "MaximumElevation": 64,
            "Object_NORAD": "1328",
            "Object_Name": "EXPLORER27",
            "Pass": "SO/NE-CCW"
        },
        {
            "AzimuthEnd": 2,
            "AzimuthMiddle": 69,
            "AzimuthStart": 138,
            "CPFSource": "sentinel3b_cpf_251027_30001.tjr",
            "CampaignTrack": false,
            "DateTimeEnd": "20251029.212750",
            "DateTimeMiddle": "20251029.212240",
            "DateTimeStart": "20251029.211740",
            "MaximumElevation": 39,
            "Object_NORAD": "43437",
            "Object_Name": "SENTINEL3B",
            "Pass": "SE/NE-CCW"
        },
        {
            "AzimuthEnd": 72,
            "AzimuthMiddle": 347,
            "AzimuthStart": 264,
            "CPFSource": "beaconc_cpf_251027_30001.tjr",
            "CampaignTrack": false,
            "DateTimeEnd": "20251029.214120",
            "DateTimeMiddle": "20251029.213340",
            "DateTimeStart": "20251029.212530",
            "MaximumElevation": 68,
            "Object_NORAD": "1328",
            "Object_Name": "EXPLORER27",
            "Pass": "SO/NE-CW"
        },
        {
            "AzimuthEnd": 347,
            "AzimuthMiddle": 259,
            "AzimuthStart": 166,
            "CPFSource": "sentinel3a_cpf_251027_30001.tjr",
            "CampaignTrack": false,
            "DateTimeEnd": "20251029.220610",
            "DateTimeMiddle": "20251029.220040",
            "DateTimeStart": "20251029.215520",
            "MaximumElevation": 88,
            "Object_NORAD": "41335",
            "Object_Name": "SENTINEL3A",
            "Pass": "SE/NO-CW"
        },
        {
            "AzimuthEnd": 319,
            "AzimuthMiddle": 264,
            "AzimuthStart": 213,
            "CPFSource": "sentinel3b_cpf_251027_30001.tjr",
            "CampaignTrack": false,
            "DateTimeEnd": "20251029.230650",
            "DateTimeMiddle": "20251029.230220",
            "DateTimeStart": "20251029.225810",
            "MaximumElevation": 22,
            "Object_NORAD": "43437",
            "Object_Name": "SENTINEL3B",
            "Pass": "SO/NO-CW"
        },
        {
            "AzimuthEnd": 90,
            "AzimuthMiddle": 9,
            "AzimuthStart": 286,
            "CPFSource": "beaconc_cpf_251027_30001.tjr",
            "CampaignTrack": false,
            "DateTimeEnd": "20251029.233520",
            "DateTimeMiddle": "20251029.232810",
            "DateTimeStart": "20251029.232030",
            "MaximumElevation": 63,
            "Object_NORAD": "1328",
            "Object_Name": "EXPLORER27",
            "Pass": "NO/E-CW"
        }
    ]
}
