{
    "CreationDateTime": "20230623.081354",
    "PredictionsArray": [
        {
            "AzimuthEnd": 64,
            "AzimuthMiddle": 300,
            "AzimuthStart": 207,
            "CPFSource": "40544_cpf_230623_6741.tjr",
            "CampaignTrack": false,
            "DateTimeEnd": "20230623.130509",
            "DateTimeMiddle": "20230623.101019",
            "DateTimeStart": "20230623.081329",
            "MaximumElevation": 77,
            "Object_NORAD": "40544",
            "Object_Name": "GALILEO203",
            "Pass": "SO/NE-CW"
        },
        {
            "AzimuthEnd": 205,
            "AzimuthMiddle": 266,
            "AzimuthStart": 316,
            "CPFSource": "41550_cpf_230623_6741.tjr",
            "CampaignTrack": false,
            "DateTimeEnd": "20230623.121239",
            "DateTimeMiddle": "20230623.102849",
            "DateTimeStart": "20230623.083559",
            "MaximumElevation": 71,
            "Object_NORAD": "41550",
            "Object_Name": "GALILEO210",
            "Pass": "NO/SO-CCW"
        },
        {
            "AzimuthEnd": 116,
            "AzimuthMiddle": 25,
            "AzimuthStart": 283,
            "CPFSource": "40129_cpf_230623_6741.tjr",
            "CampaignTrack": false,
            "DateTimeEnd": "20230623.121509",
            "DateTimeMiddle": "20230623.105539",
            "DateTimeStart": "20230623.090509",
            "MaximumElevation": 75,
            "Object_NORAD": "40129",
            "Object_Name": "GALILEO202",
            "Pass": "NO/SE-CW"
        },
        {
            "AzimuthEnd": 263,
            "AzimuthMiddle": 282,
            "AzimuthStart": 301,
            "CPFSource": "43058_cpf_230623_6741.tjr",
            "CampaignTrack": false,
            "DateTimeEnd": "20230623.125549",
            "DateTimeMiddle": "20230623.121719",
            "DateTimeStart": "20230623.113859",
            "MaximumElevation": 43,
            "Object_NORAD": "43058",
            "Object_Name": "GALILEO22",
            "Pass": "NO/SO-CCW"
        },
        {
            "AzimuthEnd": 47,
            "AzimuthMiddle": 108,
            "AzimuthStart": 187,
            "CPFSource": "41315_cpf_230623_6741.tjr",
            "CampaignTrack": false,
            "DateTimeEnd": "20230623.165908",
            "DateTimeMiddle": "20230623.145439",
            "DateTimeStart": "20230623.130819",
            "MaximumElevation": 89,
            "Object_NORAD": "41315",
            "Object_Name": "BEIDOU21",
            "Pass": "SO/NE-CCW"
        },
        {
            "AzimuthEnd": 45,
            "AzimuthMiddle": 91,
            "AzimuthStart": 146,
            "CPFSource": "38858_cpf_230623_6741.tjr",
            "CampaignTrack": false,
            "DateTimeEnd": "20230623.170018",
            "DateTimeMiddle": "20230623.151829",
            "DateTimeStart": "20230623.134219",
            "MaximumElevation": 65,
            "Object_NORAD": "38858",
            "Object_Name": "GALILEO104",
            "Pass": "SE/NE-CCW"
        },
        {
            "AzimuthEnd": 45,
            "AzimuthMiddle": 98,
            "AzimuthStart": 164,
            "CPFSource": "38857_cpf_230623_6741.tjr",
            "CampaignTrack": false,
            "DateTimeEnd": "20230623.180638",
            "DateTimeMiddle": "20230623.160358",
            "DateTimeStart": "20230623.141449",
            "MaximumElevation": 76,
            "Object_NORAD": "38857",
            "Object_Name": "GALILEO103",
            "Pass": "SE/NE-CCW"
        },
        {
            "AzimuthEnd": 171,
            "AzimuthMiddle": 71,
            "AzimuthStart": 310,
            "CPFSource": "37847_cpf_230623_6741.tjr",
            "CampaignTrack": false,
            "DateTimeEnd": "20230623.185038",
            "DateTimeMiddle": "20230623.165138",
            "DateTimeStart": "20230623.142049",
            "MaximumElevation": 86,
            "Object_NORAD": "37847",
            "Object_Name": "GALILEOFM2",
            "Pass": "NO/SE-CW"
        },
        {
            "AzimuthEnd": 74,
            "AzimuthMiddle": 306,
            "AzimuthStart": 211,
            "CPFSource": "41861_cpf_230623_6741.tjr",
            "CampaignTrack": false,
            "DateTimeEnd": "20230623.213428",
            "DateTimeMiddle": "20230623.183058",
            "DateTimeStart": "20230623.162109",
            "MaximumElevation": 76,
            "Object_NORAD": "41861",
            "Object_Name": "GALILEO17",
            "Pass": "SO/NE-CW"
        },
        {
            "AzimuthEnd": 106,
            "AzimuthMiddle": 1,
            "AzimuthStart": 255,
            "CPFSource": "43001_cpf_230623_6741.tjr",
            "CampaignTrack": false,
            "DateTimeEnd": "20230623.212208",
            "DateTimeMiddle": "20230623.185648",
            "DateTimeStart": "20230623.163058",
            "MaximumElevation": 65,
            "Object_NORAD": "43001",
            "Object_Name": "BEIDOU24",
            "Pass": "SO/SE-CW"
        },
        {
            "AzimuthEnd": 214,
            "AzimuthMiddle": 271,
            "AzimuthStart": 318,
            "CPFSource": "37846_cpf_230623_6741.tjr",
            "CampaignTrack": false,
            "DateTimeEnd": "20230623.202558",
            "DateTimeMiddle": "20230623.184948",
            "DateTimeStart": "20230623.170758",
            "MaximumElevation": 66,
            "Object_NORAD": "37846",
            "Object_Name": "GALILEOPFM",
            "Pass": "NO/SO-CCW"
        },
        {
            "AzimuthEnd": 236,
            "AzimuthMiddle": 277,
            "AzimuthStart": 313,
            "CPFSource": "40545_cpf_230623_6741.tjr",
            "CampaignTrack": false,
            "DateTimeEnd": "20230623.205058",
            "DateTimeMiddle": "20230623.193608",
            "DateTimeStart": "20230623.181948",
            "MaximumElevation": 54,
            "Object_NORAD": "40545",
            "Object_Name": "GALILEO204",
            "Pass": "NO/SO-CCW"
        },
        {
            "AzimuthEnd": 133,
            "AzimuthMiddle": 35,
            "AzimuthStart": 265,
            "CPFSource": "41174_cpf_230623_6741.tjr",
            "CampaignTrack": false,
            "DateTimeEnd": "20230624.005148",
            "DateTimeMiddle": "20230623.222958",
            "DateTimeStart": "20230623.191428",
            "MaximumElevation": 69,
            "Object_NORAD": "41174",
            "Object_Name": "GALILEO208",
            "Pass": "SO/SE-CW"
        },
        {
            "AzimuthEnd": 47,
            "AzimuthMiddle": 86,
            "AzimuthStart": 130,
            "CPFSource": "43058_cpf_230623_6741.tjr",
            "CampaignTrack": false,
            "DateTimeEnd": "20230624.000628",
            "DateTimeMiddle": "20230623.224258",
            "DateTimeStart": "20230623.212158",
            "MaximumElevation": 57,
            "Object_NORAD": "43058",
            "Object_Name": "GALILEO22",
            "Pass": "SE/NE-CCW"
        },
        {
            "AzimuthEnd": 47,
            "AzimuthMiddle": 102,
            "AzimuthStart": 172,
            "CPFSource": "40889_cpf_230623_6741.tjr",
            "CampaignTrack": false,
            "DateTimeEnd": "20230624.024028",
            "DateTimeMiddle": "20230624.002808",
            "DateTimeStart": "20230623.223418",
            "MaximumElevation": 82,
            "Object_NORAD": "40889",
            "Object_Name": "GALILEO9",
            "Pass": "SE/NE-CCW"
        },
        {
            "AzimuthEnd": 178,
            "AzimuthMiddle": 252,
            "AzimuthStart": 309,
            "CPFSource": "41862_cpf_230623_6741.tjr",
            "CampaignTrack": false,
            "DateTimeEnd": "20230624.030658",
            "DateTimeMiddle": "20230624.010748",
            "DateTimeStart": "20230623.224258",
            "MaximumElevation": 88,
            "Object_NORAD": "41862",
            "Object_Name": "GALILEO18",
            "Pass": "NO/SE-CCW"
        },
        {
            "AzimuthEnd": 90,
            "AzimuthMiddle": 326,
            "AzimuthStart": 226,
            "CPFSource": "31115_cpf_230623_6741.tjr",
            "CampaignTrack": false,
            "DateTimeEnd": "20230624.063718",
            "DateTimeMiddle": "20230624.034238",
            "DateTimeStart": "20230624.012548",
            "MaximumElevation": 74,
            "Object_NORAD": "31115",
            "Object_Name": "BEIDOUM1",
            "Pass": "SO/E-CW"
        },
        {
            "AzimuthEnd": 220,
            "AzimuthMiddle": 271,
            "AzimuthStart": 314,
            "CPFSource": "41860_cpf_230623_6741.tjr",
            "CampaignTrack": false,
            "DateTimeEnd": "20230624.043248",
            "DateTimeMiddle": "20230624.030158",
            "DateTimeStart": "20230624.012738",
            "MaximumElevation": 61,
            "Object_NORAD": "41860",
            "Object_Name": "GALILEO16",
            "Pass": "NO/SO-CCW"
        },
        {
            "AzimuthEnd": 53,
            "AzimuthMiddle": 107,
            "AzimuthStart": 166,
            "CPFSource": "40128_cpf_230623_6741.tjr",
            "CampaignTrack": false,
            "DateTimeEnd": "20230624.060028",
            "DateTimeMiddle": "20230624.043308",
            "DateTimeStart": "20230624.023648",
            "MaximumElevation": 73,
            "Object_NORAD": "40128",
            "Object_Name": "GALILEO201",
            "Pass": "SE/NE-CCW"
        },
        {
            "AzimuthEnd": 137,
            "AzimuthMiddle": 42,
            "AzimuthStart": 271,
            "CPFSource": "41549_cpf_230623_6741.tjr",
            "CampaignTrack": false,
            "DateTimeEnd": "20230624.090718",
            "DateTimeMiddle": "20230624.065048",
            "DateTimeStart": "20230624.033608",
            "MaximumElevation": 70,
            "Object_NORAD": "41549",
            "Object_Name": "GALILEO14",
            "Pass": "NO/SE-CW"
        },
        {
            "AzimuthEnd": 52,
            "AzimuthMiddle": 79,
            "AzimuthStart": 108,
            "CPFSource": "40545_cpf_230623_6741.tjr",
            "CampaignTrack": false,
            "DateTimeEnd": "20230624.065758",
            "DateTimeMiddle": "20230624.060148",
            "DateTimeStart": "20230624.050618",
            "MaximumElevation": 48,
            "Object_NORAD": "40545",
            "Object_Name": "GALILEO204",
            "Pass": "SE/NE-CCW"
        },
        {
            "AzimuthEnd": 52,
            "AzimuthMiddle": 297,
            "AzimuthStart": 201,
            "CPFSource": "38250_cpf_230623_6741.tjr",
            "CampaignTrack": false,
            "DateTimeEnd": "20230624.095708",
            "DateTimeMiddle": "20230624.074018",
            "DateTimeStart": "20230624.055038",
            "MaximumElevation": 82,
            "Object_NORAD": "38250",
            "Object_Name": "BEIDOUM3",
            "Pass": "SO/NE-CW"
        },
        {
            "AzimuthEnd": 181,
            "AzimuthMiddle": 255,
            "AzimuthStart": 311,
            "CPFSource": "40890_cpf_230623_6741.tjr",
            "CampaignTrack": false,
            "DateTimeEnd": "20230624.111648",
            "DateTimeMiddle": "20230624.091938",
            "DateTimeStart": "20230624.065948",
            "MaximumElevation": 86,
            "Object_NORAD": "40890",
            "Object_Name": "GALILEO10",
            "Pass": "NO/SO-CCW"
        },
        {
            "AzimuthEnd": 226,
            "AzimuthMiddle": 273,
            "AzimuthStart": 314,
            "CPFSource": "43057_cpf_230623_6741.tjr",
            "CampaignTrack": false,
            "DateTimeEnd": "20230624.123858",
            "DateTimeMiddle": "20230624.111338",
            "DateTimeStart": "20230624.094538",
            "MaximumElevation": 59,
            "Object_NORAD": "43057",
            "Object_Name": "GALILEO21",
            "Pass": "NO/SO-CCW"
        },
        {
            "AzimuthEnd": 162,
            "AzimuthMiddle": 238,
            "AzimuthStart": 306,
            "CPFSource": "40129_cpf_230623_6741.tjr",
            "CampaignTrack": false,
            "DateTimeEnd": "20230624.143928",
            "DateTimeMiddle": "20230624.132518",
            "DateTimeStart": "20230624.120428",
            "MaximumElevation": 83,
            "Object_NORAD": "40129",
            "Object_Name": "GALILEO202",
            "Pass": "NO/SE-CCW"
        },
        {
            "AzimuthEnd": 46,
            "AzimuthMiddle": 90,
            "AzimuthStart": 142,
            "CPFSource": "41175_cpf_230623_6741.tjr",
            "CampaignTrack": false,
            "DateTimeEnd": "20230624.164318",
            "DateTimeMiddle": "20230624.150518",
            "DateTimeStart": "20230624.133218",
            "MaximumElevation": 63,
            "Object_NORAD": "41175",
            "Object_Name": "GALILEO11",
            "Pass": "SE/NE-CCW"
        },
        {
            "AzimuthEnd": 52,
            "AzimuthMiddle": 111,
            "AzimuthStart": 185,
            "CPFSource": "41859_cpf_230623_6741.tjr",
            "CampaignTrack": false,
            "DateTimeEnd": "20230624.192948",
            "DateTimeMiddle": "20230624.170138",
            "DateTimeStart": "20230624.150148",
            "MaximumElevation": 89,
            "Object_NORAD": "41859",
            "Object_Name": "GALILEO15",
            "Pass": "SO/NE-CCW"
        },
        {
            "AzimuthEnd": 85,
            "AzimuthMiddle": 329,
            "AzimuthStart": 235,
            "CPFSource": "41315_cpf_230623_6741.tjr",
            "CampaignTrack": false,
            "DateTimeEnd": "20230624.200938",
            "DateTimeMiddle": "20230624.173038",
            "DateTimeStart": "20230624.152638",
            "MaximumElevation": 68,
            "Object_NORAD": "41315",
            "Object_Name": "BEIDOU21",
            "Pass": "SO/NE-CW"
        },
        {
            "AzimuthEnd": 189,
            "AzimuthMiddle": 260,
            "AzimuthStart": 316,
            "CPFSource": "40544_cpf_230623_6741.tjr",
            "CampaignTrack": false,
            "DateTimeEnd": "20230624.193138",
            "DateTimeMiddle": "20230624.173908",
            "DateTimeStart": "20230624.152858",
            "MaximumElevation": 82,
            "Object_NORAD": "40544",
            "Object_Name": "GALILEO203",
            "Pass": "NO/SO-CCW"
        },
        {
            "AzimuthEnd": 126,
            "AzimuthMiddle": 23,
            "AzimuthStart": 256,
            "CPFSource": "38858_cpf_230623_6741.tjr",
            "CampaignTrack": false,
            "DateTimeEnd": "20230625.002648",
            "DateTimeMiddle": "20230624.215518",
            "DateTimeStart": "20230624.184348",
            "MaximumElevation": 67,
            "Object_NORAD": "38858",
            "Object_Name": "GALILEO104",
            "Pass": "SO/SE-CW"
        },
        {
            "AzimuthEnd": 158,
            "AzimuthMiddle": 62,
            "AzimuthStart": 306,
            "CPFSource": "43001_cpf_230623_6741.tjr",
            "CampaignTrack": false,
            "DateTimeEnd": "20230624.235938",
            "DateTimeMiddle": "20230624.220858",
            "DateTimeStart": "20230624.195148",
            "MaximumElevation": 82,
            "Object_NORAD": "43001",
            "Object_Name": "BEIDOU24",
            "Pass": "NO/SE-CW"
        },
        {
            "AzimuthEnd": 146,
            "AzimuthMiddle": 51,
            "AzimuthStart": 283,
            "CPFSource": "38857_cpf_230623_6741.tjr",
            "CampaignTrack": false,
            "DateTimeEnd": "20230625.013208",
            "DateTimeMiddle": "20230624.232118",
            "DateTimeStart": "20230624.201418",
            "MaximumElevation": 74,
            "Object_NORAD": "38857",
            "Object_Name": "GALILEO103",
            "Pass": "NO/SE-CW"
        },
        {
            "AzimuthEnd": 64,
            "AzimuthMiddle": 77,
            "AzimuthStart": 89,
            "CPFSource": "43057_cpf_230623_6741.tjr",
            "CampaignTrack": false,
            "DateTimeEnd": "20230624.220518",
            "DateTimeMiddle": "20230624.213958",
            "DateTimeStart": "20230624.211448",
            "MaximumElevation": 41,
            "Object_NORAD": "43057",
            "Object_Name": "GALILEO21",
            "Pass": "NE/NE-CCW"
        },
        {
            "AzimuthEnd": 53,
            "AzimuthMiddle": 289,
            "AzimuthStart": 188,
            "CPFSource": "41550_cpf_230623_6741.tjr",
            "CampaignTrack": false,
            "DateTimeEnd": "20230625.034058",
            "DateTimeMiddle": "20230625.010948",
            "DateTimeStart": "20230624.230928",
            "MaximumElevation": 88,
            "Object_NORAD": "41550",
            "Object_Name": "GALILEO210",
            "Pass": "SO/NE-CW"
        },
        {
            "AzimuthEnd": 194,
            "AzimuthMiddle": 261,
            "AzimuthStart": 314,
            "CPFSource": "41861_cpf_230623_6741.tjr",
            "CampaignTrack": false,
            "DateTimeEnd": "20230625.034208",
            "DateTimeMiddle": "20230625.015048",
            "DateTimeStart": "20230624.234508",
            "MaximumElevation": 78,
            "Object_NORAD": "41861",
            "Object_Name": "GALILEO17",
            "Pass": "NO/SO-CCW"
        },
        {
            "AzimuthEnd": 107,
            "AzimuthMiddle": 342,
            "AzimuthStart": 237,
            "CPFSource": "43058_cpf_230623_6741.tjr",
            "CampaignTrack": false,
            "DateTimeEnd": "20230625.072428",
            "DateTimeMiddle": "20230625.041548",
            "DateTimeStart": "20230625.013958",
            "MaximumElevation": 66,
            "Object_NORAD": "43058",
            "Object_Name": "GALILEO22",
            "Pass": "SO/SE-CW"
        },
        {
            "AzimuthEnd": 240,
            "AzimuthMiddle": 277,
            "AzimuthStart": 310,
            "CPFSource": "41174_cpf_230623_6741.tjr",
            "CampaignTrack": false,
            "DateTimeEnd": "20230625.044558",
            "DateTimeMiddle": "20230625.033608",
            "DateTimeStart": "20230625.022528",
            "MaximumElevation": 52,
            "Object_NORAD": "41174",
            "Object_Name": "GALILEO208",
            "Pass": "NO/SO-CCW"
        },
        {
            "AzimuthEnd": 64,
            "AzimuthMiddle": 317,
            "AzimuthStart": 211,
            "CPFSource": "40128_cpf_230623_6741.tjr",
            "CampaignTrack": false,
            "DateTimeEnd": "20230625.083708",
            "DateTimeMiddle": "20230625.065908",
            "DateTimeStart": "20230625.044128",
            "MaximumElevation": 81,
            "Object_NORAD": "40128",
            "Object_Name": "GALILEO201",
            "Pass": "SO/NE-CW"
        },
        {
            "AzimuthEnd": 156,
            "AzimuthMiddle": 60,
            "AzimuthStart": 294,
            "CPFSource": "40889_cpf_230623_6741.tjr",
            "CampaignTrack": false,
            "DateTimeEnd": "20230625.100048",
            "DateTimeMiddle": "20230625.075418",
            "DateTimeStart": "20230625.050038",
            "MaximumElevation": 79,
            "Object_NORAD": "40889",
            "Object_Name": "GALILEO9",
            "Pass": "NO/SE-CW"
        },
        {
            "AzimuthEnd": 42,
            "AzimuthMiddle": 93,
            "AzimuthStart": 154,
            "CPFSource": "37847_cpf_230623_6741.tjr",
            "CampaignTrack": false,
            "DateTimeEnd": "20230625.092238",
            "DateTimeMiddle": "20230625.073108",
            "DateTimeStart": "20230625.054858",
            "MaximumElevation": 71,
            "Object_NORAD": "37847",
            "Object_Name": "GALILEOFM2",
            "Pass": "SE/NE-CCW"
        },
        {
            "AzimuthEnd": 175,
            "AzimuthMiddle": 248,
            "AzimuthStart": 304,
            "CPFSource": "31115_cpf_230623_6741.tjr",
            "CampaignTrack": false,
            "DateTimeEnd": "20230625.111118",
            "DateTimeMiddle": "20230625.091418",
            "DateTimeStart": "20230625.065718",
            "MaximumElevation": 85,
            "Object_NORAD": "31115",
            "Object_Name": "BEIDOUM1",
            "Pass": "NO/SE-CCW"
        },
        {
            "AzimuthEnd": 56,
            "AzimuthMiddle": 293,
            "AzimuthStart": 197,
            "CPFSource": "37846_cpf_230623_6741.tjr",
            "CampaignTrack": false,
            "DateTimeEnd": "20230625.121628",
            "DateTimeMiddle": "20230625.093418",
            "DateTimeStart": "20230625.073318",
            "MaximumElevation": 81,
            "Object_NORAD": "37846",
            "Object_Name": "GALILEOPFM",
            "Pass": "SO/NE-CW"
        },
        {
            "AzimuthEnd": 105,
            "AzimuthMiddle": 358,
            "AzimuthStart": 254,
            "CPFSource": "38250_cpf_230623_6741.tjr",
            "CampaignTrack": false,
            "DateTimeEnd": "20230625.131918",
            "DateTimeMiddle": "20230625.105228",
            "DateTimeStart": "20230625.082748",
            "MaximumElevation": 64,
            "Object_NORAD": "38250",
            "Object_Name": "BEIDOUM3",
            "Pass": "SO/SE-CW"
        },
        {
            "AzimuthEnd": 79,
            "AzimuthMiddle": 310,
            "AzimuthStart": 217,
            "CPFSource": "40545_cpf_230623_6741.tjr",
            "CampaignTrack": false,
            "DateTimeEnd": "20230625.135408",
            "DateTimeMiddle": "20230625.104318",
            "DateTimeStart": "20230625.083408",
            "MaximumElevation": 71,
            "Object_NORAD": "40545",
            "Object_Name": "GALILEO204",
            "Pass": "SO/NE-CW"
        },
        {
            "AzimuthEnd": 245,
            "AzimuthMiddle": 279,
            "AzimuthStart": 309,
            "CPFSource": "41549_cpf_230623_6741.tjr",
            "CampaignTrack": false,
            "DateTimeEnd": "20230625.124918",
            "DateTimeMiddle": "20230625.114558",
            "DateTimeStart": "20230625.104218",
            "MaximumElevation": 50,
            "Object_NORAD": "41549",
            "Object_Name": "GALILEO14",
            "Pass": "NO/SO-CCW"
        },
        {
            "AzimuthEnd": 54,
            "AzimuthMiddle": 81,
            "AzimuthStart": 111,
            "CPFSource": "41174_cpf_230623_6741.tjr",
            "CampaignTrack": false,
            "DateTimeEnd": "20230625.145838",
            "DateTimeMiddle": "20230625.140058",
            "DateTimeStart": "20230625.130338",
            "MaximumElevation": 48,
            "Object_NORAD": "41174",
            "Object_Name": "GALILEO208",
            "Pass": "SE/NE-CCW"
        },
        {
            "AzimuthEnd": 46,
            "AzimuthMiddle": 97,
            "AzimuthStart": 161,
            "CPFSource": "41862_cpf_230623_6741.tjr",
            "CampaignTrack": false,
            "DateTimeEnd": "20230625.174658",
            "DateTimeMiddle": "20230625.154738",
            "DateTimeStart": "20230625.135958",
            "MaximumElevation": 74,
            "Object_NORAD": "41862",
            "Object_Name": "GALILEO18",
            "Pass": "SE/NE-CCW"
        },
        {
            "AzimuthEnd": 212,
            "AzimuthMiddle": 257,
            "AzimuthStart": 300,
            "CPFSource": "40129_cpf_230623_6741.tjr",
            "CampaignTrack": false,
            "DateTimeEnd": "20230625.162518",
            "DateTimeMiddle": "20230625.153328",
            "DateTimeStart": "20230625.144328",
            "MaximumElevation": 54,
            "Object_NORAD": "40129",
            "Object_Name": "GALILEO202",
            "Pass": "NO/SO-CCW"
        },
        {
            "AzimuthEnd": 65,
            "AzimuthMiddle": 300,
            "AzimuthStart": 203,
            "CPFSource": "41860_cpf_230623_6741.tjr",
            "CampaignTrack": false,
            "DateTimeEnd": "20230625.204628",
            "DateTimeMiddle": "20230625.175428",
            "DateTimeStart": "20230625.154808",
            "MaximumElevation": 80,
            "Object_NORAD": "41860",
            "Object_Name": "GALILEO16",
            "Pass": "SO/NE-CW"
        },
        {
            "AzimuthEnd": 114,
            "AzimuthMiddle": 15,
            "AzimuthStart": 252,
            "CPFSource": "41175_cpf_230623_6741.tjr",
            "CampaignTrack": false,
            "DateTimeEnd": "20230625.235758",
            "DateTimeMiddle": "20230625.212938",
            "DateTimeStart": "20230625.182338",
            "MaximumElevation": 67,
            "Object_NORAD": "41175",
            "Object_Name": "GALILEO11",
            "Pass": "SO/SE-CW"
        },
        {
            "AzimuthEnd": 143,
            "AzimuthMiddle": 50,
            "AzimuthStart": 294,
            "CPFSource": "41315_cpf_230623_6741.tjr",
            "CampaignTrack": false,
            "DateTimeEnd": "20230625.230938",
            "DateTimeMiddle": "20230625.211438",
            "DateTimeStart": "20230625.184408",
            "MaximumElevation": 74,
            "Object_NORAD": "41315",
            "Object_Name": "BEIDOU21",
            "Pass": "NO/SE-CW"
        },
        {
            "AzimuthEnd": 51,
            "AzimuthMiddle": 82,
            "AzimuthStart": 117,
            "CPFSource": "41549_cpf_230623_6741.tjr",
            "CampaignTrack": false,
            "DateTimeEnd": "20230625.231708",
            "DateTimeMiddle": "20230625.221058",
            "DateTimeStart": "20230625.210538",
            "MaximumElevation": 50,
            "Object_NORAD": "41549",
            "Object_Name": "GALILEO14",
            "Pass": "SE/NE-CCW"
        },
        {
            "AzimuthEnd": 341,
            "AzimuthMiddle": 341,
            "AzimuthStart": 304,
            "CPFSource": "41859_cpf_230623_6741.tjr",
            "CampaignTrack": false,
            "DateTimeEnd": "20230625.235758",
            "DateTimeMiddle": "20230625.235758",
            "DateTimeStart": "20230625.215628",
            "MaximumElevation": 74,
            "Object_NORAD": "41859",
            "Object_Name": "GALILEO15",
            "Pass": "NO/NO-CW"
        },
        {
            "AzimuthEnd": 112,
            "AzimuthMiddle": 112,
            "AzimuthStart": 165,
            "CPFSource": "40890_cpf_230623_6741.tjr",
            "CampaignTrack": false,
            "DateTimeEnd": "20230625.235758",
            "DateTimeMiddle": "20230625.235758",
            "DateTimeStart": "20230625.220818",
            "MaximumElevation": 76,
            "Object_NORAD": "40890",
            "Object_Name": "GALILEO10",
            "Pass": "SE/SE-CCW"
        },
        {
            "AzimuthEnd": 291,
            "AzimuthMiddle": 291,
            "AzimuthStart": 316,
            "CPFSource": "43001_cpf_230623_6741.tjr",
            "CampaignTrack": false,
            "DateTimeEnd": "20230625.235758",
            "DateTimeMiddle": "20230625.235758",
            "DateTimeStart": "20230625.223358",
            "MaximumElevation": 67,
            "Object_NORAD": "43001",
            "Object_Name": "BEIDOU24",
            "Pass": "NO/NO-CCW"
        }
    ]
}
