{
    "CreationDateTime": "20220208.110035",
    "PredictionsArray": [
        {
            "AzimuthEnd": 58,
            "AzimuthMiddle": 129,
            "AzimuthStart": 205,
            "CPFSource": "16908_cpf_220208_5390.sdg",
            "CampaignTrack": false,
            "DateTimeEnd": "20220208.163029",
            "DateTimeMiddle": "20220208.162129",
            "DateTimeStart": "20220208.161229",
            "MaximumElevation": 51,
            "Object_NORAD": "16908",
            "Object_Name": "AJISAI",
            "Pass": "SO/NE-CCW"
        },
        {
            "AzimuthEnd": 49,
            "AzimuthMiddle": 329,
            "AzimuthStart": 252,
            "CPFSource": "16908_cpf_220208_5390.sdg",
            "CampaignTrack": false,
            "DateTimeEnd": "20220208.183229",
            "DateTimeMiddle": "20220208.182309",
            "DateTimeStart": "20220208.181409",
            "MaximumElevation": 57,
            "Object_NORAD": "16908",
            "Object_Name": "AJISAI",
            "Pass": "SO/NE-CW"
        },
        {
            "AzimuthEnd": 60,
            "AzimuthMiddle": 356,
            "AzimuthStart": 291,
            "CPFSource": "16908_cpf_220208_5390.sdg",
            "CampaignTrack": false,
            "DateTimeEnd": "20220208.203518",
            "DateTimeMiddle": "20220208.202648",
            "DateTimeStart": "20220208.201828",
            "MaximumElevation": 34,
            "Object_NORAD": "16908",
            "Object_Name": "AJISAI",
            "Pass": "NO/NE-CW"
        },
        {
            "AzimuthEnd": 93,
            "AzimuthMiddle": 21,
            "AzimuthStart": 309,
            "CPFSource": "16908_cpf_220208_5390.sdg",
            "CampaignTrack": false,
            "DateTimeEnd": "20220208.223938",
            "DateTimeMiddle": "20220208.223038",
            "DateTimeStart": "20220208.222148",
            "MaximumElevation": 45,
            "Object_NORAD": "16908",
            "Object_Name": "AJISAI",
            "Pass": "NO/SE-CW"
        },
        {
            "AzimuthEnd": 138,
            "AzimuthMiddle": 225,
            "AzimuthStart": 306,
            "CPFSource": "16908_cpf_220208_5390.sdg",
            "CampaignTrack": false,
            "DateTimeEnd": "20220209.004228",
            "DateTimeMiddle": "20220209.003258",
            "DateTimeStart": "20220209.002348",
            "MaximumElevation": 76,
            "Object_NORAD": "16908",
            "Object_Name": "AJISAI",
            "Pass": "NO/SE-CCW"
        },
        {
            "AzimuthEnd": 65,
            "AzimuthMiddle": 127,
            "AzimuthStart": 187,
            "CPFSource": "16908_cpf_220208_5390.sdg",
            "CampaignTrack": false,
            "DateTimeEnd": "20220209.153548",
            "DateTimeMiddle": "20220209.152728",
            "DateTimeStart": "20220209.151928",
            "MaximumElevation": 33,
            "Object_NORAD": "16908",
            "Object_Name": "AJISAI",
            "Pass": "SO/NE-CCW"
        },
        {
            "AzimuthEnd": 50,
            "AzimuthMiddle": 324,
            "AzimuthStart": 238,
            "CPFSource": "16908_cpf_220208_5390.sdg",
            "CampaignTrack": false,
            "DateTimeEnd": "20220209.173818",
            "DateTimeMiddle": "20220209.172848",
            "DateTimeStart": "20220209.171928",
            "MaximumElevation": 75,
            "Object_NORAD": "16908",
            "Object_Name": "AJISAI",
            "Pass": "SO/NE-CW"
        },
        {
            "AzimuthEnd": 54,
            "AzimuthMiddle": 346,
            "AzimuthStart": 280,
            "CPFSource": "16908_cpf_220208_5390.sdg",
            "CampaignTrack": false,
            "DateTimeEnd": "20220209.194028",
            "DateTimeMiddle": "20220209.193148",
            "DateTimeStart": "20220209.192318",
            "MaximumElevation": 37,
            "Object_NORAD": "16908",
            "Object_Name": "AJISAI",
            "Pass": "NO/NE-CW"
        },
        {
            "AzimuthEnd": 81,
            "AzimuthMiddle": 12,
            "AzimuthStart": 306,
            "CPFSource": "16908_cpf_220208_5390.sdg",
            "CampaignTrack": false,
            "DateTimeEnd": "20220209.214428",
            "DateTimeMiddle": "20220209.213548",
            "DateTimeStart": "20220209.212718",
            "MaximumElevation": 38,
            "Object_NORAD": "16908",
            "Object_Name": "AJISAI",
            "Pass": "NO/NE-CW"
        },
        {
            "AzimuthEnd": 124,
            "AzimuthMiddle": 34,
            "AzimuthStart": 308,
            "CPFSource": "16908_cpf_220208_5390.sdg",
            "CampaignTrack": false,
            "DateTimeEnd": "20220209.234818",
            "DateTimeMiddle": "20220209.233848",
            "DateTimeStart": "20220209.232928",
            "MaximumElevation": 79,
            "Object_NORAD": "16908",
            "Object_Name": "AJISAI",
            "Pass": "NO/SE-CW"
        },
        {
            "AzimuthEnd": 174,
            "AzimuthMiddle": 234,
            "AzimuthStart": 292,
            "CPFSource": "16908_cpf_220208_5390.sdg",
            "CampaignTrack": false,
            "DateTimeEnd": "20220210.014758",
            "DateTimeMiddle": "20220210.013958",
            "DateTimeStart": "20220210.013208",
            "MaximumElevation": 31,
            "Object_NORAD": "16908",
            "Object_Name": "AJISAI",
            "Pass": "NO/SE-CCW"
        },
        {
            "AzimuthEnd": 76,
            "AzimuthMiddle": 122,
            "AzimuthStart": 167,
            "CPFSource": "16908_cpf_220208_5390.sdg",
            "CampaignTrack": false,
            "DateTimeEnd": "20220210.144028",
            "DateTimeMiddle": "20220210.143348",
            "DateTimeStart": "20220210.142718",
            "MaximumElevation": 20,
            "Object_NORAD": "16908",
            "Object_Name": "AJISAI",
            "Pass": "SE/NE-CCW"
        },
        {
            "AzimuthEnd": 53,
            "AzimuthMiddle": 132,
            "AzimuthStart": 223,
            "CPFSource": "16908_cpf_220208_5390.sdg",
            "CampaignTrack": false,
            "DateTimeEnd": "20220210.164358",
            "DateTimeMiddle": "20220210.163438",
            "DateTimeStart": "20220210.162518",
            "MaximumElevation": 80,
            "Object_NORAD": "16908",
            "Object_Name": "AJISAI",
            "Pass": "SO/NE-CCW"
        },
        {
            "AzimuthEnd": 51,
            "AzimuthMiddle": 340,
            "AzimuthStart": 268,
            "CPFSource": "16908_cpf_220208_5390.sdg",
            "CampaignTrack": false,
            "DateTimeEnd": "20220210.184558",
            "DateTimeMiddle": "20220210.183708",
            "DateTimeStart": "20220210.182818",
            "MaximumElevation": 43,
            "Object_NORAD": "16908",
            "Object_Name": "AJISAI",
            "Pass": "SO/NE-CW"
        },
        {
            "AzimuthEnd": 70,
            "AzimuthMiddle": 5,
            "AzimuthStart": 301,
            "CPFSource": "16908_cpf_220208_5390.sdg",
            "CampaignTrack": false,
            "DateTimeEnd": "20220210.204928",
            "DateTimeMiddle": "20220210.204058",
            "DateTimeStart": "20220210.203238",
            "MaximumElevation": 34,
            "Object_NORAD": "16908",
            "Object_Name": "AJISAI",
            "Pass": "NO/NE-CW"
        },
        {
            "AzimuthEnd": 109,
            "AzimuthMiddle": 30,
            "AzimuthStart": 310,
            "CPFSource": "16908_cpf_220208_5390.sdg",
            "CampaignTrack": false,
            "DateTimeEnd": "20220210.225348",
            "DateTimeMiddle": "20220210.224428",
            "DateTimeStart": "20220210.223518",
            "MaximumElevation": 59,
            "Object_NORAD": "16908",
            "Object_Name": "AJISAI",
            "Pass": "NO/SE-CW"
        }
    ]
}
