{
    "CreationDateTime": "20220622.065652",
    "PredictionsArray": [
        {
            "AzimuthEnd": 203,
            "AzimuthMiddle": 284,
            "AzimuthStart": 9,
            "CPFSource": "41579_cpf_220622_6731.tjr",
            "CampaignTrack": false,
            "DateTimeEnd": "20220622.073431",
            "DateTimeMiddle": "20220622.072821",
            "DateTimeStart": "20220622.072211",
            "MaximumElevation": 72,
            "Object_NORAD": "41579",
            "Object_Name": "COSMOS2517",
            "Pass": "NE/SO-CW"
        },
        {
            "AzimuthEnd": 351,
            "AzimuthMiddle": 87,
            "AzimuthStart": 162,
            "CPFSource": "42829_cpf_220622_6731.tjr",
            "CampaignTrack": false,
            "DateTimeEnd": "20220622.074801",
            "DateTimeMiddle": "20220622.074331",
            "DateTimeStart": "20220622.073921",
            "MaximumElevation": 75,
            "Object_NORAD": "42829",
            "Object_Name": "TECHNOSAT",
            "Pass": "SE/NO-CW"
        },
        {
            "AzimuthEnd": 238,
            "AzimuthMiddle": 295,
            "AzimuthStart": 349,
            "CPFSource": "37781_cpf_220622_6731.tjr",
            "CampaignTrack": false,
            "DateTimeEnd": "20220622.075741",
            "DateTimeMiddle": "20220622.075221",
            "DateTimeStart": "20220622.074721",
            "MaximumElevation": 26,
            "Object_NORAD": "37781",
            "Object_Name": "HAIYANG2A",
            "Pass": "NO/SO-CCW"
        },
        {
            "AzimuthEnd": 239,
            "AzimuthMiddle": 294,
            "AzimuthStart": 349,
            "CPFSource": "43655_cpf_220622_6731.tjr",
            "CampaignTrack": false,
            "DateTimeEnd": "20220622.080901",
            "DateTimeMiddle": "20220622.080351",
            "DateTimeStart": "20220622.075851",
            "MaximumElevation": 26,
            "Object_NORAD": "43655",
            "Object_Name": "HAIYANG2B",
            "Pass": "NO/SO-CCW"
        },
        {
            "AzimuthEnd": 345,
            "AzimuthMiddle": 267,
            "AzimuthStart": 198,
            "CPFSource": "43476_cpf_220622_6731.tjr",
            "CampaignTrack": false,
            "DateTimeEnd": "20220622.092251",
            "DateTimeMiddle": "20220622.091901",
            "DateTimeStart": "20220622.091531",
            "MaximumElevation": 41,
            "Object_NORAD": "43476",
            "Object_Name": "GRACEFO1",
            "Pass": "SO/NO-CW"
        },
        {
            "AzimuthEnd": 344,
            "AzimuthMiddle": 271,
            "AzimuthStart": 199,
            "CPFSource": "43477_cpf_220622_6731.tjr",
            "CampaignTrack": false,
            "DateTimeEnd": "20220622.092311",
            "DateTimeMiddle": "20220622.091931",
            "DateTimeStart": "20220622.091601",
            "MaximumElevation": 40,
            "Object_NORAD": "43477",
            "Object_Name": "GRACEFO2",
            "Pass": "SO/NO-CW"
        },
        {
            "AzimuthEnd": 160,
            "AzimuthMiddle": 96,
            "AzimuthStart": 34,
            "CPFSource": "41335_cpf_220622_6731.tjr",
            "CampaignTrack": false,
            "DateTimeEnd": "20220622.100751",
            "DateTimeMiddle": "20220622.100251",
            "DateTimeStart": "20220622.095811",
            "MaximumElevation": 30,
            "Object_NORAD": "41335",
            "Object_Name": "SENTINEL3A",
            "Pass": "NE/SE-CW"
        },
        {
            "AzimuthEnd": 15,
            "AzimuthMiddle": 68,
            "AzimuthStart": 125,
            "CPFSource": "51288_cpf_220622_6731.tjr",
            "CampaignTrack": false,
            "DateTimeEnd": "20220622.101051",
            "DateTimeMiddle": "20220622.100731",
            "DateTimeStart": "20220622.100411",
            "MaximumElevation": 23,
            "Object_NORAD": "51288",
            "Object_Name": "ELSAD-C",
            "Pass": "SE/NE-CCW"
        },
        {
            "AzimuthEnd": 5,
            "AzimuthMiddle": 73,
            "AzimuthStart": 140,
            "CPFSource": "47944_cpf_220622_6731.tjr",
            "CampaignTrack": false,
            "DateTimeEnd": "20220622.102641",
            "DateTimeMiddle": "20220622.102251",
            "DateTimeStart": "20220622.101911",
            "MaximumElevation": 35,
            "Object_NORAD": "47944",
            "Object_Name": "ELSAD",
            "Pass": "SE/NE-CCW"
        },
        {
            "AzimuthEnd": 174,
            "AzimuthMiddle": 97,
            "AzimuthStart": 24,
            "CPFSource": "43798_cpf_220622_6731.tjr",
            "CampaignTrack": false,
            "DateTimeEnd": "20220622.103401",
            "DateTimeMiddle": "20220622.102951",
            "DateTimeStart": "20220622.102551",
            "MaximumElevation": 47,
            "Object_NORAD": "43798",
            "Object_Name": "ASTROCSTP1",
            "Pass": "NE/SE-CW"
        },
        {
            "AzimuthEnd": 208,
            "AzimuthMiddle": 279,
            "AzimuthStart": 359,
            "CPFSource": "44083_cpf_220622_6731.tjr",
            "CampaignTrack": false,
            "DateTimeEnd": "20220622.103451",
            "DateTimeMiddle": "20220622.103111",
            "DateTimeStart": "20220622.102731",
            "MaximumElevation": 47,
            "Object_NORAD": "44083",
            "Object_Name": "ASTROCSTP2",
            "Pass": "NO/SO-CCW"
        },
        {
            "AzimuthEnd": 6,
            "AzimuthMiddle": 73,
            "AzimuthStart": 136,
            "CPFSource": "43186_cpf_220622_6731.tjr",
            "CampaignTrack": false,
            "DateTimeEnd": "20220622.104541",
            "DateTimeMiddle": "20220622.104141",
            "DateTimeStart": "20220622.103801",
            "MaximumElevation": 32,
            "Object_NORAD": "43186",
            "Object_Name": "SNETD",
            "Pass": "SE/NE-CCW"
        },
        {
            "AzimuthEnd": 6,
            "AzimuthMiddle": 74,
            "AzimuthStart": 137,
            "CPFSource": "43187_cpf_220622_6731.tjr",
            "CampaignTrack": false,
            "DateTimeEnd": "20220622.104551",
            "DateTimeMiddle": "20220622.104151",
            "DateTimeStart": "20220622.103811",
            "MaximumElevation": 33,
            "Object_NORAD": "43187",
            "Object_Name": "SNETB",
            "Pass": "SE/NE-CCW"
        },
        {
            "AzimuthEnd": 6,
            "AzimuthMiddle": 71,
            "AzimuthStart": 137,
            "CPFSource": "43188_cpf_220622_6731.tjr",
            "CampaignTrack": false,
            "DateTimeEnd": "20220622.104621",
            "DateTimeMiddle": "20220622.104221",
            "DateTimeStart": "20220622.103831",
            "MaximumElevation": 33,
            "Object_NORAD": "43188",
            "Object_Name": "SNETA",
            "Pass": "SE/NE-CCW"
        },
        {
            "AzimuthEnd": 5,
            "AzimuthMiddle": 71,
            "AzimuthStart": 138,
            "CPFSource": "43189_cpf_220622_6731.tjr",
            "CampaignTrack": false,
            "DateTimeEnd": "20220622.104721",
            "DateTimeMiddle": "20220622.104321",
            "DateTimeStart": "20220622.103931",
            "MaximumElevation": 34,
            "Object_NORAD": "43189",
            "Object_Name": "SNETC",
            "Pass": "SE/NE-CCW"
        },
        {
            "AzimuthEnd": 203,
            "AzimuthMiddle": 279,
            "AzimuthStart": 7,
            "CPFSource": "43437_cpf_220622_6731.tjr",
            "CampaignTrack": false,
            "DateTimeEnd": "20220622.110921",
            "DateTimeMiddle": "20220622.110401",
            "DateTimeStart": "20220622.105831",
            "MaximumElevation": 67,
            "Object_NORAD": "43437",
            "Object_Name": "SENTINEL3B",
            "Pass": "NE/SO-CW"
        },
        {
            "AzimuthEnd": 140,
            "AzimuthMiddle": 61,
            "AzimuthStart": 336,
            "CPFSource": "46984_cpf_220622_6731.tjr",
            "CampaignTrack": false,
            "DateTimeEnd": "20220622.112131",
            "DateTimeMiddle": "20220622.111311",
            "DateTimeStart": "20220622.110441",
            "MaximumElevation": 64,
            "Object_NORAD": "46984",
            "Object_Name": "SENTINEL6A",
            "Pass": "NO/SE-CW"
        },
        {
            "AzimuthEnd": 232,
            "AzimuthMiddle": 291,
            "AzimuthStart": 350,
            "CPFSource": "41335_cpf_220622_6731.tjr",
            "CampaignTrack": false,
            "DateTimeEnd": "20220622.114711",
            "DateTimeMiddle": "20220622.114231",
            "DateTimeStart": "20220622.113751",
            "MaximumElevation": 28,
            "Object_NORAD": "41335",
            "Object_Name": "SENTINEL3A",
            "Pass": "NO/SO-CCW"
        },
        {
            "AzimuthEnd": 317,
            "AzimuthMiddle": 263,
            "AzimuthStart": 213,
            "CPFSource": "51288_cpf_220622_6731.tjr",
            "CampaignTrack": false,
            "DateTimeEnd": "20220622.114511",
            "DateTimeMiddle": "20220622.114151",
            "DateTimeStart": "20220622.113851",
            "MaximumElevation": 20,
            "Object_NORAD": "51288",
            "Object_Name": "ELSAD-C",
            "Pass": "SO/NO-CW"
        },
        {
            "AzimuthEnd": 202,
            "AzimuthMiddle": 255,
            "AzimuthStart": 308,
            "CPFSource": "46984_cpf_220622_6731.tjr",
            "CampaignTrack": false,
            "DateTimeEnd": "20220622.131501",
            "DateTimeMiddle": "20220622.130821",
            "DateTimeStart": "20220622.130141",
            "MaximumElevation": 25,
            "Object_NORAD": "46984",
            "Object_Name": "SENTINEL6A",
            "Pass": "NO/SO-CCW"
        },
        {
            "AzimuthEnd": 171,
            "AzimuthMiddle": 97,
            "AzimuthStart": 26,
            "CPFSource": "48900_cpf_220622_6731.tjr",
            "CampaignTrack": false,
            "DateTimeEnd": "20220622.143541",
            "DateTimeMiddle": "20220622.143151",
            "DateTimeStart": "20220622.142811",
            "MaximumElevation": 41,
            "Object_NORAD": "48900",
            "Object_Name": "TUBIN",
            "Pass": "NE/SE-CW"
        },
        {
            "AzimuthEnd": 88,
            "AzimuthMiddle": 134,
            "AzimuthStart": 179,
            "CPFSource": "1328_cpf_220622_6731.tjr",
            "CampaignTrack": false,
            "DateTimeEnd": "20220622.155110",
            "DateTimeMiddle": "20220622.154530",
            "DateTimeStart": "20220622.154020",
            "MaximumElevation": 20,
            "Object_NORAD": "1328",
            "Object_Name": "EXPLORER27",
            "Pass": "SE/NE-CCW"
        },
        {
            "AzimuthEnd": 6,
            "AzimuthMiddle": 67,
            "AzimuthStart": 125,
            "CPFSource": "41579_cpf_220622_6731.tjr",
            "CampaignTrack": false,
            "DateTimeEnd": "20220622.172810",
            "DateTimeMiddle": "20220622.172240",
            "DateTimeStart": "20220622.171730",
            "MaximumElevation": 29,
            "Object_NORAD": "41579",
            "Object_Name": "COSMOS2517",
            "Pass": "SE/NE-CCW"
        },
        {
            "AzimuthEnd": 69,
            "AzimuthMiddle": 147,
            "AzimuthStart": 230,
            "CPFSource": "1328_cpf_220622_6731.tjr",
            "CampaignTrack": false,
            "DateTimeEnd": "20220622.174650",
            "DateTimeMiddle": "20220622.173830",
            "DateTimeStart": "20220622.173100",
            "MaximumElevation": 66,
            "Object_NORAD": "1328",
            "Object_Name": "EXPLORER27",
            "Pass": "SO/NE-CCW"
        },
        {
            "AzimuthEnd": 346,
            "AzimuthMiddle": 106,
            "AzimuthStart": 163,
            "CPFSource": "37781_cpf_220622_6731.tjr",
            "CampaignTrack": false,
            "DateTimeEnd": "20220622.175620",
            "DateTimeMiddle": "20220622.174950",
            "DateTimeStart": "20220622.174340",
            "MaximumElevation": 87,
            "Object_NORAD": "37781",
            "Object_Name": "HAIYANG2A",
            "Pass": "SE/NO-CW"
        },
        {
            "AzimuthEnd": 346,
            "AzimuthMiddle": 54,
            "AzimuthStart": 163,
            "CPFSource": "43655_cpf_220622_6731.tjr",
            "CampaignTrack": false,
            "DateTimeEnd": "20220622.180730",
            "DateTimeMiddle": "20220622.180110",
            "DateTimeStart": "20220622.175500",
            "MaximumElevation": 86,
            "Object_NORAD": "43655",
            "Object_Name": "HAIYANG2B",
            "Pass": "SE/NO-CW"
        },
        {
            "AzimuthEnd": 331,
            "AzimuthMiddle": 264,
            "AzimuthStart": 194,
            "CPFSource": "31698_cpf_220622_6731.tjr",
            "CampaignTrack": false,
            "DateTimeEnd": "20220622.183640",
            "DateTimeMiddle": "20220622.183300",
            "DateTimeStart": "20220622.182930",
            "MaximumElevation": 34,
            "Object_NORAD": "31698",
            "Object_Name": "TERRASARX",
            "Pass": "SO/NO-CW"
        },
        {
            "AzimuthEnd": 330,
            "AzimuthMiddle": 263,
            "AzimuthStart": 194,
            "CPFSource": "36605_cpf_220622_6731.tjr",
            "CampaignTrack": false,
            "DateTimeEnd": "20220622.183640",
            "DateTimeMiddle": "20220622.183300",
            "DateTimeStart": "20220622.182930",
            "MaximumElevation": 34,
            "Object_NORAD": "36605",
            "Object_Name": "TANDEMX",
            "Pass": "SO/NO-CW"
        },
        {
            "AzimuthEnd": 330,
            "AzimuthMiddle": 260,
            "AzimuthStart": 194,
            "CPFSource": "41579_cpf_220622_6731.tjr",
            "CampaignTrack": false,
            "DateTimeEnd": "20220622.191050",
            "DateTimeMiddle": "20220622.190500",
            "DateTimeStart": "20220622.185930",
            "MaximumElevation": 37,
            "Object_NORAD": "41579",
            "Object_Name": "COSMOS2517",
            "Pass": "SO/NO-CW"
        },
        {
            "AzimuthEnd": 72,
            "AzimuthMiddle": 352,
            "AzimuthStart": 265,
            "CPFSource": "1328_cpf_220622_6731.tjr",
            "CampaignTrack": false,
            "DateTimeEnd": "20220622.194110",
            "DateTimeMiddle": "20220622.193240",
            "DateTimeStart": "20220622.192440",
            "MaximumElevation": 68,
            "Object_NORAD": "1328",
            "Object_Name": "EXPLORER27",
            "Pass": "SO/NE-CW"
        },
        {
            "AzimuthEnd": 182,
            "AzimuthMiddle": 7,
            "AzimuthStart": 1,
            "CPFSource": "43476_cpf_220622_6731.tjr",
            "CampaignTrack": false,
            "DateTimeEnd": "20220622.205240",
            "DateTimeMiddle": "20220622.204840",
            "DateTimeStart": "20220622.204450",
            "MaximumElevation": 87,
            "Object_NORAD": "43476",
            "Object_Name": "GRACEFO1",
            "Pass": "NE/SO-CW"
        },
        {
            "AzimuthEnd": 182,
            "AzimuthMiddle": 210,
            "AzimuthStart": 0,
            "CPFSource": "43477_cpf_220622_6731.tjr",
            "CampaignTrack": false,
            "DateTimeEnd": "20220622.205310",
            "DateTimeMiddle": "20220622.204910",
            "DateTimeStart": "20220622.204520",
            "MaximumElevation": 88,
            "Object_NORAD": "43477",
            "Object_Name": "GRACEFO2",
            "Pass": "N/SO-CW"
        },
        {
            "AzimuthEnd": 217,
            "AzimuthMiddle": 286,
            "AzimuthStart": 354,
            "CPFSource": "42829_cpf_220622_6731.tjr",
            "CampaignTrack": false,
            "DateTimeEnd": "20220622.210830",
            "DateTimeMiddle": "20220622.210420",
            "DateTimeStart": "20220622.210020",
            "MaximumElevation": 37,
            "Object_NORAD": "42829",
            "Object_Name": "TECHNOSAT",
            "Pass": "NO/SO-CCW"
        },
        {
            "AzimuthEnd": 3,
            "AzimuthMiddle": 75,
            "AzimuthStart": 143,
            "CPFSource": "44083_cpf_220622_6731.tjr",
            "CampaignTrack": false,
            "DateTimeEnd": "20220622.210800",
            "DateTimeMiddle": "20220622.210420",
            "DateTimeStart": "20220622.210100",
            "MaximumElevation": 37,
            "Object_NORAD": "44083",
            "Object_Name": "ASTROCSTP2",
            "Pass": "SE/NE-CCW"
        },
        {
            "AzimuthEnd": 17,
            "AzimuthMiddle": 71,
            "AzimuthStart": 120,
            "CPFSource": "43798_cpf_220622_6731.tjr",
            "CampaignTrack": false,
            "DateTimeEnd": "20220622.211850",
            "DateTimeMiddle": "20220622.211520",
            "DateTimeStart": "20220622.211210",
            "MaximumElevation": 21,
            "Object_NORAD": "43798",
            "Object_Name": "ASTROCSTP1",
            "Pass": "SE/NE-CCW"
        },
        {
            "AzimuthEnd": 3,
            "AzimuthMiddle": 69,
            "AzimuthStart": 137,
            "CPFSource": "41335_cpf_220622_6731.tjr",
            "CampaignTrack": false,
            "DateTimeEnd": "20220622.212510",
            "DateTimeMiddle": "20220622.212010",
            "DateTimeStart": "20220622.211510",
            "MaximumElevation": 37,
            "Object_NORAD": "41335",
            "Object_Name": "SENTINEL3A",
            "Pass": "SE/NE-CCW"
        },
        {
            "AzimuthEnd": 92,
            "AzimuthMiddle": 8,
            "AzimuthStart": 286,
            "CPFSource": "1328_cpf_220622_6731.tjr",
            "CampaignTrack": false,
            "DateTimeEnd": "20220622.213600",
            "DateTimeMiddle": "20220622.212720",
            "DateTimeStart": "20220622.211910",
            "MaximumElevation": 67,
            "Object_NORAD": "1328",
            "Object_Name": "EXPLORER27",
            "Pass": "NO/SE-CW"
        },
        {
            "AzimuthEnd": 338,
            "AzimuthMiddle": 261,
            "AzimuthStart": 180,
            "CPFSource": "43437_cpf_220622_6731.tjr",
            "CampaignTrack": false,
            "DateTimeEnd": "20220622.222630",
            "DateTimeMiddle": "20220622.222100",
            "DateTimeStart": "20220622.221540",
            "MaximumElevation": 55,
            "Object_NORAD": "43437",
            "Object_Name": "SENTINEL3B",
            "Pass": "S/NO-CW"
        },
        {
            "AzimuthEnd": 322,
            "AzimuthMiddle": 265,
            "AzimuthStart": 207,
            "CPFSource": "43798_cpf_220622_6731.tjr",
            "CampaignTrack": false,
            "DateTimeEnd": "20220622.225410",
            "DateTimeMiddle": "20220622.225030",
            "DateTimeStart": "20220622.224700",
            "MaximumElevation": 25,
            "Object_NORAD": "43798",
            "Object_Name": "ASTROCSTP1",
            "Pass": "SO/NO-CW"
        },
        {
            "AzimuthEnd": 319,
            "AzimuthMiddle": 263,
            "AzimuthStart": 211,
            "CPFSource": "41335_cpf_220622_6731.tjr",
            "CampaignTrack": false,
            "DateTimeEnd": "20220622.230420",
            "DateTimeMiddle": "20220622.225950",
            "DateTimeStart": "20220622.225540",
            "MaximumElevation": 23,
            "Object_NORAD": "41335",
            "Object_Name": "SENTINEL3A",
            "Pass": "SO/NO-CW"
        },
        {
            "AzimuthEnd": 125,
            "AzimuthMiddle": 211,
            "AzimuthStart": 290,
            "CPFSource": "1328_cpf_220622_6731.tjr",
            "CampaignTrack": false,
            "DateTimeEnd": "20220622.233010",
            "DateTimeMiddle": "20220622.232140",
            "DateTimeStart": "20220622.231320",
            "MaximumElevation": 72,
            "Object_NORAD": "1328",
            "Object_Name": "EXPLORER27",
            "Pass": "NO/SE-CCW"
        },
        {
            "AzimuthEnd": 177,
            "AzimuthMiddle": 101,
            "AzimuthStart": 22,
            "CPFSource": "51288_cpf_220622_6731.tjr",
            "CampaignTrack": false,
            "DateTimeEnd": "20220622.232330",
            "DateTimeMiddle": "20220622.231930",
            "DateTimeStart": "20220622.231540",
            "MaximumElevation": 49,
            "Object_NORAD": "51288",
            "Object_Name": "ELSAD-C",
            "Pass": "NE/SE-CW"
        },
        {
            "AzimuthEnd": 190,
            "AzimuthMiddle": 107,
            "AzimuthStart": 13,
            "CPFSource": "47944_cpf_220622_6731.tjr",
            "CampaignTrack": false,
            "DateTimeEnd": "20220622.233910",
            "DateTimeMiddle": "20220622.233510",
            "DateTimeStart": "20220622.233110",
            "MaximumElevation": 83,
            "Object_NORAD": "47944",
            "Object_Name": "ELSAD",
            "Pass": "NE/SO-CW"
        },
        {
            "AzimuthEnd": 191,
            "AzimuthMiddle": 127,
            "AzimuthStart": 12,
            "CPFSource": "43186_cpf_220622_6731.tjr",
            "CampaignTrack": false,
            "DateTimeEnd": "20220623.000340",
            "DateTimeMiddle": "20220622.235920",
            "DateTimeStart": "20220622.235500",
            "MaximumElevation": 84,
            "Object_NORAD": "43186",
            "Object_Name": "SNETD",
            "Pass": "NE/SO-CW"
        },
        {
            "AzimuthEnd": 191,
            "AzimuthMiddle": 119,
            "AzimuthStart": 12,
            "CPFSource": "43187_cpf_220622_6731.tjr",
            "CampaignTrack": false,
            "DateTimeEnd": "20220623.000350",
            "DateTimeMiddle": "20220622.235930",
            "DateTimeStart": "20220622.235510",
            "MaximumElevation": 85,
            "Object_NORAD": "43187",
            "Object_Name": "SNETB",
            "Pass": "NE/SO-CW"
        },
        {
            "AzimuthEnd": 191,
            "AzimuthMiddle": 76,
            "AzimuthStart": 12,
            "CPFSource": "43188_cpf_220622_6731.tjr",
            "CampaignTrack": false,
            "DateTimeEnd": "20220623.000410",
            "DateTimeMiddle": "20220622.235950",
            "DateTimeStart": "20220622.235540",
            "MaximumElevation": 85,
            "Object_NORAD": "43188",
            "Object_Name": "SNETA",
            "Pass": "NE/SO-CW"
        },
        {
            "AzimuthEnd": 192,
            "AzimuthMiddle": 30,
            "AzimuthStart": 12,
            "CPFSource": "43189_cpf_220622_6731.tjr",
            "CampaignTrack": false,
            "DateTimeEnd": "20220623.000510",
            "DateTimeMiddle": "20220623.000050",
            "DateTimeStart": "20220622.235640",
            "MaximumElevation": 87,
            "Object_NORAD": "43189",
            "Object_Name": "SNETC",
            "Pass": "NE/SO-CW"
        },
        {
            "AzimuthEnd": 170,
            "AzimuthMiddle": 223,
            "AzimuthStart": 275,
            "CPFSource": "1328_cpf_220622_6731.tjr",
            "CampaignTrack": false,
            "DateTimeEnd": "20220623.012140",
            "DateTimeMiddle": "20220623.011500",
            "DateTimeStart": "20220623.010820",
            "MaximumElevation": 25,
            "Object_NORAD": "1328",
            "Object_Name": "EXPLORER27",
            "Pass": "NO/SE-CCW"
        },
        {
            "AzimuthEnd": 33,
            "AzimuthMiddle": 109,
            "AzimuthStart": 193,
            "CPFSource": "46984_cpf_220622_6731.tjr",
            "CampaignTrack": false,
            "DateTimeEnd": "20220623.015010",
            "DateTimeMiddle": "20220623.014150",
            "DateTimeStart": "20220623.013330",
            "MaximumElevation": 66,
            "Object_NORAD": "46984",
            "Object_Name": "SENTINEL6A",
            "Pass": "SO/NE-CCW"
        },
        {
            "AzimuthEnd": 328,
            "AzimuthMiddle": 264,
            "AzimuthStart": 198,
            "CPFSource": "48900_cpf_220622_6731.tjr",
            "CampaignTrack": false,
            "DateTimeEnd": "20220623.024820",
            "DateTimeMiddle": "20220623.024440",
            "DateTimeStart": "20220623.024110",
            "MaximumElevation": 30,
            "Object_NORAD": "48900",
            "Object_Name": "TUBIN",
            "Pass": "SO/NO-CW"
        },
        {
            "AzimuthEnd": 12,
            "AzimuthMiddle": 312,
            "AzimuthStart": 254,
            "CPFSource": "46984_cpf_220622_6731.tjr",
            "CampaignTrack": false,
            "DateTimeEnd": "20220623.034540",
            "DateTimeMiddle": "20220623.033810",
            "DateTimeStart": "20220623.033110",
            "MaximumElevation": 28,
            "Object_NORAD": "46984",
            "Object_Name": "SENTINEL6A",
            "Pass": "SO/NE-CW"
        },
        {
            "AzimuthEnd": 152,
            "AzimuthMiddle": 94,
            "AzimuthStart": 41,
            "CPFSource": "31698_cpf_220622_6731.tjr",
            "CampaignTrack": false,
            "DateTimeEnd": "20220623.060850",
            "DateTimeMiddle": "20220623.060530",
            "DateTimeStart": "20220623.060230",
            "MaximumElevation": 23,
            "Object_NORAD": "31698",
            "Object_Name": "TERRASARX",
            "Pass": "NE/SE-CW"
        },
        {
            "AzimuthEnd": 152,
            "AzimuthMiddle": 97,
            "AzimuthStart": 41,
            "CPFSource": "36605_cpf_220622_6731.tjr",
            "CampaignTrack": false,
            "DateTimeEnd": "20220623.060850",
            "DateTimeMiddle": "20220623.060540",
            "DateTimeStart": "20220623.060230",
            "MaximumElevation": 23,
            "Object_NORAD": "36605",
            "Object_Name": "TANDEMX",
            "Pass": "NE/SE-CW"
        },
        {
            "AzimuthEnd": 186,
            "AzimuthMiddle": 101,
            "AzimuthStart": 18,
            "CPFSource": "37781_cpf_220622_6731.tjr",
            "CampaignTrack": false,
            "DateTimeEnd": "20220623.063840",
            "DateTimeMiddle": "20220623.063220",
            "DateTimeStart": "20220623.062610",
            "MaximumElevation": 68,
            "Object_NORAD": "37781",
            "Object_Name": "HAIYANG2A",
            "Pass": "NE/SO-CW"
        },
        {
            "AzimuthEnd": 186,
            "AzimuthMiddle": 106,
            "AzimuthStart": 19,
            "CPFSource": "43655_cpf_220622_6731.tjr",
            "CampaignTrack": false,
            "DateTimeEnd": "20220623.064940",
            "DateTimeMiddle": "20220623.064320",
            "DateTimeStart": "20220623.063710",
            "MaximumElevation": 67,
            "Object_NORAD": "43655",
            "Object_Name": "HAIYANG2B",
            "Pass": "NE/SO-CW"
        },
        {
            "AzimuthEnd": 212,
            "AzimuthMiddle": 287,
            "AzimuthStart": 4,
            "CPFSource": "41579_cpf_220622_6731.tjr",
            "CampaignTrack": false,
            "DateTimeEnd": "20220623.074930",
            "DateTimeMiddle": "20220623.074330",
            "DateTimeStart": "20220623.073730",
            "MaximumElevation": 53,
            "Object_NORAD": "41579",
            "Object_Name": "COSMOS2517",
            "Pass": "NE/SO-CW"
        },
        {
            "AzimuthEnd": 347,
            "AzimuthMiddle": 245,
            "AzimuthStart": 169,
            "CPFSource": "42829_cpf_220622_6731.tjr",
            "CampaignTrack": false,
            "DateTimeEnd": "20220623.075640",
            "DateTimeMiddle": "20220623.075210",
            "DateTimeStart": "20220623.074800",
            "MaximumElevation": 83,
            "Object_NORAD": "42829",
            "Object_Name": "TECHNOSAT",
            "Pass": "SE/NO-CW"
        },
        {
            "AzimuthEnd": 356,
            "AzimuthMiddle": 270,
            "AzimuthStart": 181,
            "CPFSource": "43476_cpf_220622_6731.tjr",
            "CampaignTrack": false,
            "DateTimeEnd": "20220623.090020",
            "DateTimeMiddle": "20220623.085630",
            "DateTimeStart": "20220623.085250",
            "MaximumElevation": 78,
            "Object_NORAD": "43476",
            "Object_Name": "GRACEFO1",
            "Pass": "SO/NO-CW"
        },
        {
            "AzimuthEnd": 356,
            "AzimuthMiddle": 288,
            "AzimuthStart": 181,
            "CPFSource": "43477_cpf_220622_6731.tjr",
            "CampaignTrack": false,
            "DateTimeEnd": "20220623.090050",
            "DateTimeMiddle": "20220623.085700",
            "DateTimeStart": "20220623.085310",
            "MaximumElevation": 76,
            "Object_NORAD": "43477",
            "Object_Name": "GRACEFO2",
            "Pass": "SO/NO-CW"
        },
        {
            "AzimuthEnd": 96,
            "AzimuthMiddle": 43,
            "AzimuthStart": 350,
            "CPFSource": "46984_cpf_220622_6731.tjr",
            "CampaignTrack": false,
            "DateTimeEnd": "20220623.094540",
            "DateTimeMiddle": "20220623.093850",
            "DateTimeStart": "20220623.093210",
            "MaximumElevation": 23,
            "Object_NORAD": "46984",
            "Object_Name": "SENTINEL6A",
            "Pass": "NO/SE-CW"
        },
        {
            "AzimuthEnd": 187,
            "AzimuthMiddle": 107,
            "AzimuthStart": 15,
            "CPFSource": "44083_cpf_220622_6731.tjr",
            "CampaignTrack": false,
            "DateTimeEnd": "20220623.101040",
            "DateTimeMiddle": "20220623.100700",
            "DateTimeStart": "20220623.100320",
            "MaximumElevation": 73,
            "Object_NORAD": "44083",
            "Object_Name": "ASTROCSTP2",
            "Pass": "NE/SO-CW"
        },
        {
            "AzimuthEnd": 9,
            "AzimuthMiddle": 74,
            "AzimuthStart": 134,
            "CPFSource": "47944_cpf_220622_6731.tjr",
            "CampaignTrack": false,
            "DateTimeEnd": "20220623.102000",
            "DateTimeMiddle": "20220623.101620",
            "DateTimeStart": "20220623.101250",
            "MaximumElevation": 29,
            "Object_NORAD": "47944",
            "Object_Name": "ELSAD",
            "Pass": "SE/NE-CCW"
        },
        {
            "AzimuthEnd": 177,
            "AzimuthMiddle": 100,
            "AzimuthStart": 21,
            "CPFSource": "43798_cpf_220622_6731.tjr",
            "CampaignTrack": false,
            "DateTimeEnd": "20220623.103710",
            "DateTimeMiddle": "20220623.103300",
            "DateTimeStart": "20220623.102850",
            "MaximumElevation": 51,
            "Object_NORAD": "43798",
            "Object_Name": "ASTROCSTP1",
            "Pass": "NE/SE-CW"
        },
        {
            "AzimuthEnd": 185,
            "AzimuthMiddle": 108,
            "AzimuthStart": 18,
            "CPFSource": "43437_cpf_220622_6731.tjr",
            "CampaignTrack": false,
            "DateTimeEnd": "20220623.104340",
            "DateTimeMiddle": "20220623.103810",
            "DateTimeStart": "20220623.103240",
            "MaximumElevation": 68,
            "Object_NORAD": "43437",
            "Object_Name": "SENTINEL3B",
            "Pass": "NE/SO-CW"
        },
        {
            "AzimuthEnd": 4,
            "AzimuthMiddle": 74,
            "AzimuthStart": 139,
            "CPFSource": "43186_cpf_220622_6731.tjr",
            "CampaignTrack": false,
            "DateTimeEnd": "20220623.104840",
            "DateTimeMiddle": "20220623.104430",
            "DateTimeStart": "20220623.104040",
            "MaximumElevation": 35,
            "Object_NORAD": "43186",
            "Object_Name": "SNETD",
            "Pass": "SE/NE-CCW"
        },
        {
            "AzimuthEnd": 4,
            "AzimuthMiddle": 75,
            "AzimuthStart": 140,
            "CPFSource": "43187_cpf_220622_6731.tjr",
            "CampaignTrack": false,
            "DateTimeEnd": "20220623.104850",
            "DateTimeMiddle": "20220623.104440",
            "DateTimeStart": "20220623.104050",
            "MaximumElevation": 36,
            "Object_NORAD": "43187",
            "Object_Name": "SNETB",
            "Pass": "SE/NE-CCW"
        },
        {
            "AzimuthEnd": 4,
            "AzimuthMiddle": 71,
            "AzimuthStart": 139,
            "CPFSource": "43188_cpf_220622_6731.tjr",
            "CampaignTrack": false,
            "DateTimeEnd": "20220623.104910",
            "DateTimeMiddle": "20220623.104510",
            "DateTimeStart": "20220623.104120",
            "MaximumElevation": 36,
            "Object_NORAD": "43188",
            "Object_Name": "SNETA",
            "Pass": "SE/NE-CCW"
        },
        {
            "AzimuthEnd": 4,
            "AzimuthMiddle": 72,
            "AzimuthStart": 140,
            "CPFSource": "43189_cpf_220622_6731.tjr",
            "CampaignTrack": false,
            "DateTimeEnd": "20220623.105010",
            "DateTimeMiddle": "20220623.104610",
            "DateTimeStart": "20220623.104220",
            "MaximumElevation": 37,
            "Object_NORAD": "43189",
            "Object_Name": "SNETC",
            "Pass": "SE/NE-CCW"
        },
        {
            "AzimuthEnd": 212,
            "AzimuthMiddle": 285,
            "AzimuthStart": 2,
            "CPFSource": "41335_cpf_220622_6731.tjr",
            "CampaignTrack": false,
            "DateTimeEnd": "20220623.112210",
            "DateTimeMiddle": "20220623.111650",
            "DateTimeStart": "20220623.111130",
            "MaximumElevation": 50,
            "Object_NORAD": "41335",
            "Object_Name": "SENTINEL3A",
            "Pass": "NE/SO-CW"
        },
        {
            "AzimuthEnd": 157,
            "AzimuthMiddle": 252,
            "AzimuthStart": 329,
            "CPFSource": "46984_cpf_220622_6731.tjr",
            "CampaignTrack": false,
            "DateTimeEnd": "20220623.114420",
            "DateTimeMiddle": "20220623.113540",
            "DateTimeStart": "20220623.112720",
            "MaximumElevation": 82,
            "Object_NORAD": "46984",
            "Object_Name": "SENTINEL6A",
            "Pass": "NO/SE-CCW"
        },
        {
            "AzimuthEnd": 323,
            "AzimuthMiddle": 265,
            "AzimuthStart": 205,
            "CPFSource": "51288_cpf_220622_6731.tjr",
            "CampaignTrack": false,
            "DateTimeEnd": "20220623.113840",
            "DateTimeMiddle": "20220623.113510",
            "DateTimeStart": "20220623.113140",
            "MaximumElevation": 24,
            "Object_NORAD": "51288",
            "Object_Name": "ELSAD-C",
            "Pass": "SO/NO-CW"
        },
        {
            "AzimuthEnd": 160,
            "AzimuthMiddle": 95,
            "AzimuthStart": 35,
            "CPFSource": "48900_cpf_220622_6731.tjr",
            "CampaignTrack": false,
            "DateTimeEnd": "20220623.142310",
            "DateTimeMiddle": "20220623.141930",
            "DateTimeStart": "20220623.141610",
            "MaximumElevation": 28,
            "Object_NORAD": "48900",
            "Object_Name": "TUBIN",
            "Pass": "NE/SE-CW"
        },
        {
            "AzimuthEnd": 71,
            "AzimuthMiddle": 147,
            "AzimuthStart": 221,
            "CPFSource": "1328_cpf_220622_6731.tjr",
            "CampaignTrack": false,
            "DateTimeEnd": "20220623.170200",
            "DateTimeMiddle": "20220623.165400",
            "DateTimeStart": "20220623.164650",
            "MaximumElevation": 53,
            "Object_NORAD": "1328",
            "Object_Name": "EXPLORER27",
            "Pass": "SO/NE-CCW"
        },
        {
            "AzimuthEnd": 1,
            "AzimuthMiddle": 68,
            "AzimuthStart": 135,
            "CPFSource": "41579_cpf_220622_6731.tjr",
            "CampaignTrack": false,
            "DateTimeEnd": "20220623.174340",
            "DateTimeMiddle": "20220623.173750",
            "DateTimeStart": "20220623.173220",
            "MaximumElevation": 38,
            "Object_NORAD": "41579",
            "Object_Name": "COSMOS2517",
            "Pass": "SE/NE-CCW"
        },
        {
            "AzimuthEnd": 338,
            "AzimuthMiddle": 255,
            "AzimuthStart": 178,
            "CPFSource": "37781_cpf_220622_6731.tjr",
            "CampaignTrack": false,
            "DateTimeEnd": "20220623.181850",
            "DateTimeMiddle": "20220623.181230",
            "DateTimeStart": "20220623.180630",
            "MaximumElevation": 60,
            "Object_NORAD": "37781",
            "Object_Name": "HAIYANG2A",
            "Pass": "SE/NO-CW"
        },
        {
            "AzimuthEnd": 341,
            "AzimuthMiddle": 258,
            "AzimuthStart": 178,
            "CPFSource": "31698_cpf_220622_6731.tjr",
            "CampaignTrack": false,
            "DateTimeEnd": "20220623.181950",
            "DateTimeMiddle": "20220623.181550",
            "DateTimeStart": "20220623.181210",
            "MaximumElevation": 61,
            "Object_NORAD": "31698",
            "Object_Name": "TERRASARX",
            "Pass": "SE/NO-CW"
        },
        {
            "AzimuthEnd": 341,
            "AzimuthMiddle": 256,
            "AzimuthStart": 178,
            "CPFSource": "36605_cpf_220622_6731.tjr",
            "CampaignTrack": false,
            "DateTimeEnd": "20220623.181950",
            "DateTimeMiddle": "20220623.181550",
            "DateTimeStart": "20220623.181210",
            "MaximumElevation": 61,
            "Object_NORAD": "36605",
            "Object_Name": "TANDEMX",
            "Pass": "SE/NO-CW"
        },
        {
            "AzimuthEnd": 339,
            "AzimuthMiddle": 255,
            "AzimuthStart": 177,
            "CPFSource": "43655_cpf_220622_6731.tjr",
            "CampaignTrack": false,
            "DateTimeEnd": "20220623.182930",
            "DateTimeMiddle": "20220623.182310",
            "DateTimeStart": "20220623.181710",
            "MaximumElevation": 61,
            "Object_NORAD": "43655",
            "Object_Name": "HAIYANG2B",
            "Pass": "SE/NO-CW"
        },
        {
            "AzimuthEnd": 70,
            "AzimuthMiddle": 349,
            "AzimuthStart": 259,
            "CPFSource": "1328_cpf_220622_6731.tjr",
            "CampaignTrack": false,
            "DateTimeEnd": "20220623.185630",
            "DateTimeMiddle": "20220623.184800",
            "DateTimeStart": "20220623.184010",
            "MaximumElevation": 73,
            "Object_NORAD": "1328",
            "Object_Name": "EXPLORER27",
            "Pass": "SO/NE-CW"
        },
        {
            "AzimuthEnd": 323,
            "AzimuthMiddle": 262,
            "AzimuthStart": 204,
            "CPFSource": "41579_cpf_220622_6731.tjr",
            "CampaignTrack": false,
            "DateTimeEnd": "20220623.192550",
            "DateTimeMiddle": "20220623.192020",
            "DateTimeStart": "20220623.191510",
            "MaximumElevation": 27,
            "Object_NORAD": "41579",
            "Object_Name": "COSMOS2517",
            "Pass": "SO/NO-CW"
        },
        {
            "AzimuthEnd": 165,
            "AzimuthMiddle": 90,
            "AzimuthStart": 13,
            "CPFSource": "43476_cpf_220622_6731.tjr",
            "CampaignTrack": false,
            "DateTimeEnd": "20220623.203000",
            "DateTimeMiddle": "20220623.202610",
            "DateTimeStart": "20220623.202230",
            "MaximumElevation": 48,
            "Object_NORAD": "43476",
            "Object_Name": "GRACEFO1",
            "Pass": "NE/SE-CW"
        },
        {
            "AzimuthEnd": 166,
            "AzimuthMiddle": 85,
            "AzimuthStart": 12,
            "CPFSource": "43477_cpf_220622_6731.tjr",
            "CampaignTrack": false,
            "DateTimeEnd": "20220623.203030",
            "DateTimeMiddle": "20220623.202630",
            "DateTimeStart": "20220623.202250",
            "MaximumElevation": 48,
            "Object_NORAD": "43477",
            "Object_Name": "GRACEFO2",
            "Pass": "NE/SE-CW"
        },
        {
            "AzimuthEnd": 87,
            "AzimuthMiddle": 6,
            "AzimuthStart": 283,
            "CPFSource": "1328_cpf_220622_6731.tjr",
            "CampaignTrack": false,
            "DateTimeEnd": "20220623.205120",
            "DateTimeMiddle": "20220623.204240",
            "DateTimeStart": "20220623.203430",
            "MaximumElevation": 64,
            "Object_NORAD": "1328",
            "Object_Name": "EXPLORER27",
            "Pass": "NO/NE-CW"
        },
        {
            "AzimuthEnd": 14,
            "AzimuthMiddle": 65,
            "AzimuthStart": 116,
            "CPFSource": "41335_cpf_220622_6731.tjr",
            "CampaignTrack": false,
            "DateTimeEnd": "20220623.205850",
            "DateTimeMiddle": "20220623.205430",
            "DateTimeStart": "20220623.205020",
            "MaximumElevation": 22,
            "Object_NORAD": "41335",
            "Object_Name": "SENTINEL3A",
            "Pass": "SE/NE-CCW"
        },
        {
            "AzimuthEnd": 225,
            "AzimuthMiddle": 290,
            "AzimuthStart": 349,
            "CPFSource": "42829_cpf_220622_6731.tjr",
            "CampaignTrack": false,
            "DateTimeEnd": "20220623.211650",
            "DateTimeMiddle": "20220623.211250",
            "DateTimeStart": "20220623.210910",
            "MaximumElevation": 29,
            "Object_NORAD": "42829",
            "Object_Name": "TECHNOSAT",
            "Pass": "NO/SO-CCW"
        },
        {
            "AzimuthEnd": 14,
            "AzimuthMiddle": 70,
            "AzimuthStart": 125,
            "CPFSource": "43798_cpf_220622_6731.tjr",
            "CampaignTrack": false,
            "DateTimeEnd": "20220623.212210",
            "DateTimeMiddle": "20220623.211830",
            "DateTimeStart": "20220623.211500",
            "MaximumElevation": 23,
            "Object_NORAD": "43798",
            "Object_Name": "ASTROCSTP1",
            "Pass": "SE/NE-CCW"
        },
        {
            "AzimuthEnd": 348,
            "AzimuthMiddle": 59,
            "AzimuthStart": 162,
            "CPFSource": "43437_cpf_220622_6731.tjr",
            "CampaignTrack": false,
            "DateTimeEnd": "20220623.220040",
            "DateTimeMiddle": "20220623.215510",
            "DateTimeStart": "20220623.214940",
            "MaximumElevation": 81,
            "Object_NORAD": "43437",
            "Object_Name": "SENTINEL3B",
            "Pass": "SE/NO-CW"
        },
        {
            "AzimuthEnd": 317,
            "AzimuthMiddle": 264,
            "AzimuthStart": 212,
            "CPFSource": "44083_cpf_220622_6731.tjr",
            "CampaignTrack": false,
            "DateTimeEnd": "20220623.221640",
            "DateTimeMiddle": "20220623.221340",
            "DateTimeStart": "20220623.221050",
            "MaximumElevation": 21,
            "Object_NORAD": "44083",
            "Object_Name": "ASTROCSTP2",
            "Pass": "SO/NO-CW"
        },
        {
            "AzimuthEnd": 117,
            "AzimuthMiddle": 203,
            "AzimuthStart": 290,
            "CPFSource": "1328_cpf_220622_6731.tjr",
            "CampaignTrack": false,
            "DateTimeEnd": "20220623.224550",
            "DateTimeMiddle": "20220623.223710",
            "DateTimeStart": "20220623.222840",
            "MaximumElevation": 83,
            "Object_NORAD": "1328",
            "Object_Name": "EXPLORER27",
            "Pass": "NO/SE-CCW"
        },
        {
            "AzimuthEnd": 332,
            "AzimuthMiddle": 258,
            "AzimuthStart": 190,
            "CPFSource": "41335_cpf_220622_6731.tjr",
            "CampaignTrack": false,
            "DateTimeEnd": "20220623.223910",
            "DateTimeMiddle": "20220623.223350",
            "DateTimeStart": "20220623.222850",
            "MaximumElevation": 41,
            "Object_NORAD": "41335",
            "Object_Name": "SENTINEL3A",
            "Pass": "SO/NO-CW"
        },
        {
            "AzimuthEnd": 320,
            "AzimuthMiddle": 266,
            "AzimuthStart": 209,
            "CPFSource": "43798_cpf_220622_6731.tjr",
            "CampaignTrack": false,
            "DateTimeEnd": "20220623.225710",
            "DateTimeMiddle": "20220623.225340",
            "DateTimeStart": "20220623.225010",
            "MaximumElevation": 23,
            "Object_NORAD": "43798",
            "Object_Name": "ASTROCSTP1",
            "Pass": "SO/NO-CW"
        },
        {
            "AzimuthEnd": 170,
            "AzimuthMiddle": 98,
            "AzimuthStart": 27,
            "CPFSource": "51288_cpf_220622_6731.tjr",
            "CampaignTrack": false,
            "DateTimeEnd": "20220623.231630",
            "DateTimeMiddle": "20220623.231240",
            "DateTimeStart": "20220623.230900",
            "MaximumElevation": 40,
            "Object_NORAD": "51288",
            "Object_Name": "ELSAD-C",
            "Pass": "NE/SE-CW"
        },
        {
            "AzimuthEnd": 185,
            "AzimuthMiddle": 98,
            "AzimuthStart": 17,
            "CPFSource": "47944_cpf_220622_6731.tjr",
            "CampaignTrack": false,
            "DateTimeEnd": "20220623.233250",
            "DateTimeMiddle": "20220623.232840",
            "DateTimeStart": "20220623.232450",
            "MaximumElevation": 68,
            "Object_NORAD": "47944",
            "Object_Name": "ELSAD",
            "Pass": "NE/SO-CW"
        },
        {
            "AzimuthEnd": 193,
            "AzimuthMiddle": 234,
            "AzimuthStart": 11,
            "CPFSource": "43186_cpf_220622_6731.tjr",
            "CampaignTrack": false,
            "DateTimeEnd": "20220624.000630",
            "DateTimeMiddle": "20220624.000210",
            "DateTimeStart": "20220623.235750",
            "MaximumElevation": 87,
            "Object_NORAD": "43186",
            "Object_Name": "SNETD",
            "Pass": "NE/SO-CW"
        },
        {
            "AzimuthEnd": 193,
            "AzimuthMiddle": 270,
            "AzimuthStart": 11,
            "CPFSource": "43187_cpf_220622_6731.tjr",
            "CampaignTrack": false,
            "DateTimeEnd": "20220624.000640",
            "DateTimeMiddle": "20220624.000220",
            "DateTimeStart": "20220623.235810",
            "MaximumElevation": 87,
            "Object_NORAD": "43187",
            "Object_Name": "SNETB",
            "Pass": "NE/SO-CW"
        },
        {
            "AzimuthEnd": 194,
            "AzimuthMiddle": 323,
            "AzimuthStart": 11,
            "CPFSource": "43188_cpf_220622_6731.tjr",
            "CampaignTrack": false,
            "DateTimeEnd": "20220624.000700",
            "DateTimeMiddle": "20220624.000240",
            "DateTimeStart": "20220623.235830",
            "MaximumElevation": 86,
            "Object_NORAD": "43188",
            "Object_Name": "SNETA",
            "Pass": "NE/SO-CW"
        },
        {
            "AzimuthEnd": 195,
            "AzimuthMiddle": 310,
            "AzimuthStart": 10,
            "CPFSource": "43189_cpf_220622_6731.tjr",
            "CampaignTrack": false,
            "DateTimeEnd": "20220624.000800",
            "DateTimeMiddle": "20220624.000340",
            "DateTimeStart": "20220623.235930",
            "MaximumElevation": 83,
            "Object_NORAD": "43189",
            "Object_Name": "SNETC",
            "Pass": "NE/SO-CW"
        },
        {
            "AzimuthEnd": 159,
            "AzimuthMiddle": 221,
            "AzimuthStart": 280,
            "CPFSource": "1328_cpf_220622_6731.tjr",
            "CampaignTrack": false,
            "DateTimeEnd": "20220624.003810",
            "DateTimeMiddle": "20220624.003040",
            "DateTimeStart": "20220624.002320",
            "MaximumElevation": 32,
            "Object_NORAD": "1328",
            "Object_Name": "EXPLORER27",
            "Pass": "NO/SE-CCW"
        },
        {
            "AzimuthEnd": 26,
            "AzimuthMiddle": 301,
            "AzimuthStart": 211,
            "CPFSource": "46984_cpf_220622_6731.tjr",
            "CampaignTrack": false,
            "DateTimeEnd": "20220624.021250",
            "DateTimeMiddle": "20220624.020420",
            "DateTimeStart": "20220624.015600",
            "MaximumElevation": 79,
            "Object_NORAD": "46984",
            "Object_Name": "SENTINEL6A",
            "Pass": "SO/NE-CW"
        },
        {
            "AzimuthEnd": 335,
            "AzimuthMiddle": 261,
            "AzimuthStart": 186,
            "CPFSource": "48900_cpf_220622_6731.tjr",
            "CampaignTrack": false,
            "DateTimeEnd": "20220624.023610",
            "DateTimeMiddle": "20220624.023220",
            "DateTimeStart": "20220624.022840",
            "MaximumElevation": 44,
            "Object_NORAD": "48900",
            "Object_Name": "TUBIN",
            "Pass": "SO/NO-CW"
        },
        {
            "AzimuthEnd": 154,
            "AzimuthMiddle": 95,
            "AzimuthStart": 37,
            "CPFSource": "41579_cpf_220622_6731.tjr",
            "CampaignTrack": false,
            "DateTimeEnd": "20220624.062120",
            "DateTimeMiddle": "20220624.061600",
            "DateTimeStart": "20220624.061050",
            "MaximumElevation": 27,
            "Object_NORAD": "41579",
            "Object_Name": "COSMOS2517",
            "Pass": "NE/SE-CW"
        },
        {
            "AzimuthEnd": 200,
            "AzimuthMiddle": 286,
            "AzimuthStart": 10,
            "CPFSource": "37781_cpf_220622_6731.tjr",
            "CampaignTrack": false,
            "DateTimeEnd": "20220624.070120",
            "DateTimeMiddle": "20220624.065500",
            "DateTimeStart": "20220624.064850",
            "MaximumElevation": 78,
            "Object_NORAD": "37781",
            "Object_Name": "HAIYANG2A",
            "Pass": "NE/SO-CW"
        },
        {
            "AzimuthEnd": 199,
            "AzimuthMiddle": 287,
            "AzimuthStart": 11,
            "CPFSource": "43655_cpf_220622_6731.tjr",
            "CampaignTrack": false,
            "DateTimeEnd": "20220624.071140",
            "DateTimeMiddle": "20220624.070520",
            "DateTimeStart": "20220624.065910",
            "MaximumElevation": 80,
            "Object_NORAD": "43655",
            "Object_Name": "HAIYANG2B",
            "Pass": "NE/SO-CW"
        },
        {
            "AzimuthEnd": 223,
            "AzimuthMiddle": 288,
            "AzimuthStart": 349,
            "CPFSource": "31698_cpf_220622_6731.tjr",
            "CampaignTrack": false,
            "DateTimeEnd": "20220624.072550",
            "DateTimeMiddle": "20220624.072220",
            "DateTimeStart": "20220624.071900",
            "MaximumElevation": 30,
            "Object_NORAD": "31698",
            "Object_Name": "TERRASARX",
            "Pass": "NO/SO-CCW"
        },
        {
            "AzimuthEnd": 223,
            "AzimuthMiddle": 288,
            "AzimuthStart": 349,
            "CPFSource": "36605_cpf_220622_6731.tjr",
            "CampaignTrack": false,
            "DateTimeEnd": "20220624.072600",
            "DateTimeMiddle": "20220624.072220",
            "DateTimeStart": "20220624.071900",
            "MaximumElevation": 30,
            "Object_NORAD": "36605",
            "Object_Name": "TANDEMX",
            "Pass": "NO/SO-CCW"
        },
        {
            "AzimuthEnd": 223,
            "AzimuthMiddle": 289,
            "AzimuthStart": 358,
            "CPFSource": "41579_cpf_220622_6731.tjr",
            "CampaignTrack": false,
            "DateTimeEnd": "20220624.080420",
            "DateTimeMiddle": "20220624.075840",
            "DateTimeStart": "20220624.075300",
            "MaximumElevation": 39,
            "Object_NORAD": "41579",
            "Object_Name": "COSMOS2517",
            "Pass": "NO/SO-CCW"
        },
        {
            "AzimuthEnd": 342,
            "AzimuthMiddle": 258,
            "AzimuthStart": 177,
            "CPFSource": "42829_cpf_220622_6731.tjr",
            "CampaignTrack": false,
            "DateTimeEnd": "20220624.080510",
            "DateTimeMiddle": "20220624.080050",
            "DateTimeStart": "20220624.075640",
            "MaximumElevation": 64,
            "Object_NORAD": "42829",
            "Object_Name": "TECHNOSAT",
            "Pass": "SE/NO-CW"
        },
        {
            "AzimuthEnd": 7,
            "AzimuthMiddle": 82,
            "AzimuthStart": 164,
            "CPFSource": "43476_cpf_220622_6731.tjr",
            "CampaignTrack": false,
            "DateTimeEnd": "20220624.083750",
            "DateTimeMiddle": "20220624.083400",
            "DateTimeStart": "20220624.083020",
            "MaximumElevation": 54,
            "Object_NORAD": "43476",
            "Object_Name": "GRACEFO1",
            "Pass": "SE/NE-CCW"
        },
        {
            "AzimuthEnd": 7,
            "AzimuthMiddle": 89,
            "AzimuthStart": 164,
            "CPFSource": "43477_cpf_220622_6731.tjr",
            "CampaignTrack": false,
            "DateTimeEnd": "20220624.083810",
            "DateTimeMiddle": "20220624.083420",
            "DateTimeStart": "20220624.083050",
            "MaximumElevation": 55,
            "Object_NORAD": "43477",
            "Object_Name": "GRACEFO2",
            "Pass": "SE/NE-CCW"
        },
        {
            "AzimuthEnd": 163,
            "AzimuthMiddle": 94,
            "AzimuthStart": 32,
            "CPFSource": "44083_cpf_220622_6731.tjr",
            "CampaignTrack": false,
            "DateTimeEnd": "20220624.094610",
            "DateTimeMiddle": "20220624.094240",
            "DateTimeStart": "20220624.093930",
            "MaximumElevation": 31,
            "Object_NORAD": "44083",
            "Object_Name": "ASTROCSTP2",
            "Pass": "NE/SE-CW"
        },
        {
            "AzimuthEnd": 116,
            "AzimuthMiddle": 49,
            "AzimuthStart": 344,
            "CPFSource": "46984_cpf_220622_6731.tjr",
            "CampaignTrack": false,
            "DateTimeEnd": "20220624.100950",
            "DateTimeMiddle": "20220624.100200",
            "DateTimeStart": "20220624.095420",
            "MaximumElevation": 35,
            "Object_NORAD": "46984",
            "Object_Name": "SENTINEL6A",
            "Pass": "NO/SE-CW"
        },
        {
            "AzimuthEnd": 13,
            "AzimuthMiddle": 70,
            "AzimuthStart": 127,
            "CPFSource": "47944_cpf_220622_6731.tjr",
            "CampaignTrack": false,
            "DateTimeEnd": "20220624.101330",
            "DateTimeMiddle": "20220624.101000",
            "DateTimeStart": "20220624.100640",
            "MaximumElevation": 24,
            "Object_NORAD": "47944",
            "Object_Name": "ELSAD",
            "Pass": "SE/NE-CCW"
        },
        {
            "AzimuthEnd": 167,
            "AzimuthMiddle": 98,
            "AzimuthStart": 29,
            "CPFSource": "43437_cpf_220622_6731.tjr",
            "CampaignTrack": false,
            "DateTimeEnd": "20220624.101720",
            "DateTimeMiddle": "20220624.101210",
            "DateTimeStart": "20220624.100710",
            "MaximumElevation": 37,
            "Object_NORAD": "43437",
            "Object_Name": "SENTINEL3B",
            "Pass": "NE/SE-CW"
        },
        {
            "AzimuthEnd": 180,
            "AzimuthMiddle": 105,
            "AzimuthStart": 20,
            "CPFSource": "43798_cpf_220622_6731.tjr",
            "CampaignTrack": false,
            "DateTimeEnd": "20220624.104020",
            "DateTimeMiddle": "20220624.103610",
            "DateTimeStart": "20220624.103200",
            "MaximumElevation": 57,
            "Object_NORAD": "43798",
            "Object_Name": "ASTROCSTP1",
            "Pass": "NE/S-CW"
        },
        {
            "AzimuthEnd": 3,
            "AzimuthMiddle": 74,
            "AzimuthStart": 142,
            "CPFSource": "43186_cpf_220622_6731.tjr",
            "CampaignTrack": false,
            "DateTimeEnd": "20220624.105130",
            "DateTimeMiddle": "20220624.104720",
            "DateTimeStart": "20220624.104330",
            "MaximumElevation": 38,
            "Object_NORAD": "43186",
            "Object_Name": "SNETD",
            "Pass": "SE/NE-CCW"
        },
        {
            "AzimuthEnd": 3,
            "AzimuthMiddle": 76,
            "AzimuthStart": 142,
            "CPFSource": "43187_cpf_220622_6731.tjr",
            "CampaignTrack": false,
            "DateTimeEnd": "20220624.105140",
            "DateTimeMiddle": "20220624.104730",
            "DateTimeStart": "20220624.104340",
            "MaximumElevation": 38,
            "Object_NORAD": "43187",
            "Object_Name": "SNETB",
            "Pass": "SE/NE-CCW"
        },
        {
            "AzimuthEnd": 2,
            "AzimuthMiddle": 72,
            "AzimuthStart": 142,
            "CPFSource": "43188_cpf_220622_6731.tjr",
            "CampaignTrack": false,
            "DateTimeEnd": "20220624.105210",
            "DateTimeMiddle": "20220624.104800",
            "DateTimeStart": "20220624.104400",
            "MaximumElevation": 39,
            "Object_NORAD": "43188",
            "Object_Name": "SNETA",
            "Pass": "SE/NE-CCW"
        },
        {
            "AzimuthEnd": 2,
            "AzimuthMiddle": 72,
            "AzimuthStart": 144,
            "CPFSource": "43189_cpf_220622_6731.tjr",
            "CampaignTrack": false,
            "DateTimeEnd": "20220624.105310",
            "DateTimeMiddle": "20220624.104900",
            "DateTimeStart": "20220624.104500",
            "MaximumElevation": 40,
            "Object_NORAD": "43189",
            "Object_Name": "SNETC",
            "Pass": "SE/NE-CCW"
        },
        {
            "AzimuthEnd": 194,
            "AzimuthMiddle": 265,
            "AzimuthStart": 12,
            "CPFSource": "41335_cpf_220622_6731.tjr",
            "CampaignTrack": false,
            "DateTimeEnd": "20220624.105630",
            "DateTimeMiddle": "20220624.105100",
            "DateTimeStart": "20220624.104540",
            "MaximumElevation": 89,
            "Object_NORAD": "41335",
            "Object_Name": "SENTINEL3A",
            "Pass": "NE/SO-CW"
        },
        {
            "AzimuthEnd": 327,
            "AzimuthMiddle": 264,
            "AzimuthStart": 198,
            "CPFSource": "51288_cpf_220622_6731.tjr",
            "CampaignTrack": false,
            "DateTimeEnd": "20220624.113200",
            "DateTimeMiddle": "20220624.112820",
            "DateTimeStart": "20220624.112440",
            "MaximumElevation": 30,
            "Object_NORAD": "51288",
            "Object_Name": "ELSAD-C",
            "Pass": "SO/NO-CW"
        },
        {
            "AzimuthEnd": 238,
            "AzimuthMiddle": 292,
            "AzimuthStart": 346,
            "CPFSource": "43437_cpf_220622_6731.tjr",
            "CampaignTrack": false,
            "DateTimeEnd": "20220624.115610",
            "DateTimeMiddle": "20220624.115140",
            "DateTimeStart": "20220624.114720",
            "MaximumElevation": 24,
            "Object_NORAD": "43437",
            "Object_Name": "SENTINEL3B",
            "Pass": "NO/SO-CCW"
        },
        {
            "AzimuthEnd": 175,
            "AzimuthMiddle": 249,
            "AzimuthStart": 321,
            "CPFSource": "46984_cpf_220622_6731.tjr",
            "CampaignTrack": false,
            "DateTimeEnd": "20220624.120620",
            "DateTimeMiddle": "20220624.115810",
            "DateTimeStart": "20220624.115010",
            "MaximumElevation": 51,
            "Object_NORAD": "46984",
            "Object_Name": "SENTINEL6A",
            "Pass": "NO/SE-CCW"
        },
        {
            "AzimuthEnd": 146,
            "AzimuthMiddle": 93,
            "AzimuthStart": 43,
            "CPFSource": "48900_cpf_220622_6731.tjr",
            "CampaignTrack": false,
            "DateTimeEnd": "20220624.141020",
            "DateTimeMiddle": "20220624.140710",
            "DateTimeStart": "20220624.140410",
            "MaximumElevation": 20,
            "Object_NORAD": "48900",
            "Object_Name": "TUBIN",
            "Pass": "NE/SE-CW"
        },
        {
            "AzimuthEnd": 234,
            "AzimuthMiddle": 289,
            "AzimuthStart": 341,
            "CPFSource": "48900_cpf_220622_6731.tjr",
            "CampaignTrack": false,
            "DateTimeEnd": "20220624.154440",
            "DateTimeMiddle": "20220624.154120",
            "DateTimeStart": "20220624.153820",
            "MaximumElevation": 22,
            "Object_NORAD": "48900",
            "Object_Name": "TUBIN",
            "Pass": "NO/SO-CCW"
        },
        {
            "AzimuthEnd": 74,
            "AzimuthMiddle": 144,
            "AzimuthStart": 211,
            "CPFSource": "1328_cpf_220622_6731.tjr",
            "CampaignTrack": false,
            "DateTimeEnd": "20220624.161720",
            "DateTimeMiddle": "20220624.160940",
            "DateTimeStart": "20220624.160300",
            "MaximumElevation": 42,
            "Object_NORAD": "1328",
            "Object_Name": "EXPLORER27",
            "Pass": "SO/NE-CCW"
        },
        {
            "AzimuthEnd": 6,
            "AzimuthMiddle": 65,
            "AzimuthStart": 125,
            "CPFSource": "37781_cpf_220622_6731.tjr",
            "CampaignTrack": false,
            "DateTimeEnd": "20220624.165800",
            "DateTimeMiddle": "20220624.165230",
            "DateTimeStart": "20220624.164710",
            "MaximumElevation": 29,
            "Object_NORAD": "37781",
            "Object_Name": "HAIYANG2A",
            "Pass": "SE/NE-CCW"
        },
        {
            "AzimuthEnd": 7,
            "AzimuthMiddle": 64,
            "AzimuthStart": 123,
            "CPFSource": "43655_cpf_220622_6731.tjr",
            "CampaignTrack": false,
            "DateTimeEnd": "20220624.170800",
            "DateTimeMiddle": "20220624.170240",
            "DateTimeStart": "20220624.165720",
            "MaximumElevation": 28,
            "Object_NORAD": "43655",
            "Object_Name": "HAIYANG2B",
            "Pass": "SE/NE-CCW"
        },
        {
            "AzimuthEnd": 356,
            "AzimuthMiddle": 70,
            "AzimuthStart": 145,
            "CPFSource": "41579_cpf_220622_6731.tjr",
            "CampaignTrack": false,
            "DateTimeEnd": "20220624.175900",
            "DateTimeMiddle": "20220624.175300",
            "DateTimeStart": "20220624.174710",
            "MaximumElevation": 51,
            "Object_NORAD": "41579",
            "Object_Name": "COSMOS2517",
            "Pass": "SE/NO-CW"
        },
        {
            "AzimuthEnd": 351,
            "AzimuthMiddle": 66,
            "AzimuthStart": 162,
            "CPFSource": "31698_cpf_220622_6731.tjr",
            "CampaignTrack": false,
            "DateTimeEnd": "20220624.180240",
            "DateTimeMiddle": "20220624.175850",
            "DateTimeStart": "20220624.175500",
            "MaximumElevation": 75,
            "Object_NORAD": "31698",
            "Object_Name": "TERRASARX",
            "Pass": "SE/NO-CW"
        },
        {
            "AzimuthEnd": 351,
            "AzimuthMiddle": 71,
            "AzimuthStart": 162,
            "CPFSource": "36605_cpf_220622_6731.tjr",
            "CampaignTrack": false,
            "DateTimeEnd": "20220624.180250",
            "DateTimeMiddle": "20220624.175850",
            "DateTimeStart": "20220624.175500",
            "MaximumElevation": 75,
            "Object_NORAD": "36605",
            "Object_Name": "TANDEMX",
            "Pass": "SE/NO-CW"
        },
        {
            "AzimuthEnd": 69,
            "AzimuthMiddle": 340,
            "AzimuthStart": 252,
            "CPFSource": "1328_cpf_220622_6731.tjr",
            "CampaignTrack": false,
            "DateTimeEnd": "20220624.181150",
            "DateTimeMiddle": "20220624.180320",
            "DateTimeStart": "20220624.175540",
            "MaximumElevation": 81,
            "Object_NORAD": "1328",
            "Object_Name": "EXPLORER27",
            "Pass": "SO/NE-CW"
        },
        {
            "AzimuthEnd": 330,
            "AzimuthMiddle": 262,
            "AzimuthStart": 193,
            "CPFSource": "37781_cpf_220622_6731.tjr",
            "CampaignTrack": false,
            "DateTimeEnd": "20220624.184120",
            "DateTimeMiddle": "20220624.183520",
            "DateTimeStart": "20220624.182930",
            "MaximumElevation": 38,
            "Object_NORAD": "37781",
            "Object_Name": "HAIYANG2A",
            "Pass": "SO/NO-CW"
        },
        {
            "AzimuthEnd": 331,
            "AzimuthMiddle": 260,
            "AzimuthStart": 192,
            "CPFSource": "43655_cpf_220622_6731.tjr",
            "CampaignTrack": false,
            "DateTimeEnd": "20220624.185120",
            "DateTimeMiddle": "20220624.184520",
            "DateTimeStart": "20220624.183940",
            "MaximumElevation": 39,
            "Object_NORAD": "43655",
            "Object_Name": "HAIYANG2B",
            "Pass": "SO/NO-CW"
        },
        {
            "AzimuthEnd": 315,
            "AzimuthMiddle": 267,
            "AzimuthStart": 218,
            "CPFSource": "41579_cpf_220622_6731.tjr",
            "CampaignTrack": false,
            "DateTimeEnd": "20220624.194030",
            "DateTimeMiddle": "20220624.193550",
            "DateTimeStart": "20220624.193120",
            "MaximumElevation": 20,
            "Object_NORAD": "41579",
            "Object_Name": "COSMOS2517",
            "Pass": "SO/NO-CW"
        },
        {
            "AzimuthEnd": 152,
            "AzimuthMiddle": 94,
            "AzimuthStart": 39,
            "CPFSource": "42829_cpf_220622_6731.tjr",
            "CampaignTrack": false,
            "DateTimeEnd": "20220624.194950",
            "DateTimeMiddle": "20220624.194600",
            "DateTimeStart": "20220624.194230",
            "MaximumElevation": 24,
            "Object_NORAD": "42829",
            "Object_Name": "TECHNOSAT",
            "Pass": "NE/SE-CW"
        },
        {
            "AzimuthEnd": 82,
            "AzimuthMiddle": 3,
            "AzimuthStart": 280,
            "CPFSource": "1328_cpf_220622_6731.tjr",
            "CampaignTrack": false,
            "DateTimeEnd": "20220624.200630",
            "DateTimeMiddle": "20220624.195800",
            "DateTimeStart": "20220624.195000",
            "MaximumElevation": 62,
            "Object_NORAD": "1328",
            "Object_Name": "EXPLORER27",
            "Pass": "NO/NE-CW"
        },
        {
            "AzimuthEnd": 148,
            "AzimuthMiddle": 85,
            "AzimuthStart": 25,
            "CPFSource": "43476_cpf_220622_6731.tjr",
            "CampaignTrack": false,
            "DateTimeEnd": "20220624.200700",
            "DateTimeMiddle": "20220624.200330",
            "DateTimeStart": "20220624.200010",
            "MaximumElevation": 27,
            "Object_NORAD": "43476",
            "Object_Name": "GRACEFO1",
            "Pass": "NE/SE-CW"
        },
        {
            "AzimuthEnd": 149,
            "AzimuthMiddle": 88,
            "AzimuthStart": 25,
            "CPFSource": "43477_cpf_220622_6731.tjr",
            "CampaignTrack": false,
            "DateTimeEnd": "20220624.200730",
            "DateTimeMiddle": "20220624.200400",
            "DateTimeStart": "20220624.200040",
            "MaximumElevation": 27,
            "Object_NORAD": "43477",
            "Object_Name": "GRACEFO2",
            "Pass": "NE/SE-CW"
        },
        {
            "AzimuthEnd": 233,
            "AzimuthMiddle": 289,
            "AzimuthStart": 343,
            "CPFSource": "42829_cpf_220622_6731.tjr",
            "CampaignTrack": false,
            "DateTimeEnd": "20220624.212510",
            "DateTimeMiddle": "20220624.212130",
            "DateTimeStart": "20220624.211800",
            "MaximumElevation": 23,
            "Object_NORAD": "42829",
            "Object_Name": "TECHNOSAT",
            "Pass": "NO/SO-CCW"
        },
        {
            "AzimuthEnd": 12,
            "AzimuthMiddle": 72,
            "AzimuthStart": 128,
            "CPFSource": "43798_cpf_220622_6731.tjr",
            "CampaignTrack": false,
            "DateTimeEnd": "20220624.212520",
            "DateTimeMiddle": "20220624.212130",
            "DateTimeStart": "20220624.211800",
            "MaximumElevation": 25,
            "Object_NORAD": "43798",
            "Object_Name": "ASTROCSTP1",
            "Pass": "SE/NE-CCW"
        },
        {
            "AzimuthEnd": 358,
            "AzimuthMiddle": 71,
            "AzimuthStart": 143,
            "CPFSource": "43437_cpf_220622_6731.tjr",
            "CampaignTrack": false,
            "DateTimeEnd": "20220624.213440",
            "DateTimeMiddle": "20220624.212920",
            "DateTimeStart": "20220624.212410",
            "MaximumElevation": 46,
            "Object_NORAD": "43437",
            "Object_Name": "SENTINEL3B",
            "Pass": "SE/NO-CW"
        },
        {
            "AzimuthEnd": 110,
            "AzimuthMiddle": 8,
            "AzimuthStart": 290,
            "CPFSource": "1328_cpf_220622_6731.tjr",
            "CampaignTrack": false,
            "DateTimeEnd": "20220624.220120",
            "DateTimeMiddle": "20220624.215230",
            "DateTimeStart": "20220624.214410",
            "MaximumElevation": 85,
            "Object_NORAD": "1328",
            "Object_Name": "EXPLORER27",
            "Pass": "NO/SE-CW"
        },
        {
            "AzimuthEnd": 335,
            "AzimuthMiddle": 258,
            "AzimuthStart": 186,
            "CPFSource": "44083_cpf_220622_6731.tjr",
            "CampaignTrack": false,
            "DateTimeEnd": "20220624.215300",
            "DateTimeMiddle": "20220624.214920",
            "DateTimeStart": "20220624.214550",
            "MaximumElevation": 44,
            "Object_NORAD": "44083",
            "Object_Name": "ASTROCSTP2",
            "Pass": "SO/NO-CW"
        },
        {
            "AzimuthEnd": 343,
            "AzimuthMiddle": 257,
            "AzimuthStart": 171,
            "CPFSource": "41335_cpf_220622_6731.tjr",
            "CampaignTrack": false,
            "DateTimeEnd": "20220624.221330",
            "DateTimeMiddle": "20220624.220800",
            "DateTimeStart": "20220624.220240",
            "MaximumElevation": 75,
            "Object_NORAD": "41335",
            "Object_Name": "SENTINEL3A",
            "Pass": "SE/NO-CW"
        },
        {
            "AzimuthEnd": 317,
            "AzimuthMiddle": 264,
            "AzimuthStart": 212,
            "CPFSource": "43798_cpf_220622_6731.tjr",
            "CampaignTrack": false,
            "DateTimeEnd": "20220624.230010",
            "DateTimeMiddle": "20220624.225640",
            "DateTimeStart": "20220624.225320",
            "MaximumElevation": 21,
            "Object_NORAD": "43798",
            "Object_Name": "ASTROCSTP1",
            "Pass": "SO/NO-CW"
        },
        {
            "AzimuthEnd": 164,
            "AzimuthMiddle": 96,
            "AzimuthStart": 31,
            "CPFSource": "51288_cpf_220622_6731.tjr",
            "CampaignTrack": false,
            "DateTimeEnd": "20220624.230940",
            "DateTimeMiddle": "20220624.230550",
            "DateTimeStart": "20220624.230220",
            "MaximumElevation": 32,
            "Object_NORAD": "51288",
            "Object_Name": "ELSAD-C",
            "Pass": "NE/SE-CW"
        },
        {
            "AzimuthEnd": 179,
            "AzimuthMiddle": 96,
            "AzimuthStart": 20,
            "CPFSource": "47944_cpf_220622_6731.tjr",
            "CampaignTrack": false,
            "DateTimeEnd": "20220624.232610",
            "DateTimeMiddle": "20220624.232210",
            "DateTimeStart": "20220624.231820",
            "MaximumElevation": 54,
            "Object_NORAD": "47944",
            "Object_Name": "ELSAD",
            "Pass": "NE/SE-CW"
        },
        {
            "AzimuthEnd": 170,
            "AzimuthMiddle": 217,
            "AzimuthStart": 284,
            "CPFSource": "1328_cpf_220622_6731.tjr",
            "CampaignTrack": false,
            "DateTimeEnd": "20220624.235750",
            "DateTimeMiddle": "20220624.234620",
            "DateTimeStart": "20220624.233830",
            "MaximumElevation": 41,
            "Object_NORAD": "1328",
            "Object_Name": "EXPLORER27",
            "Pass": "NO/SE-CCW"
        }
    ]
}
