{
    "CreationDateTime": "20220114.094430",
    "PredictionsArray": [
        {
            "AzimuthEnd": 146,
            "AzimuthMiddle": 94,
            "AzimuthStart": 69,
            "CPFSource": "43437_cpf_220114_5140.sdg",
            "CampaignTrack": false,
            "DateTimeEnd": "20220114.095018",
            "DateTimeMiddle": "20220114.094558",
            "DateTimeStart": "20220114.094418",
            "MaximumElevation": 21,
            "Object_NORAD": "43437",
            "Object_Name": "SENTINEL3B",
            "Pass": "NE/SE-CW"
        },
        {
            "AzimuthEnd": 41,
            "AzimuthMiddle": 85,
            "AzimuthStart": 88,
            "CPFSource": "46984_cpf_220114_5140.sdg",
            "CampaignTrack": false,
            "DateTimeEnd": "20220114.095058",
            "DateTimeMiddle": "20220114.094428",
            "DateTimeStart": "20220114.094418",
            "MaximumElevation": 37,
            "Object_NORAD": "46984",
            "Object_Name": "SENTINEL6A",
            "Pass": "NE/NE-CCW"
        },
        {
            "AzimuthEnd": 176,
            "AzimuthMiddle": 101,
            "AzimuthStart": 22,
            "CPFSource": "44083_cpf_220114_5140.sdg",
            "CampaignTrack": false,
            "DateTimeEnd": "20220114.100248",
            "DateTimeMiddle": "20220114.095858",
            "DateTimeStart": "20220114.095518",
            "MaximumElevation": 49,
            "Object_NORAD": "44083",
            "Object_Name": "ASTROCSTP2",
            "Pass": "NE/SE-CW"
        },
        {
            "AzimuthEnd": 154,
            "AzimuthMiddle": 94,
            "AzimuthStart": 38,
            "CPFSource": "43798_cpf_220114_5140.sdg",
            "CampaignTrack": false,
            "DateTimeEnd": "20220114.101638",
            "DateTimeMiddle": "20220114.101248",
            "DateTimeStart": "20220114.100918",
            "MaximumElevation": 24,
            "Object_NORAD": "43798",
            "Object_Name": "ASTROCSTP1",
            "Pass": "NE/SE-CW"
        },
        {
            "AzimuthEnd": 62,
            "AzimuthMiddle": 334,
            "AzimuthStart": 248,
            "CPFSource": "22195_cpf_220114_5140.sdg",
            "CampaignTrack": false,
            "DateTimeEnd": "20220114.112128",
            "DateTimeMiddle": "20220114.104638",
            "DateTimeStart": "20220114.101138",
            "MaximumElevation": 65,
            "Object_NORAD": "22195",
            "Object_Name": "LAGEOS2",
            "Pass": "SO/NE-CW"
        },
        {
            "AzimuthEnd": 176,
            "AzimuthMiddle": 100,
            "AzimuthStart": 23,
            "CPFSource": "41335_cpf_220114_5140.sdg",
            "CampaignTrack": false,
            "DateTimeEnd": "20220114.103028",
            "DateTimeMiddle": "20220114.102508",
            "DateTimeStart": "20220114.101948",
            "MaximumElevation": 50,
            "Object_NORAD": "41335",
            "Object_Name": "SENTINEL3A",
            "Pass": "NE/SE-CW"
        },
        {
            "AzimuthEnd": 355,
            "AzimuthMiddle": 76,
            "AzimuthStart": 155,
            "CPFSource": "47944_cpf_220114_5140.sdg",
            "CampaignTrack": false,
            "DateTimeEnd": "20220114.104808",
            "DateTimeMiddle": "20220114.104358",
            "DateTimeStart": "20220114.103958",
            "MaximumElevation": 60,
            "Object_NORAD": "47944",
            "Object_Name": "ELSAD",
            "Pass": "SE/NO-CW"
        },
        {
            "AzimuthEnd": 219,
            "AzimuthMiddle": 288,
            "AzimuthStart": 358,
            "CPFSource": "43437_cpf_220114_5140.sdg",
            "CampaignTrack": false,
            "DateTimeEnd": "20220114.113058",
            "DateTimeMiddle": "20220114.112548",
            "DateTimeStart": "20220114.112048",
            "MaximumElevation": 41,
            "Object_NORAD": "43437",
            "Object_Name": "SENTINEL3B",
            "Pass": "NO/SO-CCW"
        },
        {
            "AzimuthEnd": 328,
            "AzimuthMiddle": 26,
            "AzimuthStart": 85,
            "CPFSource": "8820_cpf_220114_5140.sdg",
            "CampaignTrack": false,
            "DateTimeEnd": "20220114.121248",
            "DateTimeMiddle": "20220114.114808",
            "DateTimeStart": "20220114.112338",
            "MaximumElevation": 38,
            "Object_NORAD": "8820",
            "Object_Name": "LAGEOS1",
            "Pass": "NE/NO-CW"
        },
        {
            "AzimuthEnd": 18,
            "AzimuthMiddle": 305,
            "AzimuthStart": 235,
            "CPFSource": "46984_cpf_220114_5140.sdg",
            "CampaignTrack": false,
            "DateTimeEnd": "20220114.114658",
            "DateTimeMiddle": "20220114.113848",
            "DateTimeStart": "20220114.113058",
            "MaximumElevation": 43,
            "Object_NORAD": "46984",
            "Object_Name": "SENTINEL6A",
            "Pass": "SO/NE-CW"
        },
        {
            "AzimuthEnd": 237,
            "AzimuthMiddle": 290,
            "AzimuthStart": 342,
            "CPFSource": "43798_cpf_220114_5140.sdg",
            "CampaignTrack": false,
            "DateTimeEnd": "20220114.115128",
            "DateTimeMiddle": "20220114.114758",
            "DateTimeStart": "20220114.114438",
            "MaximumElevation": 21,
            "Object_NORAD": "43798",
            "Object_Name": "ASTROCSTP1",
            "Pass": "NO/SO-CCW"
        },
        {
            "AzimuthEnd": 331,
            "AzimuthMiddle": 263,
            "AzimuthStart": 193,
            "CPFSource": "43186_cpf_220114_5140.sdg",
            "CampaignTrack": false,
            "DateTimeEnd": "20220114.115238",
            "DateTimeMiddle": "20220114.114838",
            "DateTimeStart": "20220114.114448",
            "MaximumElevation": 36,
            "Object_NORAD": "43186",
            "Object_Name": "SNETD",
            "Pass": "SO/NO-CW"
        },
        {
            "AzimuthEnd": 331,
            "AzimuthMiddle": 262,
            "AzimuthStart": 193,
            "CPFSource": "43187_cpf_220114_5140.sdg",
            "CampaignTrack": false,
            "DateTimeEnd": "20220114.115238",
            "DateTimeMiddle": "20220114.114838",
            "DateTimeStart": "20220114.114448",
            "MaximumElevation": 36,
            "Object_NORAD": "43187",
            "Object_Name": "SNETB",
            "Pass": "SO/NO-CW"
        },
        {
            "AzimuthEnd": 331,
            "AzimuthMiddle": 264,
            "AzimuthStart": 192,
            "CPFSource": "43188_cpf_220114_5140.sdg",
            "CampaignTrack": false,
            "DateTimeEnd": "20220114.115258",
            "DateTimeMiddle": "20220114.114858",
            "DateTimeStart": "20220114.114458",
            "MaximumElevation": 36,
            "Object_NORAD": "43188",
            "Object_Name": "SNETA",
            "Pass": "SO/NO-CW"
        },
        {
            "AzimuthEnd": 330,
            "AzimuthMiddle": 260,
            "AzimuthStart": 193,
            "CPFSource": "43189_cpf_220114_5140.sdg",
            "CampaignTrack": false,
            "DateTimeEnd": "20220114.115338",
            "DateTimeMiddle": "20220114.114938",
            "DateTimeStart": "20220114.114548",
            "MaximumElevation": 35,
            "Object_NORAD": "43189",
            "Object_Name": "SNETC",
            "Pass": "SO/NO-CW"
        },
        {
            "AzimuthEnd": 119,
            "AzimuthMiddle": 32,
            "AzimuthStart": 302,
            "CPFSource": "22195_cpf_220114_5140.sdg",
            "CampaignTrack": false,
            "DateTimeEnd": "20220114.153458",
            "DateTimeMiddle": "20220114.150158",
            "DateTimeStart": "20220114.142658",
            "MaximumElevation": 71,
            "Object_NORAD": "22195",
            "Object_Name": "LAGEOS2",
            "Pass": "NO/SE-CW"
        },
        {
            "AzimuthEnd": 180,
            "AzimuthMiddle": 100,
            "AzimuthStart": 21,
            "CPFSource": "27944_cpf_220114_5140.sdg",
            "CampaignTrack": false,
            "DateTimeEnd": "20220114.143728",
            "DateTimeMiddle": "20220114.143238",
            "DateTimeStart": "20220114.142758",
            "MaximumElevation": 56,
            "Object_NORAD": "27944",
            "Object_Name": "LARETS",
            "Pass": "NE/S-CW"
        },
        {
            "AzimuthEnd": 334,
            "AzimuthMiddle": 240,
            "AzimuthStart": 153,
            "CPFSource": "8820_cpf_220114_5140.sdg",
            "CampaignTrack": false,
            "DateTimeEnd": "20220114.154528",
            "DateTimeMiddle": "20220114.151508",
            "DateTimeStart": "20220114.144548",
            "MaximumElevation": 81,
            "Object_NORAD": "8820",
            "Object_Name": "LAGEOS1",
            "Pass": "SE/NO-CW"
        },
        {
            "AzimuthEnd": 221,
            "AzimuthMiddle": 284,
            "AzimuthStart": 352,
            "CPFSource": "48900_cpf_220114_5140.sdg",
            "CampaignTrack": false,
            "DateTimeEnd": "20220114.152858",
            "DateTimeMiddle": "20220114.152518",
            "DateTimeStart": "20220114.152138",
            "MaximumElevation": 32,
            "Object_NORAD": "48900",
            "Object_Name": "TUBIN",
            "Pass": "NO/SO-CCW"
        },
        {
            "AzimuthEnd": 2,
            "AzimuthMiddle": 71,
            "AzimuthStart": 136,
            "CPFSource": "22824_cpf_220114_5140.sdg",
            "CampaignTrack": false,
            "DateTimeEnd": "20220114.175407",
            "DateTimeMiddle": "20220114.174857",
            "DateTimeStart": "20220114.174407",
            "MaximumElevation": 37,
            "Object_NORAD": "22824",
            "Object_Name": "STELLA",
            "Pass": "SE/NE-CCW"
        },
        {
            "AzimuthEnd": 346,
            "AzimuthMiddle": 41,
            "AzimuthStart": 163,
            "CPFSource": "37781_cpf_220114_5140.sdg",
            "CampaignTrack": false,
            "DateTimeEnd": "20220114.175827",
            "DateTimeMiddle": "20220114.175207",
            "DateTimeStart": "20220114.174547",
            "MaximumElevation": 87,
            "Object_NORAD": "37781",
            "Object_Name": "HAIYANG2A",
            "Pass": "SE/NO-CW"
        },
        {
            "AzimuthEnd": 349,
            "AzimuthMiddle": 75,
            "AzimuthStart": 158,
            "CPFSource": "43655_cpf_220114_5140.sdg",
            "CampaignTrack": false,
            "DateTimeEnd": "20220114.175937",
            "DateTimeMiddle": "20220114.175317",
            "DateTimeStart": "20220114.174707",
            "MaximumElevation": 76,
            "Object_NORAD": "43655",
            "Object_Name": "HAIYANG2B",
            "Pass": "SE/NO-CW"
        },
        {
            "AzimuthEnd": 353,
            "AzimuthMiddle": 72,
            "AzimuthStart": 151,
            "CPFSource": "41579_cpf_220114_5140.sdg",
            "CampaignTrack": false,
            "DateTimeEnd": "20220114.180837",
            "DateTimeMiddle": "20220114.180227",
            "DateTimeStart": "20220114.175627",
            "MaximumElevation": 62,
            "Object_NORAD": "41579",
            "Object_Name": "COSMOS2517",
            "Pass": "SE/NO-CW"
        },
        {
            "AzimuthEnd": 336,
            "AzimuthMiddle": 259,
            "AzimuthStart": 185,
            "CPFSource": "31698_cpf_220114_5140.sdg",
            "CampaignTrack": false,
            "DateTimeEnd": "20220114.182807",
            "DateTimeMiddle": "20220114.182417",
            "DateTimeStart": "20220114.182037",
            "MaximumElevation": 45,
            "Object_NORAD": "31698",
            "Object_Name": "TERRASARX",
            "Pass": "SO/NO-CW"
        },
        {
            "AzimuthEnd": 336,
            "AzimuthMiddle": 258,
            "AzimuthStart": 185,
            "CPFSource": "36605_cpf_220114_5140.sdg",
            "CampaignTrack": false,
            "DateTimeEnd": "20220114.182807",
            "DateTimeMiddle": "20220114.182417",
            "DateTimeStart": "20220114.182037",
            "MaximumElevation": 45,
            "Object_NORAD": "36605",
            "Object_Name": "TANDEMX",
            "Pass": "SO/NO-CW"
        },
        {
            "AzimuthEnd": 184,
            "AzimuthMiddle": 248,
            "AzimuthStart": 309,
            "CPFSource": "22195_cpf_220114_5140.sdg",
            "CampaignTrack": false,
            "DateTimeEnd": "20220114.193057",
            "DateTimeMiddle": "20220114.190237",
            "DateTimeStart": "20220114.183417",
            "MaximumElevation": 40,
            "Object_NORAD": "22195",
            "Object_Name": "LAGEOS2",
            "Pass": "NO/SO-CCW"
        },
        {
            "AzimuthEnd": 55,
            "AzimuthMiddle": 142,
            "AzimuthStart": 220,
            "CPFSource": "7646_cpf_220114_5140.sdg",
            "CampaignTrack": false,
            "DateTimeEnd": "20220114.185257",
            "DateTimeMiddle": "20220114.184637",
            "DateTimeStart": "20220114.184007",
            "MaximumElevation": 69,
            "Object_NORAD": "7646",
            "Object_Name": "STARLETTE",
            "Pass": "SO/NE-CCW"
        },
        {
            "AzimuthEnd": 177,
            "AzimuthMiddle": 91,
            "AzimuthStart": 11,
            "CPFSource": "43613_cpf_220114_5140.sdg",
            "CampaignTrack": false,
            "DateTimeEnd": "20220114.191457",
            "DateTimeMiddle": "20220114.191107",
            "DateTimeStart": "20220114.190727",
            "MaximumElevation": 64,
            "Object_NORAD": "43613",
            "Object_Name": "ICESAT2",
            "Pass": "NE/SE-CW"
        },
        {
            "AzimuthEnd": 319,
            "AzimuthMiddle": 265,
            "AzimuthStart": 211,
            "CPFSource": "22824_cpf_220114_5140.sdg",
            "CampaignTrack": false,
            "DateTimeEnd": "20220114.193317",
            "DateTimeMiddle": "20220114.192847",
            "DateTimeStart": "20220114.192427",
            "MaximumElevation": 23,
            "Object_NORAD": "22824",
            "Object_Name": "STELLA",
            "Pass": "SO/NO-CW"
        },
        {
            "AzimuthEnd": 140,
            "AzimuthMiddle": 60,
            "AzimuthStart": 336,
            "CPFSource": "46984_cpf_220114_5140.sdg",
            "CampaignTrack": false,
            "DateTimeEnd": "20220114.194507",
            "DateTimeMiddle": "20220114.193647",
            "DateTimeStart": "20220114.192827",
            "MaximumElevation": 64,
            "Object_NORAD": "46984",
            "Object_Name": "SENTINEL6A",
            "Pass": "NO/SE-CW"
        },
        {
            "AzimuthEnd": 43,
            "AzimuthMiddle": 335,
            "AzimuthStart": 269,
            "CPFSource": "7646_cpf_220114_5140.sdg",
            "CampaignTrack": false,
            "DateTimeEnd": "20220114.204147",
            "DateTimeMiddle": "20220114.203607",
            "DateTimeStart": "20220114.203017",
            "MaximumElevation": 35,
            "Object_NORAD": "7646",
            "Object_Name": "STARLETTE",
            "Pass": "SO/NE-CW"
        },
        {
            "AzimuthEnd": 10,
            "AzimuthMiddle": 67,
            "AzimuthStart": 124,
            "CPFSource": "43437_cpf_220114_5140.sdg",
            "CampaignTrack": false,
            "DateTimeEnd": "20220114.210807",
            "DateTimeMiddle": "20220114.210327",
            "DateTimeStart": "20220114.205857",
            "MaximumElevation": 26,
            "Object_NORAD": "43437",
            "Object_Name": "SENTINEL3B",
            "Pass": "SE/NE-CCW"
        },
        {
            "AzimuthEnd": 346,
            "AzimuthMiddle": 270,
            "AzimuthStart": 196,
            "CPFSource": "43476_cpf_220114_5140.sdg",
            "CampaignTrack": false,
            "DateTimeEnd": "20220114.211157",
            "DateTimeMiddle": "20220114.210807",
            "DateTimeStart": "20220114.210427",
            "MaximumElevation": 45,
            "Object_NORAD": "43476",
            "Object_Name": "GRACEFO1",
            "Pass": "SO/NO-CW"
        },
        {
            "AzimuthEnd": 346,
            "AzimuthMiddle": 273,
            "AzimuthStart": 197,
            "CPFSource": "43477_cpf_220114_5140.sdg",
            "CampaignTrack": false,
            "DateTimeEnd": "20220114.211227",
            "DateTimeMiddle": "20220114.210837",
            "DateTimeStart": "20220114.210457",
            "MaximumElevation": 44,
            "Object_NORAD": "43477",
            "Object_Name": "GRACEFO2",
            "Pass": "SO/NO-CW"
        },
        {
            "AzimuthEnd": 216,
            "AzimuthMiddle": 289,
            "AzimuthStart": 355,
            "CPFSource": "42829_cpf_220114_5140.sdg",
            "CampaignTrack": false,
            "DateTimeEnd": "20220114.213317",
            "DateTimeMiddle": "20220114.212907",
            "DateTimeStart": "20220114.212517",
            "MaximumElevation": 39,
            "Object_NORAD": "42829",
            "Object_Name": "TECHNOSAT",
            "Pass": "NO/SO-CCW"
        },
        {
            "AzimuthEnd": 202,
            "AzimuthMiddle": 256,
            "AzimuthStart": 307,
            "CPFSource": "46984_cpf_220114_5140.sdg",
            "CampaignTrack": false,
            "DateTimeEnd": "20220114.213847",
            "DateTimeMiddle": "20220114.213157",
            "DateTimeStart": "20220114.212527",
            "MaximumElevation": 25,
            "Object_NORAD": "46984",
            "Object_Name": "SENTINEL6A",
            "Pass": "NO/SO-CCW"
        },
        {
            "AzimuthEnd": 353,
            "AzimuthMiddle": 76,
            "AzimuthStart": 153,
            "CPFSource": "41335_cpf_220114_5140.sdg",
            "CampaignTrack": false,
            "DateTimeEnd": "20220114.214737",
            "DateTimeMiddle": "20220114.214207",
            "DateTimeStart": "20220114.213657",
            "MaximumElevation": 61,
            "Object_NORAD": "41335",
            "Object_Name": "SENTINEL3A",
            "Pass": "SE/NO-CW"
        },
        {
            "AzimuthEnd": 326,
            "AzimuthMiddle": 261,
            "AzimuthStart": 200,
            "CPFSource": "44083_cpf_220114_5140.sdg",
            "CampaignTrack": false,
            "DateTimeEnd": "20220114.221017",
            "DateTimeMiddle": "20220114.220647",
            "DateTimeStart": "20220114.220337",
            "MaximumElevation": 29,
            "Object_NORAD": "44083",
            "Object_Name": "ASTROCSTP2",
            "Pass": "SO/NO-CW"
        },
        {
            "AzimuthEnd": 49,
            "AzimuthMiddle": 358,
            "AzimuthStart": 307,
            "CPFSource": "7646_cpf_220114_5140.sdg",
            "CampaignTrack": false,
            "DateTimeEnd": "20220114.223107",
            "DateTimeMiddle": "20220114.222637",
            "DateTimeStart": "20220114.222157",
            "MaximumElevation": 21,
            "Object_NORAD": "7646",
            "Object_Name": "STARLETTE",
            "Pass": "NO/NE-CW"
        },
        {
            "AzimuthEnd": 336,
            "AzimuthMiddle": 263,
            "AzimuthStart": 186,
            "CPFSource": "43798_cpf_220114_5140.sdg",
            "CampaignTrack": false,
            "DateTimeEnd": "20220114.223817",
            "DateTimeMiddle": "20220114.223407",
            "DateTimeStart": "20220114.223007",
            "MaximumElevation": 45,
            "Object_NORAD": "43798",
            "Object_Name": "ASTROCSTP1",
            "Pass": "SO/NO-CW"
        },
        {
            "AzimuthEnd": 62,
            "AzimuthMiddle": 129,
            "AzimuthStart": 195,
            "CPFSource": "16908_cpf_220114_5140.sdg",
            "CampaignTrack": false,
            "DateTimeEnd": "20220114.225047",
            "DateTimeMiddle": "20220114.224207",
            "DateTimeStart": "20220114.223337",
            "MaximumElevation": 41,
            "Object_NORAD": "16908",
            "Object_Name": "AJISAI",
            "Pass": "SO/NE-CCW"
        },
        {
            "AzimuthEnd": 328,
            "AzimuthMiddle": 261,
            "AzimuthStart": 197,
            "CPFSource": "43437_cpf_220114_5140.sdg",
            "CampaignTrack": false,
            "DateTimeEnd": "20220114.224807",
            "DateTimeMiddle": "20220114.224257",
            "DateTimeStart": "20220114.223807",
            "MaximumElevation": 33,
            "Object_NORAD": "43437",
            "Object_Name": "SENTINEL3B",
            "Pass": "SO/NO-CW"
        },
        {
            "AzimuthEnd": 164,
            "AzimuthMiddle": 95,
            "AzimuthStart": 31,
            "CPFSource": "43186_cpf_220114_5140.sdg",
            "CampaignTrack": false,
            "DateTimeEnd": "20220114.233507",
            "DateTimeMiddle": "20220114.233107",
            "DateTimeStart": "20220114.232727",
            "MaximumElevation": 33,
            "Object_NORAD": "43186",
            "Object_Name": "SNETD",
            "Pass": "NE/SE-CW"
        },
        {
            "AzimuthEnd": 164,
            "AzimuthMiddle": 100,
            "AzimuthStart": 31,
            "CPFSource": "43187_cpf_220114_5140.sdg",
            "CampaignTrack": false,
            "DateTimeEnd": "20220114.233507",
            "DateTimeMiddle": "20220114.233117",
            "DateTimeStart": "20220114.232727",
            "MaximumElevation": 33,
            "Object_NORAD": "43187",
            "Object_Name": "SNETB",
            "Pass": "NE/SE-CW"
        },
        {
            "AzimuthEnd": 164,
            "AzimuthMiddle": 96,
            "AzimuthStart": 30,
            "CPFSource": "43188_cpf_220114_5140.sdg",
            "CampaignTrack": false,
            "DateTimeEnd": "20220114.233527",
            "DateTimeMiddle": "20220114.233127",
            "DateTimeStart": "20220114.232737",
            "MaximumElevation": 33,
            "Object_NORAD": "43188",
            "Object_Name": "SNETA",
            "Pass": "NE/SE-CW"
        },
        {
            "AzimuthEnd": 166,
            "AzimuthMiddle": 98,
            "AzimuthStart": 30,
            "CPFSource": "43189_cpf_220114_5140.sdg",
            "CampaignTrack": false,
            "DateTimeEnd": "20220114.233617",
            "DateTimeMiddle": "20220114.233217",
            "DateTimeStart": "20220114.232827",
            "MaximumElevation": 34,
            "Object_NORAD": "43189",
            "Object_Name": "SNETC",
            "Pass": "NE/SE-CW"
        },
        {
            "AzimuthEnd": 205,
            "AzimuthMiddle": 280,
            "AzimuthStart": 2,
            "CPFSource": "47944_cpf_220114_5140.sdg",
            "CampaignTrack": false,
            "DateTimeEnd": "20220115.000107",
            "DateTimeMiddle": "20220114.235657",
            "DateTimeStart": "20220114.235257",
            "MaximumElevation": 56,
            "Object_NORAD": "47944",
            "Object_Name": "ELSAD",
            "Pass": "NE/SO-CW"
        },
        {
            "AzimuthEnd": 84,
            "AzimuthMiddle": 22,
            "AzimuthStart": 318,
            "CPFSource": "7646_cpf_220114_5140.sdg",
            "CampaignTrack": false,
            "DateTimeEnd": "20220115.002217",
            "DateTimeMiddle": "20220115.001707",
            "DateTimeStart": "20220115.001157",
            "MaximumElevation": 30,
            "Object_NORAD": "7646",
            "Object_Name": "STARLETTE",
            "Pass": "NO/NE-CW"
        },
        {
            "AzimuthEnd": 75,
            "AzimuthMiddle": 142,
            "AzimuthStart": 210,
            "CPFSource": "1328_cpf_220114_5140.sdg",
            "CampaignTrack": false,
            "DateTimeEnd": "20220115.003107",
            "DateTimeMiddle": "20220115.002337",
            "DateTimeStart": "20220115.001547",
            "MaximumElevation": 41,
            "Object_NORAD": "1328",
            "Object_Name": "EXPLORER27",
            "Pass": "SO/NE-CCW"
        },
        {
            "AzimuthEnd": 50,
            "AzimuthMiddle": 326,
            "AzimuthStart": 244,
            "CPFSource": "16908_cpf_220114_5140.sdg",
            "CampaignTrack": false,
            "DateTimeEnd": "20220115.005307",
            "DateTimeMiddle": "20220115.004337",
            "DateTimeStart": "20220115.003427",
            "MaximumElevation": 66,
            "Object_NORAD": "16908",
            "Object_Name": "AJISAI",
            "Pass": "SO/NE-CW"
        },
        {
            "AzimuthEnd": 0,
            "AzimuthMiddle": 71,
            "AzimuthStart": 143,
            "CPFSource": "27944_cpf_220114_5140.sdg",
            "CampaignTrack": false,
            "DateTimeEnd": "20220115.013747",
            "DateTimeMiddle": "20220115.013307",
            "DateTimeStart": "20220115.012837",
            "MaximumElevation": 42,
            "Object_NORAD": "27944",
            "Object_Name": "LARETS",
            "Pass": "SE/N-CCW"
        },
        {
            "AzimuthEnd": 350,
            "AzimuthMiddle": 73,
            "AzimuthStart": 163,
            "CPFSource": "48900_cpf_220114_5140.sdg",
            "CampaignTrack": false,
            "DateTimeEnd": "20220115.020827",
            "DateTimeMiddle": "20220115.020417",
            "DateTimeStart": "20220115.020017",
            "MaximumElevation": 79,
            "Object_NORAD": "48900",
            "Object_Name": "TUBIN",
            "Pass": "SE/NO-CW"
        },
        {
            "AzimuthEnd": 135,
            "AzimuthMiddle": 230,
            "AzimuthStart": 305,
            "CPFSource": "7646_cpf_220114_5140.sdg",
            "CampaignTrack": false,
            "DateTimeEnd": "20220115.021217",
            "DateTimeMiddle": "20220115.020627",
            "DateTimeStart": "20220115.020047",
            "MaximumElevation": 77,
            "Object_NORAD": "7646",
            "Object_Name": "STARLETTE",
            "Pass": "NO/SE-CCW"
        },
        {
            "AzimuthEnd": 69,
            "AzimuthMiddle": 333,
            "AzimuthStart": 250,
            "CPFSource": "1328_cpf_220114_5140.sdg",
            "CampaignTrack": false,
            "DateTimeEnd": "20220115.022507",
            "DateTimeMiddle": "20220115.021717",
            "DateTimeStart": "20220115.020857",
            "MaximumElevation": 85,
            "Object_NORAD": "1328",
            "Object_Name": "EXPLORER27",
            "Pass": "SO/NE-CW"
        },
        {
            "AzimuthEnd": 56,
            "AzimuthMiddle": 351,
            "AzimuthStart": 285,
            "CPFSource": "16908_cpf_220114_5140.sdg",
            "CampaignTrack": false,
            "DateTimeEnd": "20220115.025527",
            "DateTimeMiddle": "20220115.024657",
            "DateTimeStart": "20220115.023827",
            "MaximumElevation": 35,
            "Object_NORAD": "16908",
            "Object_Name": "AJISAI",
            "Pass": "NO/NE-CW"
        },
        {
            "AzimuthEnd": 191,
            "AzimuthMiddle": 111,
            "AzimuthStart": 27,
            "CPFSource": "8820_cpf_220114_5140.sdg",
            "CampaignTrack": false,
            "DateTimeEnd": "20220115.041037",
            "DateTimeMiddle": "20220115.034127",
            "DateTimeStart": "20220115.031127",
            "MaximumElevation": 62,
            "Object_NORAD": "8820",
            "Object_Name": "LAGEOS1",
            "Pass": "NE/SO-CW"
        },
        {
            "AzimuthEnd": 79,
            "AzimuthMiddle": 0,
            "AzimuthStart": 278,
            "CPFSource": "1328_cpf_220114_5140.sdg",
            "CampaignTrack": false,
            "DateTimeEnd": "20220115.041907",
            "DateTimeMiddle": "20220115.041147",
            "DateTimeStart": "20220115.040347",
            "MaximumElevation": 60,
            "Object_NORAD": "1328",
            "Object_Name": "EXPLORER27",
            "Pass": "NO/NE-CW"
        },
        {
            "AzimuthEnd": 59,
            "AzimuthMiddle": 102,
            "AzimuthStart": 147,
            "CPFSource": "22195_cpf_220114_5140.sdg",
            "CampaignTrack": false,
            "DateTimeEnd": "20220115.051507",
            "DateTimeMiddle": "20220115.045257",
            "DateTimeStart": "20220115.042957",
            "MaximumElevation": 21,
            "Object_NORAD": "22195",
            "Object_Name": "LAGEOS2",
            "Pass": "SE/NE-CCW"
        },
        {
            "AzimuthEnd": 86,
            "AzimuthMiddle": 17,
            "AzimuthStart": 308,
            "CPFSource": "16908_cpf_220114_5140.sdg",
            "CampaignTrack": false,
            "DateTimeEnd": "20220115.045947",
            "DateTimeMiddle": "20220115.045057",
            "DateTimeStart": "20220115.044217",
            "MaximumElevation": 40,
            "Object_NORAD": "16908",
            "Object_Name": "AJISAI",
            "Pass": "NO/NE-CW"
        },
        {
            "AzimuthEnd": 107,
            "AzimuthMiddle": 23,
            "AzimuthStart": 290,
            "CPFSource": "1328_cpf_220114_5140.sdg",
            "CampaignTrack": false,
            "DateTimeEnd": "20220115.061307",
            "DateTimeMiddle": "20220115.060607",
            "DateTimeStart": "20220115.055827",
            "MaximumElevation": 81,
            "Object_NORAD": "1328",
            "Object_Name": "EXPLORER27",
            "Pass": "NO/SE-CW"
        },
        {
            "AzimuthEnd": 186,
            "AzimuthMiddle": 108,
            "AzimuthStart": 18,
            "CPFSource": "37781_cpf_220114_5140.sdg",
            "CampaignTrack": false,
            "DateTimeEnd": "20220115.064047",
            "DateTimeMiddle": "20220115.063437",
            "DateTimeStart": "20220115.062817",
            "MaximumElevation": 69,
            "Object_NORAD": "37781",
            "Object_Name": "HAIYANG2A",
            "Pass": "NE/SO-CW"
        },
        {
            "AzimuthEnd": 181,
            "AzimuthMiddle": 102,
            "AzimuthStart": 21,
            "CPFSource": "43655_cpf_220114_5140.sdg",
            "CampaignTrack": false,
            "DateTimeEnd": "20220115.064137",
            "DateTimeMiddle": "20220115.063527",
            "DateTimeStart": "20220115.062917",
            "MaximumElevation": 58,
            "Object_NORAD": "43655",
            "Object_Name": "HAIYANG2B",
            "Pass": "NE/SO-CW"
        },
        {
            "AzimuthEnd": 171,
            "AzimuthMiddle": 100,
            "AzimuthStart": 27,
            "CPFSource": "41579_cpf_220114_5140.sdg",
            "CampaignTrack": false,
            "DateTimeEnd": "20220115.064647",
            "DateTimeMiddle": "20220115.064057",
            "DateTimeStart": "20220115.063507",
            "MaximumElevation": 44,
            "Object_NORAD": "41579",
            "Object_Name": "COSMOS2517",
            "Pass": "NE/SE-CW"
        },
        {
            "AzimuthEnd": 130,
            "AzimuthMiddle": 307,
            "AzimuthStart": 307,
            "CPFSource": "16908_cpf_220114_5140.sdg",
            "CampaignTrack": false,
            "DateTimeEnd": "20220115.070307",
            "DateTimeMiddle": "20220115.065337",
            "DateTimeStart": "20220115.064417",
            "MaximumElevation": 89,
            "Object_NORAD": "16908",
            "Object_Name": "AJISAI",
            "Pass": "NO/SE-CCW"
        },
        {
            "AzimuthEnd": 258,
            "AzimuthMiddle": 323,
            "AzimuthStart": 27,
            "CPFSource": "8820_cpf_220114_5140.sdg",
            "CampaignTrack": false,
            "DateTimeEnd": "20220115.073747",
            "DateTimeMiddle": "20220115.071107",
            "DateTimeStart": "20220115.064447",
            "MaximumElevation": 47,
            "Object_NORAD": "8820",
            "Object_Name": "LAGEOS1",
            "Pass": "NE/SO-CW"
        },
        {
            "AzimuthEnd": 349,
            "AzimuthMiddle": 262,
            "AzimuthStart": 183,
            "CPFSource": "43613_cpf_220114_5140.sdg",
            "CampaignTrack": false,
            "DateTimeEnd": "20220115.072107",
            "DateTimeMiddle": "20220115.071717",
            "DateTimeStart": "20220115.071337",
            "MaximumElevation": 63,
            "Object_NORAD": "43613",
            "Object_Name": "ICESAT2",
            "Pass": "SO/NO-CW"
        },
        {
            "AzimuthEnd": 232,
            "AzimuthMiddle": 287,
            "AzimuthStart": 343,
            "CPFSource": "31698_cpf_220114_5140.sdg",
            "CampaignTrack": false,
            "DateTimeEnd": "20220115.073357",
            "DateTimeMiddle": "20220115.073047",
            "DateTimeStart": "20220115.072737",
            "MaximumElevation": 23,
            "Object_NORAD": "31698",
            "Object_Name": "TERRASARX",
            "Pass": "NO/SO-CCW"
        },
        {
            "AzimuthEnd": 231,
            "AzimuthMiddle": 288,
            "AzimuthStart": 344,
            "CPFSource": "36605_cpf_220114_5140.sdg",
            "CampaignTrack": false,
            "DateTimeEnd": "20220115.073407",
            "DateTimeMiddle": "20220115.073047",
            "DateTimeStart": "20220115.072737",
            "MaximumElevation": 23,
            "Object_NORAD": "36605",
            "Object_Name": "TANDEMX",
            "Pass": "NO/SO-CCW"
        },
        {
            "AzimuthEnd": 211,
            "AzimuthMiddle": 289,
            "AzimuthStart": 3,
            "CPFSource": "22824_cpf_220114_5140.sdg",
            "CampaignTrack": false,
            "DateTimeEnd": "20220115.075037",
            "DateTimeMiddle": "20220115.074517",
            "DateTimeStart": "20220115.074007",
            "MaximumElevation": 53,
            "Object_NORAD": "22824",
            "Object_Name": "STELLA",
            "Pass": "NE/SO-CW"
        },
        {
            "AzimuthEnd": 149,
            "AzimuthMiddle": 217,
            "AzimuthStart": 283,
            "CPFSource": "1328_cpf_220114_5140.sdg",
            "CampaignTrack": false,
            "DateTimeEnd": "20220115.080537",
            "DateTimeMiddle": "20220115.075927",
            "DateTimeStart": "20220115.075257",
            "MaximumElevation": 38,
            "Object_NORAD": "1328",
            "Object_Name": "EXPLORER27",
            "Pass": "NO/SE-CCW"
        },
        {
            "AzimuthEnd": 348,
            "AzimuthMiddle": 274,
            "AzimuthStart": 167,
            "CPFSource": "42829_cpf_220114_5140.sdg",
            "CampaignTrack": false,
            "DateTimeEnd": "20220115.082147",
            "DateTimeMiddle": "20220115.081717",
            "DateTimeStart": "20220115.081257",
            "MaximumElevation": 88,
            "Object_NORAD": "42829",
            "Object_Name": "TECHNOSAT",
            "Pass": "SE/NO-CW"
        },
        {
            "AzimuthEnd": 250,
            "AzimuthMiddle": 296,
            "AzimuthStart": 343,
            "CPFSource": "43655_cpf_220114_5140.sdg",
            "CampaignTrack": false,
            "DateTimeEnd": "20220115.082227",
            "DateTimeMiddle": "20220115.081757",
            "DateTimeStart": "20220115.081327",
            "MaximumElevation": 20,
            "Object_NORAD": "43655",
            "Object_Name": "HAIYANG2B",
            "Pass": "NO/SO-CCW"
        },
        {
            "AzimuthEnd": 50,
            "AzimuthMiddle": 321,
            "AzimuthStart": 220,
            "CPFSource": "22195_cpf_220114_5140.sdg",
            "CampaignTrack": false,
            "DateTimeEnd": "20220115.092417",
            "DateTimeMiddle": "20220115.084937",
            "DateTimeStart": "20220115.081447",
            "MaximumElevation": 89,
            "Object_NORAD": "22195",
            "Object_Name": "LAGEOS2",
            "Pass": "SO/NE-CW"
        },
        {
            "AzimuthEnd": 239,
            "AzimuthMiddle": 295,
            "AzimuthStart": 348,
            "CPFSource": "41579_cpf_220114_5140.sdg",
            "CampaignTrack": false,
            "DateTimeEnd": "20220115.082817",
            "DateTimeMiddle": "20220115.082307",
            "DateTimeStart": "20220115.081817",
            "MaximumElevation": 25,
            "Object_NORAD": "41579",
            "Object_Name": "COSMOS2517",
            "Pass": "NO/SO-CCW"
        },
        {
            "AzimuthEnd": 180,
            "AzimuthMiddle": 131,
            "AzimuthStart": 2,
            "CPFSource": "43476_cpf_220114_5140.sdg",
            "CampaignTrack": false,
            "DateTimeEnd": "20220115.084157",
            "DateTimeMiddle": "20220115.083807",
            "DateTimeStart": "20220115.083417",
            "MaximumElevation": 83,
            "Object_NORAD": "43476",
            "Object_Name": "GRACEFO1",
            "Pass": "NE/S-CW"
        },
        {
            "AzimuthEnd": 181,
            "AzimuthMiddle": 62,
            "AzimuthStart": 2,
            "CPFSource": "43477_cpf_220114_5140.sdg",
            "CampaignTrack": false,
            "DateTimeEnd": "20220115.084217",
            "DateTimeMiddle": "20220115.083827",
            "DateTimeStart": "20220115.083447",
            "MaximumElevation": 85,
            "Object_NORAD": "43477",
            "Object_Name": "GRACEFO2",
            "Pass": "NE/SO-CW"
        },
        {
            "AzimuthEnd": 182,
            "AzimuthMiddle": 235,
            "AzimuthStart": 288,
            "CPFSource": "16908_cpf_220114_5140.sdg",
            "CampaignTrack": false,
            "DateTimeEnd": "20220115.090207",
            "DateTimeMiddle": "20220115.085437",
            "DateTimeStart": "20220115.084717",
            "MaximumElevation": 25,
            "Object_NORAD": "16908",
            "Object_Name": "AJISAI",
            "Pass": "NO/SO-CCW"
        },
        {
            "AzimuthEnd": 155,
            "AzimuthMiddle": 95,
            "AzimuthStart": 38,
            "CPFSource": "44083_cpf_220114_5140.sdg",
            "CampaignTrack": false,
            "DateTimeEnd": "20220115.094037",
            "DateTimeMiddle": "20220115.093717",
            "DateTimeStart": "20220115.093407",
            "MaximumElevation": 25,
            "Object_NORAD": "44083",
            "Object_Name": "ASTROCSTP2",
            "Pass": "NE/SE-CW"
        },
        {
            "AzimuthEnd": 157,
            "AzimuthMiddle": 95,
            "AzimuthStart": 36,
            "CPFSource": "41335_cpf_220114_5140.sdg",
            "CampaignTrack": false,
            "DateTimeEnd": "20220115.100357",
            "DateTimeMiddle": "20220115.095907",
            "DateTimeStart": "20220115.095427",
            "MaximumElevation": 28,
            "Object_NORAD": "41335",
            "Object_Name": "SENTINEL3A",
            "Pass": "NE/SE-CW"
        },
        {
            "AzimuthEnd": 33,
            "AzimuthMiddle": 111,
            "AzimuthStart": 193,
            "CPFSource": "46984_cpf_220114_5140.sdg",
            "CampaignTrack": false,
            "DateTimeEnd": "20220115.101357",
            "DateTimeMiddle": "20220115.100527",
            "DateTimeStart": "20220115.095707",
            "MaximumElevation": 66,
            "Object_NORAD": "46984",
            "Object_Name": "SENTINEL6A",
            "Pass": "SO/NE-CCW"
        },
        {
            "AzimuthEnd": 318,
            "AzimuthMiddle": 9,
            "AzimuthStart": 60,
            "CPFSource": "8820_cpf_220114_5140.sdg",
            "CampaignTrack": false,
            "DateTimeEnd": "20220115.105307",
            "DateTimeMiddle": "20220115.103047",
            "DateTimeStart": "20220115.100837",
            "MaximumElevation": 30,
            "Object_NORAD": "8820",
            "Object_Name": "LAGEOS1",
            "Pass": "NE/NO-CW"
        },
        {
            "AzimuthEnd": 158,
            "AzimuthMiddle": 94,
            "AzimuthStart": 35,
            "CPFSource": "43798_cpf_220114_5140.sdg",
            "CampaignTrack": false,
            "DateTimeEnd": "20220115.102047",
            "DateTimeMiddle": "20220115.101657",
            "DateTimeStart": "20220115.101317",
            "MaximumElevation": 27,
            "Object_NORAD": "43798",
            "Object_Name": "ASTROCSTP1",
            "Pass": "NE/SE-CW"
        },
        {
            "AzimuthEnd": 358,
            "AzimuthMiddle": 74,
            "AzimuthStart": 150,
            "CPFSource": "47944_cpf_220114_5140.sdg",
            "CampaignTrack": false,
            "DateTimeEnd": "20220115.104227",
            "DateTimeMiddle": "20220115.103817",
            "DateTimeStart": "20220115.103427",
            "MaximumElevation": 50,
            "Object_NORAD": "47944",
            "Object_Name": "ELSAD",
            "Pass": "SE/NO-CW"
        },
        {
            "AzimuthEnd": 201,
            "AzimuthMiddle": 293,
            "AzimuthStart": 9,
            "CPFSource": "43437_cpf_220114_5140.sdg",
            "CampaignTrack": false,
            "DateTimeEnd": "20220115.110537",
            "DateTimeMiddle": "20220115.105957",
            "DateTimeStart": "20220115.105437",
            "MaximumElevation": 73,
            "Object_NORAD": "43437",
            "Object_Name": "SENTINEL3B",
            "Pass": "NE/SO-CW"
        },
        {
            "AzimuthEnd": 229,
            "AzimuthMiddle": 291,
            "AzimuthStart": 352,
            "CPFSource": "41335_cpf_220114_5140.sdg",
            "CampaignTrack": false,
            "DateTimeEnd": "20220115.114337",
            "DateTimeMiddle": "20220115.113847",
            "DateTimeStart": "20220115.113407",
            "MaximumElevation": 31,
            "Object_NORAD": "41335",
            "Object_Name": "SENTINEL3A",
            "Pass": "NO/SO-CCW"
        },
        {
            "AzimuthEnd": 329,
            "AzimuthMiddle": 259,
            "AzimuthStart": 196,
            "CPFSource": "43186_cpf_220114_5140.sdg",
            "CampaignTrack": false,
            "DateTimeEnd": "20220115.115557",
            "DateTimeMiddle": "20220115.115157",
            "DateTimeStart": "20220115.114817",
            "MaximumElevation": 33,
            "Object_NORAD": "43186",
            "Object_Name": "SNETD",
            "Pass": "SO/NO-CW"
        },
        {
            "AzimuthEnd": 329,
            "AzimuthMiddle": 259,
            "AzimuthStart": 196,
            "CPFSource": "43187_cpf_220114_5140.sdg",
            "CampaignTrack": false,
            "DateTimeEnd": "20220115.115557",
            "DateTimeMiddle": "20220115.115157",
            "DateTimeStart": "20220115.114817",
            "MaximumElevation": 33,
            "Object_NORAD": "43187",
            "Object_Name": "SNETB",
            "Pass": "SO/NO-CW"
        },
        {
            "AzimuthEnd": 329,
            "AzimuthMiddle": 261,
            "AzimuthStart": 196,
            "CPFSource": "43188_cpf_220114_5140.sdg",
            "CampaignTrack": false,
            "DateTimeEnd": "20220115.115617",
            "DateTimeMiddle": "20220115.115217",
            "DateTimeStart": "20220115.114837",
            "MaximumElevation": 33,
            "Object_NORAD": "43188",
            "Object_Name": "SNETA",
            "Pass": "SO/NO-CW"
        },
        {
            "AzimuthEnd": 329,
            "AzimuthMiddle": 263,
            "AzimuthStart": 196,
            "CPFSource": "43189_cpf_220114_5140.sdg",
            "CampaignTrack": false,
            "DateTimeEnd": "20220115.115707",
            "DateTimeMiddle": "20220115.115307",
            "DateTimeStart": "20220115.114917",
            "MaximumElevation": 32,
            "Object_NORAD": "43189",
            "Object_Name": "SNETC",
            "Pass": "SO/NO-CW"
        },
        {
            "AzimuthEnd": 12,
            "AzimuthMiddle": 313,
            "AzimuthStart": 254,
            "CPFSource": "46984_cpf_220114_5140.sdg",
            "CampaignTrack": false,
            "DateTimeEnd": "20220115.120917",
            "DateTimeMiddle": "20220115.120157",
            "DateTimeStart": "20220115.115447",
            "MaximumElevation": 28,
            "Object_NORAD": "46984",
            "Object_Name": "SENTINEL6A",
            "Pass": "SO/NE-CW"
        },
        {
            "AzimuthEnd": 90,
            "AzimuthMiddle": 7,
            "AzimuthStart": 283,
            "CPFSource": "22195_cpf_220114_5140.sdg",
            "CampaignTrack": false,
            "DateTimeEnd": "20220115.133557",
            "DateTimeMiddle": "20220115.130227",
            "DateTimeStart": "20220115.122727",
            "MaximumElevation": 58,
            "Object_NORAD": "22195",
            "Object_Name": "LAGEOS2",
            "Pass": "NO/E-CW"
        },
        {
            "AzimuthEnd": 334,
            "AzimuthMiddle": 51,
            "AzimuthStart": 128,
            "CPFSource": "8820_cpf_220114_5140.sdg",
            "CampaignTrack": false,
            "DateTimeEnd": "20220115.142247",
            "DateTimeMiddle": "20220115.135337",
            "DateTimeStart": "20220115.132457",
            "MaximumElevation": 69,
            "Object_NORAD": "8820",
            "Object_Name": "LAGEOS1",
            "Pass": "SE/NO-CW"
        },
        {
            "AzimuthEnd": 207,
            "AzimuthMiddle": 283,
            "AzimuthStart": 3,
            "CPFSource": "27944_cpf_220114_5140.sdg",
            "CampaignTrack": false,
            "DateTimeEnd": "20220115.151407",
            "DateTimeMiddle": "20220115.150917",
            "DateTimeStart": "20220115.150437",
            "MaximumElevation": 56,
            "Object_NORAD": "27944",
            "Object_Name": "LARETS",
            "Pass": "NE/SO-CW"
        },
        {
            "AzimuthEnd": 211,
            "AzimuthMiddle": 282,
            "AzimuthStart": 359,
            "CPFSource": "48900_cpf_220114_5140.sdg",
            "CampaignTrack": false,
            "DateTimeEnd": "20220115.151807",
            "DateTimeMiddle": "20220115.151417",
            "DateTimeStart": "20220115.151027",
            "MaximumElevation": 45,
            "Object_NORAD": "48900",
            "Object_Name": "TUBIN",
            "Pass": "NO/SO-CCW"
        },
        {
            "AzimuthEnd": 154,
            "AzimuthMiddle": 234,
            "AzimuthStart": 311,
            "CPFSource": "22195_cpf_220114_5140.sdg",
            "CampaignTrack": false,
            "DateTimeEnd": "20220115.174257",
            "DateTimeMiddle": "20220115.171057",
            "DateTimeStart": "20220115.163747",
            "MaximumElevation": 72,
            "Object_NORAD": "22195",
            "Object_Name": "LAGEOS2",
            "Pass": "NO/SE-CCW"
        },
        {
            "AzimuthEnd": 323,
            "AzimuthMiddle": 259,
            "AzimuthStart": 197,
            "CPFSource": "8820_cpf_220114_5140.sdg",
            "CampaignTrack": false,
            "DateTimeEnd": "20220115.175357",
            "DateTimeMiddle": "20220115.172737",
            "DateTimeStart": "20220115.170247",
            "MaximumElevation": 33,
            "Object_NORAD": "8820",
            "Object_Name": "LAGEOS1",
            "Pass": "SO/NO-CW"
        },
        {
            "AzimuthEnd": 73,
            "AzimuthMiddle": 129,
            "AzimuthStart": 184,
            "CPFSource": "7646_cpf_220114_5140.sdg",
            "CampaignTrack": false,
            "DateTimeEnd": "20220115.172227",
            "DateTimeMiddle": "20220115.171707",
            "DateTimeStart": "20220115.171137",
            "MaximumElevation": 25,
            "Object_NORAD": "7646",
            "Object_Name": "STARLETTE",
            "Pass": "SO/NE-CCW"
        },
        {
            "AzimuthEnd": 14,
            "AzimuthMiddle": 65,
            "AzimuthStart": 115,
            "CPFSource": "22824_cpf_220114_5140.sdg",
            "CampaignTrack": false,
            "DateTimeEnd": "20220115.172707",
            "DateTimeMiddle": "20220115.172247",
            "DateTimeStart": "20220115.171837",
            "MaximumElevation": 21,
            "Object_NORAD": "22824",
            "Object_Name": "STELLA",
            "Pass": "SE/NE-CCW"
        },
        {
            "AzimuthEnd": 96,
            "AzimuthMiddle": 42,
            "AzimuthStart": 351,
            "CPFSource": "46984_cpf_220114_5140.sdg",
            "CampaignTrack": false,
            "DateTimeEnd": "20220115.180917",
            "DateTimeMiddle": "20220115.180227",
            "DateTimeStart": "20220115.175557",
            "MaximumElevation": 23,
            "Object_NORAD": "46984",
            "Object_Name": "SENTINEL6A",
            "Pass": "NO/SE-CW"
        },
        {
            "AzimuthEnd": 346,
            "AzimuthMiddle": 233,
            "AzimuthStart": 170,
            "CPFSource": "31698_cpf_220114_5140.sdg",
            "CampaignTrack": false,
            "DateTimeEnd": "20220115.181107",
            "DateTimeMiddle": "20220115.180707",
            "DateTimeStart": "20220115.180327",
            "MaximumElevation": 81,
            "Object_NORAD": "31698",
            "Object_Name": "TERRASARX",
            "Pass": "SE/NO-CW"
        },
        {
            "AzimuthEnd": 346,
            "AzimuthMiddle": 277,
            "AzimuthStart": 170,
            "CPFSource": "36605_cpf_220114_5140.sdg",
            "CampaignTrack": false,
            "DateTimeEnd": "20220115.181117",
            "DateTimeMiddle": "20220115.180717",
            "DateTimeStart": "20220115.180327",
            "MaximumElevation": 81,
            "Object_NORAD": "36605",
            "Object_Name": "TANDEMX",
            "Pass": "SE/NO-CW"
        },
        {
            "AzimuthEnd": 339,
            "AzimuthMiddle": 259,
            "AzimuthStart": 178,
            "CPFSource": "37781_cpf_220114_5140.sdg",
            "CampaignTrack": false,
            "DateTimeEnd": "20220115.182107",
            "DateTimeMiddle": "20220115.181447",
            "DateTimeStart": "20220115.180837",
            "MaximumElevation": 60,
            "Object_NORAD": "37781",
            "Object_Name": "HAIYANG2A",
            "Pass": "SE/NO-CW"
        },
        {
            "AzimuthEnd": 341,
            "AzimuthMiddle": 251,
            "AzimuthStart": 172,
            "CPFSource": "43655_cpf_220114_5140.sdg",
            "CampaignTrack": false,
            "DateTimeEnd": "20220115.182147",
            "DateTimeMiddle": "20220115.181517",
            "DateTimeStart": "20220115.180907",
            "MaximumElevation": 71,
            "Object_NORAD": "43655",
            "Object_Name": "HAIYANG2B",
            "Pass": "SE/NO-CW"
        },
        {
            "AzimuthEnd": 347,
            "AzimuthMiddle": 76,
            "AzimuthStart": 161,
            "CPFSource": "41579_cpf_220114_5140.sdg",
            "CampaignTrack": false,
            "DateTimeEnd": "20220115.182357",
            "DateTimeMiddle": "20220115.181737",
            "DateTimeStart": "20220115.181137",
            "MaximumElevation": 83,
            "Object_NORAD": "41579",
            "Object_Name": "COSMOS2517",
            "Pass": "SE/NO-CW"
        },
        {
            "AzimuthEnd": 154,
            "AzimuthMiddle": 93,
            "AzimuthStart": 27,
            "CPFSource": "43613_cpf_220114_5140.sdg",
            "CampaignTrack": false,
            "DateTimeEnd": "20220115.184857",
            "DateTimeMiddle": "20220115.184537",
            "DateTimeStart": "20220115.184217",
            "MaximumElevation": 29,
            "Object_NORAD": "43613",
            "Object_Name": "ICESAT2",
            "Pass": "NE/SE-CW"
        },
        {
            "AzimuthEnd": 332,
            "AzimuthMiddle": 261,
            "AzimuthStart": 189,
            "CPFSource": "22824_cpf_220114_5140.sdg",
            "CampaignTrack": false,
            "DateTimeEnd": "20220115.190727",
            "DateTimeMiddle": "20220115.190207",
            "DateTimeStart": "20220115.185657",
            "MaximumElevation": 42,
            "Object_NORAD": "22824",
            "Object_Name": "STELLA",
            "Pass": "SO/NO-CW"
        },
        {
            "AzimuthEnd": 49,
            "AzimuthMiddle": 327,
            "AzimuthStart": 238,
            "CPFSource": "7646_cpf_220114_5140.sdg",
            "CampaignTrack": false,
            "DateTimeEnd": "20220115.191207",
            "DateTimeMiddle": "20220115.190557",
            "DateTimeStart": "20220115.185917",
            "MaximumElevation": 74,
            "Object_NORAD": "7646",
            "Object_Name": "STARLETTE",
            "Pass": "SO/NE-CW"
        },
        {
            "AzimuthEnd": 157,
            "AzimuthMiddle": 235,
            "AzimuthStart": 329,
            "CPFSource": "46984_cpf_220114_5140.sdg",
            "CampaignTrack": false,
            "DateTimeEnd": "20220115.200757",
            "DateTimeMiddle": "20220115.195927",
            "DateTimeStart": "20220115.195057",
            "MaximumElevation": 82,
            "Object_NORAD": "46984",
            "Object_Name": "SENTINEL6A",
            "Pass": "NO/SE-CCW"
        },
        {
            "AzimuthEnd": 357,
            "AzimuthMiddle": 280,
            "AzimuthStart": 180,
            "CPFSource": "43476_cpf_220114_5140.sdg",
            "CampaignTrack": false,
            "DateTimeEnd": "20220115.205007",
            "DateTimeMiddle": "20220115.204607",
            "DateTimeStart": "20220115.204217",
            "MaximumElevation": 82,
            "Object_NORAD": "43476",
            "Object_Name": "GRACEFO1",
            "Pass": "S/NO-CW"
        },
        {
            "AzimuthEnd": 357,
            "AzimuthMiddle": 294,
            "AzimuthStart": 180,
            "CPFSource": "43477_cpf_220114_5140.sdg",
            "CampaignTrack": false,
            "DateTimeEnd": "20220115.205037",
            "DateTimeMiddle": "20220115.204637",
            "DateTimeStart": "20220115.204247",
            "MaximumElevation": 81,
            "Object_NORAD": "43477",
            "Object_Name": "GRACEFO2",
            "Pass": "S/NO-CW"
        },
        {
            "AzimuthEnd": 42,
            "AzimuthMiddle": 343,
            "AzimuthStart": 284,
            "CPFSource": "7646_cpf_220114_5140.sdg",
            "CampaignTrack": false,
            "DateTimeEnd": "20220115.210057",
            "DateTimeMiddle": "20220115.205547",
            "DateTimeStart": "20220115.205027",
            "MaximumElevation": 27,
            "Object_NORAD": "7646",
            "Object_Name": "STARLETTE",
            "Pass": "NO/NE-CW"
        },
        {
            "AzimuthEnd": 4,
            "AzimuthMiddle": 69,
            "AzimuthStart": 134,
            "CPFSource": "41335_cpf_220114_5140.sdg",
            "CampaignTrack": false,
            "DateTimeEnd": "20220115.212127",
            "DateTimeMiddle": "20220115.211627",
            "DateTimeStart": "20220115.211137",
            "MaximumElevation": 34,
            "Object_NORAD": "41335",
            "Object_Name": "SENTINEL3A",
            "Pass": "SE/NE-CCW"
        },
        {
            "AzimuthEnd": 224,
            "AzimuthMiddle": 289,
            "AzimuthStart": 350,
            "CPFSource": "42829_cpf_220114_5140.sdg",
            "CampaignTrack": false,
            "DateTimeEnd": "20220115.214207",
            "DateTimeMiddle": "20220115.213807",
            "DateTimeStart": "20220115.213427",
            "MaximumElevation": 30,
            "Object_NORAD": "42829",
            "Object_Name": "TECHNOSAT",
            "Pass": "NO/SO-CCW"
        },
        {
            "AzimuthEnd": 70,
            "AzimuthMiddle": 123,
            "AzimuthStart": 177,
            "CPFSource": "16908_cpf_220114_5140.sdg",
            "CampaignTrack": false,
            "DateTimeEnd": "20220115.215547",
            "DateTimeMiddle": "20220115.214827",
            "DateTimeStart": "20220115.214107",
            "MaximumElevation": 26,
            "Object_NORAD": "16908",
            "Object_Name": "AJISAI",
            "Pass": "SE/NE-CCW"
        },
        {
            "AzimuthEnd": 341,
            "AzimuthMiddle": 262,
            "AzimuthStart": 178,
            "CPFSource": "44083_cpf_220114_5140.sdg",
            "CampaignTrack": false,
            "DateTimeEnd": "20220115.214907",
            "DateTimeMiddle": "20220115.214517",
            "DateTimeStart": "20220115.214137",
            "MaximumElevation": 59,
            "Object_NORAD": "44083",
            "Object_Name": "ASTROCSTP2",
            "Pass": "SE/NO-CW"
        },
        {
            "AzimuthEnd": 340,
            "AzimuthMiddle": 262,
            "AzimuthStart": 178,
            "CPFSource": "43437_cpf_220114_5140.sdg",
            "CampaignTrack": false,
            "DateTimeEnd": "20220115.222237",
            "DateTimeMiddle": "20220115.221707",
            "DateTimeStart": "20220115.221147",
            "MaximumElevation": 60,
            "Object_NORAD": "43437",
            "Object_Name": "SENTINEL3B",
            "Pass": "SE/NO-CW"
        },
        {
            "AzimuthEnd": 333,
            "AzimuthMiddle": 264,
            "AzimuthStart": 189,
            "CPFSource": "43798_cpf_220114_5140.sdg",
            "CampaignTrack": false,
            "DateTimeEnd": "20220115.224217",
            "DateTimeMiddle": "20220115.223817",
            "DateTimeStart": "20220115.223417",
            "MaximumElevation": 40,
            "Object_NORAD": "43798",
            "Object_Name": "ASTROCSTP1",
            "Pass": "SO/NO-CW"
        },
        {
            "AzimuthEnd": 58,
            "AzimuthMiddle": 7,
            "AzimuthStart": 315,
            "CPFSource": "7646_cpf_220114_5140.sdg",
            "CampaignTrack": false,
            "DateTimeEnd": "20220115.225057",
            "DateTimeMiddle": "20220115.224627",
            "DateTimeStart": "20220115.224147",
            "MaximumElevation": 21,
            "Object_NORAD": "7646",
            "Object_Name": "STARLETTE",
            "Pass": "NO/NE-CW"
        },
        {
            "AzimuthEnd": 321,
            "AzimuthMiddle": 263,
            "AzimuthStart": 208,
            "CPFSource": "41335_cpf_220114_5140.sdg",
            "CampaignTrack": false,
            "DateTimeEnd": "20220115.230047",
            "DateTimeMiddle": "20220115.225607",
            "DateTimeStart": "20220115.225147",
            "MaximumElevation": 25,
            "Object_NORAD": "41335",
            "Object_Name": "SENTINEL3A",
            "Pass": "SO/NO-CW"
        },
        {
            "AzimuthEnd": 167,
            "AzimuthMiddle": 97,
            "AzimuthStart": 29,
            "CPFSource": "43186_cpf_220114_5140.sdg",
            "CampaignTrack": false,
            "DateTimeEnd": "20220115.233837",
            "DateTimeMiddle": "20220115.233437",
            "DateTimeStart": "20220115.233047",
            "MaximumElevation": 36,
            "Object_NORAD": "43186",
            "Object_Name": "SNETD",
            "Pass": "NE/SE-CW"
        },
        {
            "AzimuthEnd": 167,
            "AzimuthMiddle": 97,
            "AzimuthStart": 29,
            "CPFSource": "43187_cpf_220114_5140.sdg",
            "CampaignTrack": false,
            "DateTimeEnd": "20220115.233837",
            "DateTimeMiddle": "20220115.233437",
            "DateTimeStart": "20220115.233047",
            "MaximumElevation": 36,
            "Object_NORAD": "43187",
            "Object_Name": "SNETB",
            "Pass": "NE/SE-CW"
        },
        {
            "AzimuthEnd": 167,
            "AzimuthMiddle": 98,
            "AzimuthStart": 29,
            "CPFSource": "43188_cpf_220114_5140.sdg",
            "CampaignTrack": false,
            "DateTimeEnd": "20220115.233857",
            "DateTimeMiddle": "20220115.233457",
            "DateTimeStart": "20220115.233107",
            "MaximumElevation": 37,
            "Object_NORAD": "43188",
            "Object_Name": "SNETA",
            "Pass": "NE/SE-CW"
        },
        {
            "AzimuthEnd": 79,
            "AzimuthMiddle": 139,
            "AzimuthStart": 201,
            "CPFSource": "1328_cpf_220114_5140.sdg",
            "CampaignTrack": false,
            "DateTimeEnd": "20220115.234627",
            "DateTimeMiddle": "20220115.233917",
            "DateTimeStart": "20220115.233147",
            "MaximumElevation": 33,
            "Object_NORAD": "1328",
            "Object_Name": "EXPLORER27",
            "Pass": "SO/NE-CCW"
        },
        {
            "AzimuthEnd": 169,
            "AzimuthMiddle": 101,
            "AzimuthStart": 28,
            "CPFSource": "43189_cpf_220114_5140.sdg",
            "CampaignTrack": false,
            "DateTimeEnd": "20220115.233947",
            "DateTimeMiddle": "20220115.233547",
            "DateTimeStart": "20220115.233147",
            "MaximumElevation": 38,
            "Object_NORAD": "43189",
            "Object_Name": "SNETC",
            "Pass": "NE/SE-CW"
        },
        {
            "AzimuthEnd": 52,
            "AzimuthMiddle": 292,
            "AzimuthStart": 230,
            "CPFSource": "16908_cpf_220114_5140.sdg",
            "CampaignTrack": false,
            "DateTimeEnd": "20220115.235847",
            "DateTimeMiddle": "20220115.234917",
            "DateTimeStart": "20220115.234007",
            "MaximumElevation": 88,
            "Object_NORAD": "16908",
            "Object_Name": "AJISAI",
            "Pass": "SO/NE-CW"
        },
        {
            "AzimuthEnd": 200,
            "AzimuthMiddle": 276,
            "AzimuthStart": 6,
            "CPFSource": "47944_cpf_220114_5140.sdg",
            "CampaignTrack": false,
            "DateTimeEnd": "20220115.235527",
            "DateTimeMiddle": "20220115.235117",
            "DateTimeStart": "20220115.234707",
            "MaximumElevation": 67,
            "Object_NORAD": "47944",
            "Object_Name": "ELSAD",
            "Pass": "NE/SO-CW"
        },
        {
            "AzimuthEnd": 101,
            "AzimuthMiddle": 28,
            "AzimuthStart": 316,
            "CPFSource": "7646_cpf_220114_5140.sdg",
            "CampaignTrack": false,
            "DateTimeEnd": "20220116.004207",
            "DateTimeMiddle": "20220116.003637",
            "DateTimeStart": "20220116.003107",
            "MaximumElevation": 43,
            "Object_NORAD": "7646",
            "Object_Name": "STARLETTE",
            "Pass": "NO/SE-CW"
        },
        {
            "AzimuthEnd": 69,
            "AzimuthMiddle": 155,
            "AzimuthStart": 242,
            "CPFSource": "1328_cpf_220114_5140.sdg",
            "CampaignTrack": false,
            "DateTimeEnd": "20220116.014047",
            "DateTimeMiddle": "20220116.013247",
            "DateTimeStart": "20220116.012417",
            "MaximumElevation": 84,
            "Object_NORAD": "1328",
            "Object_Name": "EXPLORER27",
            "Pass": "SO/NE-CCW"
        },
        {
            "AzimuthEnd": 52,
            "AzimuthMiddle": 343,
            "AzimuthStart": 274,
            "CPFSource": "16908_cpf_220114_5140.sdg",
            "CampaignTrack": false,
            "DateTimeEnd": "20220116.020057",
            "DateTimeMiddle": "20220116.015207",
            "DateTimeStart": "20220116.014327",
            "MaximumElevation": 40,
            "Object_NORAD": "16908",
            "Object_Name": "AJISAI",
            "Pass": "NO/NE-CW"
        },
        {
            "AzimuthEnd": 356,
            "AzimuthMiddle": 73,
            "AzimuthStart": 153,
            "CPFSource": "48900_cpf_220114_5140.sdg",
            "CampaignTrack": false,
            "DateTimeEnd": "20220116.015717",
            "DateTimeMiddle": "20220116.015317",
            "DateTimeStart": "20220116.014927",
            "MaximumElevation": 55,
            "Object_NORAD": "48900",
            "Object_Name": "TUBIN",
            "Pass": "SE/NO-CW"
        },
        {
            "AzimuthEnd": 164,
            "AzimuthMiddle": 101,
            "AzimuthStart": 35,
            "CPFSource": "8820_cpf_220114_5140.sdg",
            "CampaignTrack": false,
            "DateTimeEnd": "20220116.024317",
            "DateTimeMiddle": "20220116.021747",
            "DateTimeStart": "20220116.015057",
            "MaximumElevation": 34,
            "Object_NORAD": "8820",
            "Object_Name": "LAGEOS1",
            "Pass": "NE/SE-CW"
        },
        {
            "AzimuthEnd": 344,
            "AzimuthMiddle": 251,
            "AzimuthStart": 171,
            "CPFSource": "27944_cpf_220114_5140.sdg",
            "CampaignTrack": false,
            "DateTimeEnd": "20220116.021437",
            "DateTimeMiddle": "20220116.020937",
            "DateTimeStart": "20220116.020457",
            "MaximumElevation": 74,
            "Object_NORAD": "27944",
            "Object_Name": "LARETS",
            "Pass": "SE/NO-CW"
        },
        {
            "AzimuthEnd": 155,
            "AzimuthMiddle": 225,
            "AzimuthStart": 296,
            "CPFSource": "7646_cpf_220114_5140.sdg",
            "CampaignTrack": false,
            "DateTimeEnd": "20220116.023107",
            "DateTimeMiddle": "20220116.022537",
            "DateTimeStart": "20220116.022017",
            "MaximumElevation": 42,
            "Object_NORAD": "7646",
            "Object_Name": "STARLETTE",
            "Pass": "NO/SE-CCW"
        },
        {
            "AzimuthEnd": 75,
            "AzimuthMiddle": 353,
            "AzimuthStart": 273,
            "CPFSource": "1328_cpf_220114_5140.sdg",
            "CampaignTrack": false,
            "DateTimeEnd": "20220116.033437",
            "DateTimeMiddle": "20220116.032707",
            "DateTimeStart": "20220116.031857",
            "MaximumElevation": 62,
            "Object_NORAD": "1328",
            "Object_Name": "EXPLORER27",
            "Pass": "NO/NE-CW"
        },
        {
            "AzimuthEnd": 75,
            "AzimuthMiddle": 9,
            "AzimuthStart": 303,
            "CPFSource": "16908_cpf_220114_5140.sdg",
            "CampaignTrack": false,
            "DateTimeEnd": "20220116.040437",
            "DateTimeMiddle": "20220116.035607",
            "DateTimeStart": "20220116.034737",
            "MaximumElevation": 36,
            "Object_NORAD": "16908",
            "Object_Name": "AJISAI",
            "Pass": "NO/NE-CW"
        },
        {
            "AzimuthEnd": 100,
            "AzimuthMiddle": 15,
            "AzimuthStart": 289,
            "CPFSource": "1328_cpf_220114_5140.sdg",
            "CampaignTrack": false,
            "DateTimeEnd": "20220116.052847",
            "DateTimeMiddle": "20220116.052137",
            "DateTimeStart": "20220116.051347",
            "MaximumElevation": 72,
            "Object_NORAD": "1328",
            "Object_Name": "EXPLORER27",
            "Pass": "NO/SE-CW"
        },
        {
            "AzimuthEnd": 232,
            "AzimuthMiddle": 310,
            "AzimuthStart": 25,
            "CPFSource": "8820_cpf_220114_5140.sdg",
            "CampaignTrack": false,
            "DateTimeEnd": "20220116.062017",
            "DateTimeMiddle": "20220116.055117",
            "DateTimeStart": "20220116.052227",
            "MaximumElevation": 68,
            "Object_NORAD": "8820",
            "Object_Name": "LAGEOS1",
            "Pass": "NE/SO-CW"
        },
        {
            "AzimuthEnd": 116,
            "AzimuthMiddle": 30,
            "AzimuthStart": 309,
            "CPFSource": "16908_cpf_220114_5140.sdg",
            "CampaignTrack": false,
            "DateTimeEnd": "20220116.060847",
            "DateTimeMiddle": "20220116.055917",
            "DateTimeStart": "20220116.055007",
            "MaximumElevation": 67,
            "Object_NORAD": "16908",
            "Object_Name": "AJISAI",
            "Pass": "NO/SE-CW"
        },
        {
            "AzimuthEnd": 47,
            "AzimuthMiddle": 118,
            "AzimuthStart": 191,
            "CPFSource": "22195_cpf_220114_5140.sdg",
            "CampaignTrack": false,
            "DateTimeEnd": "20220116.072837",
            "DateTimeMiddle": "20220116.065607",
            "DateTimeStart": "20220116.062307",
            "MaximumElevation": 57,
            "Object_NORAD": "22195",
            "Object_Name": "LAGEOS2",
            "Pass": "SO/NE-CCW"
        },
        {
            "AzimuthEnd": 3,
            "AzimuthMiddle": 82,
            "AzimuthStart": 161,
            "CPFSource": "43613_cpf_220114_5140.sdg",
            "CampaignTrack": false,
            "DateTimeEnd": "20220116.065537",
            "DateTimeMiddle": "20220116.065147",
            "DateTimeStart": "20220116.064807",
            "MaximumElevation": 56,
            "Object_NORAD": "43613",
            "Object_Name": "ICESAT2",
            "Pass": "SE/NE-CCW"
        },
        {
            "AzimuthEnd": 182,
            "AzimuthMiddle": 98,
            "AzimuthStart": 21,
            "CPFSource": "41579_cpf_220114_5140.sdg",
            "CampaignTrack": false,
            "DateTimeEnd": "20220116.070217",
            "DateTimeMiddle": "20220116.065607",
            "DateTimeStart": "20220116.065007",
            "MaximumElevation": 60,
            "Object_NORAD": "41579",
            "Object_Name": "COSMOS2517",
            "Pass": "NE/SO-CW"
        },
        {
            "AzimuthEnd": 200,
            "AzimuthMiddle": 296,
            "AzimuthStart": 10,
            "CPFSource": "37781_cpf_220114_5140.sdg",
            "CampaignTrack": false,
            "DateTimeEnd": "20220116.070337",
            "DateTimeMiddle": "20220116.065707",
            "DateTimeStart": "20220116.065057",
            "MaximumElevation": 77,
            "Object_NORAD": "37781",
            "Object_Name": "HAIYANG2A",
            "Pass": "NE/SO-CW"
        },
        {
            "AzimuthEnd": 195,
            "AzimuthMiddle": 43,
            "AzimuthStart": 14,
            "CPFSource": "43655_cpf_220114_5140.sdg",
            "CampaignTrack": false,
            "DateTimeEnd": "20220116.070357",
            "DateTimeMiddle": "20220116.065727",
            "DateTimeStart": "20220116.065117",
            "MaximumElevation": 87,
            "Object_NORAD": "43655",
            "Object_Name": "HAIYANG2B",
            "Pass": "NE/SO-CW"
        },
        {
            "AzimuthEnd": 139,
            "AzimuthMiddle": 213,
            "AzimuthStart": 286,
            "CPFSource": "1328_cpf_220114_5140.sdg",
            "CampaignTrack": false,
            "DateTimeEnd": "20220116.072147",
            "DateTimeMiddle": "20220116.071517",
            "DateTimeStart": "20220116.070817",
            "MaximumElevation": 50,
            "Object_NORAD": "1328",
            "Object_Name": "EXPLORER27",
            "Pass": "NO/SE-CCW"
        },
        {
            "AzimuthEnd": 215,
            "AzimuthMiddle": 283,
            "AzimuthStart": 355,
            "CPFSource": "31698_cpf_220114_5140.sdg",
            "CampaignTrack": false,
            "DateTimeEnd": "20220116.071727",
            "DateTimeMiddle": "20220116.071347",
            "DateTimeStart": "20220116.071007",
            "MaximumElevation": 38,
            "Object_NORAD": "31698",
            "Object_Name": "TERRASARX",
            "Pass": "NO/SO-CCW"
        },
        {
            "AzimuthEnd": 215,
            "AzimuthMiddle": 285,
            "AzimuthStart": 356,
            "CPFSource": "36605_cpf_220114_5140.sdg",
            "CampaignTrack": false,
            "DateTimeEnd": "20220116.071727",
            "DateTimeMiddle": "20220116.071347",
            "DateTimeStart": "20220116.071007",
            "MaximumElevation": 38,
            "Object_NORAD": "36605",
            "Object_Name": "TANDEMX",
            "Pass": "NO/SO-CCW"
        },
        {
            "AzimuthEnd": 193,
            "AzimuthMiddle": 123,
            "AzimuthStart": 14,
            "CPFSource": "22824_cpf_220114_5140.sdg",
            "CampaignTrack": false,
            "DateTimeEnd": "20220116.072427",
            "DateTimeMiddle": "20220116.071857",
            "DateTimeStart": "20220116.071327",
            "MaximumElevation": 84,
            "Object_NORAD": "22824",
            "Object_Name": "STELLA",
            "Pass": "NE/SO-CW"
        },
        {
            "AzimuthEnd": 164,
            "AzimuthMiddle": 232,
            "AzimuthStart": 297,
            "CPFSource": "16908_cpf_220114_5140.sdg",
            "CampaignTrack": false,
            "DateTimeEnd": "20220116.080927",
            "DateTimeMiddle": "20220116.080047",
            "DateTimeStart": "20220116.075217",
            "MaximumElevation": 40,
            "Object_NORAD": "16908",
            "Object_Name": "AJISAI",
            "Pass": "NO/SE-CCW"
        },
        {
            "AzimuthEnd": 164,
            "AzimuthMiddle": 86,
            "AzimuthStart": 14,
            "CPFSource": "43476_cpf_220114_5140.sdg",
            "CampaignTrack": false,
            "DateTimeEnd": "20220116.081947",
            "DateTimeMiddle": "20220116.081557",
            "DateTimeStart": "20220116.081227",
            "MaximumElevation": 45,
            "Object_NORAD": "43476",
            "Object_Name": "GRACEFO1",
            "Pass": "NE/SE-CW"
        },
        {
            "AzimuthEnd": 164,
            "AzimuthMiddle": 88,
            "AzimuthStart": 13,
            "CPFSource": "43477_cpf_220114_5140.sdg",
            "CampaignTrack": false,
            "DateTimeEnd": "20220116.082007",
            "DateTimeMiddle": "20220116.081627",
            "DateTimeStart": "20220116.081247",
            "MaximumElevation": 46,
            "Object_NORAD": "43477",
            "Object_Name": "GRACEFO2",
            "Pass": "NE/SE-CW"
        },
        {
            "AzimuthEnd": 343,
            "AzimuthMiddle": 255,
            "AzimuthStart": 175,
            "CPFSource": "42829_cpf_220114_5140.sdg",
            "CampaignTrack": false,
            "DateTimeEnd": "20220116.083047",
            "DateTimeMiddle": "20220116.082617",
            "DateTimeStart": "20220116.082157",
            "MaximumElevation": 68,
            "Object_NORAD": "42829",
            "Object_Name": "TECHNOSAT",
            "Pass": "SE/NO-CW"
        },
        {
            "AzimuthEnd": 299,
            "AzimuthMiddle": 351,
            "AzimuthStart": 42,
            "CPFSource": "8820_cpf_220114_5140.sdg",
            "CampaignTrack": false,
            "DateTimeEnd": "20220116.093617",
            "DateTimeMiddle": "20220116.091357",
            "DateTimeStart": "20220116.085157",
            "MaximumElevation": 30,
            "Object_NORAD": "8820",
            "Object_Name": "LAGEOS1",
            "Pass": "NE/NO-CW"
        },
        {
            "AzimuthEnd": 162,
            "AzimuthMiddle": 95,
            "AzimuthStart": 33,
            "CPFSource": "43798_cpf_220114_5140.sdg",
            "CampaignTrack": false,
            "DateTimeEnd": "20220116.102507",
            "DateTimeMiddle": "20220116.102107",
            "DateTimeStart": "20220116.101727",
            "MaximumElevation": 31,
            "Object_NORAD": "43798",
            "Object_Name": "ASTROCSTP1",
            "Pass": "NE/SE-CW"
        },
        {
            "AzimuthEnd": 26,
            "AzimuthMiddle": 298,
            "AzimuthStart": 211,
            "CPFSource": "46984_cpf_220114_5140.sdg",
            "CampaignTrack": false,
            "DateTimeEnd": "20220116.103637",
            "DateTimeMiddle": "20220116.102757",
            "DateTimeStart": "20220116.101937",
            "MaximumElevation": 79,
            "Object_NORAD": "46984",
            "Object_Name": "SENTINEL6A",
            "Pass": "SO/NE-CW"
        },
        {
            "AzimuthEnd": 66,
            "AzimuthMiddle": 340,
            "AzimuthStart": 256,
            "CPFSource": "22195_cpf_220114_5140.sdg",
            "CampaignTrack": false,
            "DateTimeEnd": "20220116.113607",
            "DateTimeMiddle": "20220116.110137",
            "DateTimeStart": "20220116.102637",
            "MaximumElevation": 62,
            "Object_NORAD": "22195",
            "Object_Name": "LAGEOS2",
            "Pass": "SO/NE-CW"
        },
        {
            "AzimuthEnd": 183,
            "AzimuthMiddle": 97,
            "AzimuthStart": 19,
            "CPFSource": "43437_cpf_220114_5140.sdg",
            "CampaignTrack": false,
            "DateTimeEnd": "20220116.103937",
            "DateTimeMiddle": "20220116.103407",
            "DateTimeStart": "20220116.102847",
            "MaximumElevation": 62,
            "Object_NORAD": "43437",
            "Object_Name": "SENTINEL3B",
            "Pass": "NE/SO-CW"
        },
        {
            "AzimuthEnd": 1,
            "AzimuthMiddle": 74,
            "AzimuthStart": 145,
            "CPFSource": "47944_cpf_220114_5140.sdg",
            "CampaignTrack": false,
            "DateTimeEnd": "20220116.103637",
            "DateTimeMiddle": "20220116.103237",
            "DateTimeStart": "20220116.102847",
            "MaximumElevation": 42,
            "Object_NORAD": "47944",
            "Object_Name": "ELSAD",
            "Pass": "SE/NE-CCW"
        },
        {
            "AzimuthEnd": 222,
            "AzimuthMiddle": 289,
            "AzimuthStart": 350,
            "CPFSource": "44083_cpf_220114_5140.sdg",
            "CampaignTrack": false,
            "DateTimeEnd": "20220116.105257",
            "DateTimeMiddle": "20220116.104917",
            "DateTimeStart": "20220116.104557",
            "MaximumElevation": 30,
            "Object_NORAD": "44083",
            "Object_Name": "ASTROCSTP2",
            "Pass": "NO/SO-CCW"
        },
        {
            "AzimuthEnd": 210,
            "AzimuthMiddle": 286,
            "AzimuthStart": 3,
            "CPFSource": "41335_cpf_220114_5140.sdg",
            "CampaignTrack": false,
            "DateTimeEnd": "20220116.111827",
            "DateTimeMiddle": "20220116.111307",
            "DateTimeStart": "20220116.110747",
            "MaximumElevation": 54,
            "Object_NORAD": "41335",
            "Object_Name": "SENTINEL3A",
            "Pass": "NE/SO-CW"
        },
        {
            "AzimuthEnd": 326,
            "AzimuthMiddle": 262,
            "AzimuthStart": 199,
            "CPFSource": "43186_cpf_220114_5140.sdg",
            "CampaignTrack": false,
            "DateTimeEnd": "20220116.115917",
            "DateTimeMiddle": "20220116.115527",
            "DateTimeStart": "20220116.115147",
            "MaximumElevation": 30,
            "Object_NORAD": "43186",
            "Object_Name": "SNETD",
            "Pass": "SO/NO-CW"
        },
        {
            "AzimuthEnd": 326,
            "AzimuthMiddle": 262,
            "AzimuthStart": 199,
            "CPFSource": "43187_cpf_220114_5140.sdg",
            "CampaignTrack": false,
            "DateTimeEnd": "20220116.115917",
            "DateTimeMiddle": "20220116.115527",
            "DateTimeStart": "20220116.115147",
            "MaximumElevation": 30,
            "Object_NORAD": "43187",
            "Object_Name": "SNETB",
            "Pass": "SO/NO-CW"
        },
        {
            "AzimuthEnd": 327,
            "AzimuthMiddle": 263,
            "AzimuthStart": 199,
            "CPFSource": "43188_cpf_220114_5140.sdg",
            "CampaignTrack": false,
            "DateTimeEnd": "20220116.115937",
            "DateTimeMiddle": "20220116.115547",
            "DateTimeStart": "20220116.115207",
            "MaximumElevation": 30,
            "Object_NORAD": "43188",
            "Object_Name": "SNETA",
            "Pass": "SO/NO-CW"
        },
        {
            "AzimuthEnd": 326,
            "AzimuthMiddle": 265,
            "AzimuthStart": 201,
            "CPFSource": "43189_cpf_220114_5140.sdg",
            "CampaignTrack": false,
            "DateTimeEnd": "20220116.120027",
            "DateTimeMiddle": "20220116.115637",
            "DateTimeStart": "20220116.115257",
            "MaximumElevation": 29,
            "Object_NORAD": "43189",
            "Object_Name": "SNETC",
            "Pass": "SO/NO-CW"
        },
        {
            "AzimuthEnd": 332,
            "AzimuthMiddle": 36,
            "AzimuthStart": 103,
            "CPFSource": "8820_cpf_220114_5140.sdg",
            "CampaignTrack": false,
            "DateTimeEnd": "20220116.130027",
            "DateTimeMiddle": "20220116.123347",
            "DateTimeStart": "20220116.120717",
            "MaximumElevation": 48,
            "Object_NORAD": "8820",
            "Object_Name": "LAGEOS1",
            "Pass": "SE/NO-CW"
        },
        {
            "AzimuthEnd": 161,
            "AzimuthMiddle": 95,
            "AzimuthStart": 34,
            "CPFSource": "27944_cpf_220114_5140.sdg",
            "CampaignTrack": false,
            "DateTimeEnd": "20220116.141257",
            "DateTimeMiddle": "20220116.140827",
            "DateTimeStart": "20220116.140417",
            "MaximumElevation": 30,
            "Object_NORAD": "27944",
            "Object_Name": "LARETS",
            "Pass": "NE/SE-CW"
        },
        {
            "AzimuthEnd": 126,
            "AzimuthMiddle": 38,
            "AzimuthStart": 305,
            "CPFSource": "22195_cpf_220114_5140.sdg",
            "CampaignTrack": false,
            "DateTimeEnd": "20220116.154917",
            "DateTimeMiddle": "20220116.151617",
            "DateTimeStart": "20220116.144127",
            "MaximumElevation": 77,
            "Object_NORAD": "22195",
            "Object_Name": "LAGEOS2",
            "Pass": "NO/SE-CW"
        },
        {
            "AzimuthEnd": 201,
            "AzimuthMiddle": 275,
            "AzimuthStart": 5,
            "CPFSource": "48900_cpf_220114_5140.sdg",
            "CampaignTrack": false,
            "DateTimeEnd": "20220116.150717",
            "DateTimeMiddle": "20220116.150317",
            "DateTimeStart": "20220116.145917",
            "MaximumElevation": 65,
            "Object_NORAD": "48900",
            "Object_Name": "TUBIN",
            "Pass": "NE/SO-CW"
        },
        {
            "AzimuthEnd": 331,
            "AzimuthMiddle": 248,
            "AzimuthStart": 169,
            "CPFSource": "8820_cpf_220114_5140.sdg",
            "CampaignTrack": false,
            "DateTimeEnd": "20220116.163337",
            "DateTimeMiddle": "20220116.160337",
            "DateTimeStart": "20220116.153457",
            "MaximumElevation": 60,
            "Object_NORAD": "8820",
            "Object_Name": "LAGEOS1",
            "Pass": "SE/NO-CW"
        },
        {
            "AzimuthEnd": 237,
            "AzimuthMiddle": 292,
            "AzimuthStart": 345,
            "CPFSource": "27944_cpf_220114_5140.sdg",
            "CampaignTrack": false,
            "DateTimeEnd": "20220116.154937",
            "DateTimeMiddle": "20220116.154537",
            "DateTimeStart": "20220116.154147",
            "MaximumElevation": 23,
            "Object_NORAD": "27944",
            "Object_Name": "LARETS",
            "Pass": "NO/SO-CCW"
        },
        {
            "AzimuthEnd": 6,
            "AzimuthMiddle": 67,
            "AzimuthStart": 124,
            "CPFSource": "37781_cpf_220114_5140.sdg",
            "CampaignTrack": false,
            "DateTimeEnd": "20220116.170007",
            "DateTimeMiddle": "20220116.165437",
            "DateTimeStart": "20220116.164927",
            "MaximumElevation": 29,
            "Object_NORAD": "37781",
            "Object_Name": "HAIYANG2A",
            "Pass": "SE/NE-CCW"
        },
        {
            "AzimuthEnd": 10,
            "AzimuthMiddle": 65,
            "AzimuthStart": 118,
            "CPFSource": "43655_cpf_220114_5140.sdg",
            "CampaignTrack": false,
            "DateTimeEnd": "20220116.165957",
            "DateTimeMiddle": "20220116.165447",
            "DateTimeStart": "20220116.164947",
            "MaximumElevation": 25,
            "Object_NORAD": "43655",
            "Object_Name": "HAIYANG2B",
            "Pass": "SE/NE-CCW"
        },
        {
            "AzimuthEnd": 62,
            "AzimuthMiddle": 134,
            "AzimuthStart": 204,
            "CPFSource": "7646_cpf_220114_5140.sdg",
            "CampaignTrack": false,
            "DateTimeEnd": "20220116.174217",
            "DateTimeMiddle": "20220116.173607",
            "DateTimeStart": "20220116.172947",
            "MaximumElevation": 45,
            "Object_NORAD": "7646",
            "Object_Name": "STARLETTE",
            "Pass": "SO/NE-CCW"
        },
        {
            "AzimuthEnd": 356,
            "AzimuthMiddle": 74,
            "AzimuthStart": 154,
            "CPFSource": "31698_cpf_220114_5140.sdg",
            "CampaignTrack": false,
            "DateTimeEnd": "20220116.175357",
            "DateTimeMiddle": "20220116.175007",
            "DateTimeStart": "20220116.174627",
            "MaximumElevation": 56,
            "Object_NORAD": "31698",
            "Object_Name": "TERRASARX",
            "Pass": "SE/NO-CW"
        },
        {
            "AzimuthEnd": 356,
            "AzimuthMiddle": 80,
            "AzimuthStart": 154,
            "CPFSource": "36605_cpf_220114_5140.sdg",
            "CampaignTrack": false,
            "DateTimeEnd": "20220116.175407",
            "DateTimeMiddle": "20220116.175007",
            "DateTimeStart": "20220116.174627",
            "MaximumElevation": 56,
            "Object_NORAD": "36605",
            "Object_Name": "TANDEMX",
            "Pass": "SE/NO-CW"
        },
        {
            "AzimuthEnd": 116,
            "AzimuthMiddle": 51,
            "AzimuthStart": 345,
            "CPFSource": "46984_cpf_220114_5140.sdg",
            "CampaignTrack": false,
            "DateTimeEnd": "20220116.183327",
            "DateTimeMiddle": "20220116.182547",
            "DateTimeStart": "20220116.181807",
            "MaximumElevation": 35,
            "Object_NORAD": "46984",
            "Object_Name": "SENTINEL6A",
            "Pass": "NO/SE-CW"
        },
        {
            "AzimuthEnd": 342,
            "AzimuthMiddle": 253,
            "AzimuthStart": 171,
            "CPFSource": "41579_cpf_220114_5140.sdg",
            "CampaignTrack": false,
            "DateTimeEnd": "20220116.183907",
            "DateTimeMiddle": "20220116.183247",
            "DateTimeStart": "20220116.182647",
            "MaximumElevation": 73,
            "Object_NORAD": "41579",
            "Object_Name": "COSMOS2517",
            "Pass": "SE/NO-CW"
        },
        {
            "AzimuthEnd": 343,
            "AzimuthMiddle": 266,
            "AzimuthStart": 169,
            "CPFSource": "22824_cpf_220114_5140.sdg",
            "CampaignTrack": false,
            "DateTimeEnd": "20220116.184107",
            "DateTimeMiddle": "20220116.183537",
            "DateTimeStart": "20220116.183007",
            "MaximumElevation": 77,
            "Object_NORAD": "22824",
            "Object_Name": "STELLA",
            "Pass": "SE/NO-CW"
        },
        {
            "AzimuthEnd": 333,
            "AzimuthMiddle": 259,
            "AzimuthStart": 187,
            "CPFSource": "43655_cpf_220114_5140.sdg",
            "CampaignTrack": false,
            "DateTimeEnd": "20220116.184337",
            "DateTimeMiddle": "20220116.183727",
            "DateTimeStart": "20220116.183137",
            "MaximumElevation": 45,
            "Object_NORAD": "43655",
            "Object_Name": "HAIYANG2B",
            "Pass": "SO/NO-CW"
        },
        {
            "AzimuthEnd": 330,
            "AzimuthMiddle": 260,
            "AzimuthStart": 193,
            "CPFSource": "37781_cpf_220114_5140.sdg",
            "CampaignTrack": false,
            "DateTimeEnd": "20220116.184327",
            "DateTimeMiddle": "20220116.183727",
            "DateTimeStart": "20220116.183147",
            "MaximumElevation": 38,
            "Object_NORAD": "37781",
            "Object_Name": "HAIYANG2A",
            "Pass": "SO/NO-CW"
        },
        {
            "AzimuthEnd": 193,
            "AzimuthMiddle": 252,
            "AzimuthStart": 307,
            "CPFSource": "22195_cpf_220114_5140.sdg",
            "CampaignTrack": false,
            "DateTimeEnd": "20220116.194147",
            "DateTimeMiddle": "20220116.191507",
            "DateTimeStart": "20220116.184857",
            "MaximumElevation": 33,
            "Object_NORAD": "22195",
            "Object_Name": "LAGEOS2",
            "Pass": "NO/SO-CCW"
        },
        {
            "AzimuthEnd": 45,
            "AzimuthMiddle": 330,
            "AzimuthStart": 255,
            "CPFSource": "7646_cpf_220114_5140.sdg",
            "CampaignTrack": false,
            "DateTimeEnd": "20220116.193117",
            "DateTimeMiddle": "20220116.192517",
            "DateTimeStart": "20220116.191857",
            "MaximumElevation": 48,
            "Object_NORAD": "7646",
            "Object_Name": "STARLETTE",
            "Pass": "SO/NE-CW"
        },
        {
            "AzimuthEnd": 223,
            "AzimuthMiddle": 281,
            "AzimuthStart": 337,
            "CPFSource": "43613_cpf_220114_5140.sdg",
            "CampaignTrack": false,
            "DateTimeEnd": "20220116.195657",
            "DateTimeMiddle": "20220116.195347",
            "DateTimeStart": "20220116.195047",
            "MaximumElevation": 24,
            "Object_NORAD": "43613",
            "Object_Name": "ICESAT2",
            "Pass": "NO/SO-CCW"
        },
        {
            "AzimuthEnd": 149,
            "AzimuthMiddle": 94,
            "AzimuthStart": 42,
            "CPFSource": "42829_cpf_220114_5140.sdg",
            "CampaignTrack": false,
            "DateTimeEnd": "20220116.201507",
            "DateTimeMiddle": "20220116.201137",
            "DateTimeStart": "20220116.200817",
            "MaximumElevation": 22,
            "Object_NORAD": "42829",
            "Object_Name": "TECHNOSAT",
            "Pass": "NE/SE-CW"
        },
        {
            "AzimuthEnd": 175,
            "AzimuthMiddle": 250,
            "AzimuthStart": 322,
            "CPFSource": "46984_cpf_220114_5140.sdg",
            "CampaignTrack": false,
            "DateTimeEnd": "20220116.202957",
            "DateTimeMiddle": "20220116.202147",
            "DateTimeStart": "20220116.201347",
            "MaximumElevation": 51,
            "Object_NORAD": "46984",
            "Object_Name": "SENTINEL6A",
            "Pass": "NO/SE-CCW"
        },
        {
            "AzimuthEnd": 8,
            "AzimuthMiddle": 84,
            "AzimuthStart": 163,
            "CPFSource": "43476_cpf_220114_5140.sdg",
            "CampaignTrack": false,
            "DateTimeEnd": "20220116.202757",
            "DateTimeMiddle": "20220116.202407",
            "DateTimeStart": "20220116.202027",
            "MaximumElevation": 53,
            "Object_NORAD": "43476",
            "Object_Name": "GRACEFO1",
            "Pass": "SE/NE-CCW"
        },
        {
            "AzimuthEnd": 7,
            "AzimuthMiddle": 80,
            "AzimuthStart": 164,
            "CPFSource": "43477_cpf_220114_5140.sdg",
            "CampaignTrack": false,
            "DateTimeEnd": "20220116.202827",
            "DateTimeMiddle": "20220116.202437",
            "DateTimeStart": "20220116.202047",
            "MaximumElevation": 54,
            "Object_NORAD": "43477",
            "Object_Name": "GRACEFO2",
            "Pass": "SE/NE-CCW"
        },
        {
            "AzimuthEnd": 16,
            "AzimuthMiddle": 66,
            "AzimuthStart": 112,
            "CPFSource": "41335_cpf_220114_5140.sdg",
            "CampaignTrack": false,
            "DateTimeEnd": "20220116.205457",
            "DateTimeMiddle": "20220116.205047",
            "DateTimeStart": "20220116.204657",
            "MaximumElevation": 20,
            "Object_NORAD": "41335",
            "Object_Name": "SENTINEL3A",
            "Pass": "SE/NE-CCW"
        },
        {
            "AzimuthEnd": 44,
            "AzimuthMiddle": 350,
            "AzimuthStart": 298,
            "CPFSource": "7646_cpf_220114_5140.sdg",
            "CampaignTrack": false,
            "DateTimeEnd": "20220116.212017",
            "DateTimeMiddle": "20220116.211527",
            "DateTimeStart": "20220116.211037",
            "MaximumElevation": 22,
            "Object_NORAD": "7646",
            "Object_Name": "STARLETTE",
            "Pass": "NO/NE-CW"
        },
        {
            "AzimuthEnd": 354,
            "AzimuthMiddle": 69,
            "AzimuthStart": 158,
            "CPFSource": "44083_cpf_220114_5140.sdg",
            "CampaignTrack": false,
            "DateTimeEnd": "20220116.212737",
            "DateTimeMiddle": "20220116.212347",
            "DateTimeStart": "20220116.212007",
            "MaximumElevation": 65,
            "Object_NORAD": "44083",
            "Object_Name": "ASTROCSTP2",
            "Pass": "SE/NO-CW"
        },
        {
            "AzimuthEnd": 232,
            "AzimuthMiddle": 290,
            "AzimuthStart": 345,
            "CPFSource": "42829_cpf_220114_5140.sdg",
            "CampaignTrack": false,
            "DateTimeEnd": "20220116.215047",
            "DateTimeMiddle": "20220116.214707",
            "DateTimeStart": "20220116.214337",
            "MaximumElevation": 24,
            "Object_NORAD": "42829",
            "Object_Name": "TECHNOSAT",
            "Pass": "NO/SO-CCW"
        },
        {
            "AzimuthEnd": 350,
            "AzimuthMiddle": 85,
            "AzimuthStart": 159,
            "CPFSource": "43437_cpf_220114_5140.sdg",
            "CampaignTrack": false,
            "DateTimeEnd": "20220116.215647",
            "DateTimeMiddle": "20220116.215107",
            "DateTimeStart": "20220116.214547",
            "MaximumElevation": 75,
            "Object_NORAD": "43437",
            "Object_Name": "SENTINEL3B",
            "Pass": "SE/NO-CW"
        },
        {
            "AzimuthEnd": 334,
            "AzimuthMiddle": 263,
            "AzimuthStart": 187,
            "CPFSource": "41335_cpf_220114_5140.sdg",
            "CampaignTrack": false,
            "DateTimeEnd": "20220116.223537",
            "DateTimeMiddle": "20220116.223017",
            "DateTimeStart": "20220116.222507",
            "MaximumElevation": 44,
            "Object_NORAD": "41335",
            "Object_Name": "SENTINEL3A",
            "Pass": "SO/NO-CW"
        },
        {
            "AzimuthEnd": 331,
            "AzimuthMiddle": 259,
            "AzimuthStart": 193,
            "CPFSource": "43798_cpf_220114_5140.sdg",
            "CampaignTrack": false,
            "DateTimeEnd": "20220116.224627",
            "DateTimeMiddle": "20220116.224217",
            "DateTimeStart": "20220116.223827",
            "MaximumElevation": 35,
            "Object_NORAD": "43798",
            "Object_Name": "ASTROCSTP1",
            "Pass": "SO/NO-CW"
        },
        {
            "AzimuthEnd": 55,
            "AzimuthMiddle": 132,
            "AzimuthStart": 215,
            "CPFSource": "16908_cpf_220114_5140.sdg",
            "CampaignTrack": false,
            "DateTimeEnd": "20220116.230427",
            "DateTimeMiddle": "20220116.225517",
            "DateTimeStart": "20220116.224607",
            "MaximumElevation": 66,
            "Object_NORAD": "16908",
            "Object_Name": "AJISAI",
            "Pass": "SO/NE-CCW"
        },
        {
            "AzimuthEnd": 84,
            "AzimuthMiddle": 136,
            "AzimuthStart": 190,
            "CPFSource": "1328_cpf_220114_5140.sdg",
            "CampaignTrack": false,
            "DateTimeEnd": "20220116.230137",
            "DateTimeMiddle": "20220116.225457",
            "DateTimeStart": "20220116.224807",
            "MaximumElevation": 25,
            "Object_NORAD": "1328",
            "Object_Name": "EXPLORER27",
            "Pass": "SO/NE-CCW"
        },
        {
            "AzimuthEnd": 72,
            "AzimuthMiddle": 13,
            "AzimuthStart": 318,
            "CPFSource": "7646_cpf_220114_5140.sdg",
            "CampaignTrack": false,
            "DateTimeEnd": "20220116.231107",
            "DateTimeMiddle": "20220116.230607",
            "DateTimeStart": "20220116.230117",
            "MaximumElevation": 25,
            "Object_NORAD": "7646",
            "Object_Name": "STARLETTE",
            "Pass": "NO/NE-CW"
        },
        {
            "AzimuthEnd": 170,
            "AzimuthMiddle": 100,
            "AzimuthStart": 27,
            "CPFSource": "43186_cpf_220114_5140.sdg",
            "CampaignTrack": false,
            "DateTimeEnd": "20220116.234207",
            "DateTimeMiddle": "20220116.233807",
            "DateTimeStart": "20220116.233407",
            "MaximumElevation": 40,
            "Object_NORAD": "43186",
            "Object_Name": "SNETD",
            "Pass": "NE/SE-CW"
        },
        {
            "AzimuthEnd": 170,
            "AzimuthMiddle": 99,
            "AzimuthStart": 26,
            "CPFSource": "43187_cpf_220114_5140.sdg",
            "CampaignTrack": false,
            "DateTimeEnd": "20220116.234207",
            "DateTimeMiddle": "20220116.233807",
            "DateTimeStart": "20220116.233407",
            "MaximumElevation": 40,
            "Object_NORAD": "43187",
            "Object_Name": "SNETB",
            "Pass": "NE/SE-CW"
        },
        {
            "AzimuthEnd": 171,
            "AzimuthMiddle": 101,
            "AzimuthStart": 27,
            "CPFSource": "43188_cpf_220114_5140.sdg",
            "CampaignTrack": false,
            "DateTimeEnd": "20220116.234227",
            "DateTimeMiddle": "20220116.233827",
            "DateTimeStart": "20220116.233427",
            "MaximumElevation": 40,
            "Object_NORAD": "43188",
            "Object_Name": "SNETA",
            "Pass": "NE/SE-CW"
        },
        {
            "AzimuthEnd": 172,
            "AzimuthMiddle": 97,
            "AzimuthStart": 25,
            "CPFSource": "43189_cpf_220114_5140.sdg",
            "CampaignTrack": false,
            "DateTimeEnd": "20220116.234317",
            "DateTimeMiddle": "20220116.233907",
            "DateTimeStart": "20220116.233507",
            "MaximumElevation": 42,
            "Object_NORAD": "43189",
            "Object_Name": "SNETC",
            "Pass": "NE/SE-CW"
        },
        {
            "AzimuthEnd": 196,
            "AzimuthMiddle": 264,
            "AzimuthStart": 9,
            "CPFSource": "47944_cpf_220114_5140.sdg",
            "CampaignTrack": false,
            "DateTimeEnd": "20220116.234947",
            "DateTimeMiddle": "20220116.234537",
            "DateTimeStart": "20220116.234127",
            "MaximumElevation": 79,
            "Object_NORAD": "47944",
            "Object_Name": "ELSAD",
            "Pass": "NE/SO-CW"
        }
    ]
}
