{
    "CreationDateTime": "20220107.115729",
    "PredictionsArray": [
        {
            "AzimuthEnd": 20,
            "AzimuthMiddle": 305,
            "AzimuthStart": 229,
            "CPFSource": "46984_cpf_220107_5070.sdg",
            "CampaignTrack": false,
            "DateTimeEnd": "20220107.130034",
            "DateTimeMiddle": "20220107.125214",
            "DateTimeStart": "20220107.124404",
            "MaximumElevation": 50,
            "Object_NORAD": "46984",
            "Object_Name": "SENTINEL6A",
            "Pass": "SO/NE-CW"
        },
        {
            "AzimuthEnd": 205,
            "AzimuthMiddle": 283,
            "AzimuthStart": 2,
            "CPFSource": "48900_cpf_220107_5070.sdg",
            "CampaignTrack": false,
            "DateTimeEnd": "20220107.151214",
            "DateTimeMiddle": "20220107.150814",
            "DateTimeStart": "20220107.150424",
            "MaximumElevation": 55,
            "Object_NORAD": "48900",
            "Object_Name": "TUBIN",
            "Pass": "NE/SO-CW"
        },
        {
            "AzimuthEnd": 5,
            "AzimuthMiddle": 65,
            "AzimuthStart": 126,
            "CPFSource": "37781_cpf_220107_5070.sdg",
            "CampaignTrack": false,
            "DateTimeEnd": "20220107.170214",
            "DateTimeMiddle": "20220107.165644",
            "DateTimeStart": "20220107.165124",
            "MaximumElevation": 30,
            "Object_NORAD": "37781",
            "Object_Name": "HAIYANG2A",
            "Pass": "SE/NE-CCW"
        },
        {
            "AzimuthEnd": 6,
            "AzimuthMiddle": 66,
            "AzimuthStart": 123,
            "CPFSource": "43655_cpf_220107_5070.sdg",
            "CampaignTrack": false,
            "DateTimeEnd": "20220107.170734",
            "DateTimeMiddle": "20220107.170204",
            "DateTimeStart": "20220107.165654",
            "MaximumElevation": 28,
            "Object_NORAD": "43655",
            "Object_Name": "HAIYANG2B",
            "Pass": "SE/NE-CCW"
        },
        {
            "AzimuthEnd": 18,
            "AzimuthMiddle": 71,
            "AzimuthStart": 120,
            "CPFSource": "31698_cpf_220107_5070.sdg",
            "CampaignTrack": false,
            "DateTimeEnd": "20220107.171924",
            "DateTimeMiddle": "20220107.171614",
            "DateTimeStart": "20220107.171324",
            "MaximumElevation": 20,
            "Object_NORAD": "31698",
            "Object_Name": "TERRASARX",
            "Pass": "SE/NE-CCW"
        },
        {
            "AzimuthEnd": 18,
            "AzimuthMiddle": 71,
            "AzimuthStart": 120,
            "CPFSource": "36605_cpf_220107_5070.sdg",
            "CampaignTrack": false,
            "DateTimeEnd": "20220107.171924",
            "DateTimeMiddle": "20220107.171614",
            "DateTimeStart": "20220107.171324",
            "MaximumElevation": 20,
            "Object_NORAD": "36605",
            "Object_Name": "TANDEMX",
            "Pass": "SE/NE-CCW"
        },
        {
            "AzimuthEnd": 354,
            "AzimuthMiddle": 71,
            "AzimuthStart": 149,
            "CPFSource": "41579_cpf_220107_5070.sdg",
            "CampaignTrack": false,
            "DateTimeEnd": "20220107.180444",
            "DateTimeMiddle": "20220107.175834",
            "DateTimeStart": "20220107.175234",
            "MaximumElevation": 57,
            "Object_NORAD": "41579",
            "Object_Name": "COSMOS2517",
            "Pass": "SE/NO-CW"
        },
        {
            "AzimuthEnd": 329,
            "AzimuthMiddle": 262,
            "AzimuthStart": 195,
            "CPFSource": "37781_cpf_220107_5070.sdg",
            "CampaignTrack": false,
            "DateTimeEnd": "20220107.184524",
            "DateTimeMiddle": "20220107.183934",
            "DateTimeStart": "20220107.183354",
            "MaximumElevation": 36,
            "Object_NORAD": "37781",
            "Object_Name": "HAIYANG2A",
            "Pass": "SO/NO-CW"
        },
        {
            "AzimuthEnd": 331,
            "AzimuthMiddle": 261,
            "AzimuthStart": 192,
            "CPFSource": "43655_cpf_220107_5070.sdg",
            "CampaignTrack": false,
            "DateTimeEnd": "20220107.185054",
            "DateTimeMiddle": "20220107.184454",
            "DateTimeStart": "20220107.183904",
            "MaximumElevation": 39,
            "Object_NORAD": "43655",
            "Object_Name": "HAIYANG2B",
            "Pass": "SO/NO-CW"
        },
        {
            "AzimuthEnd": 318,
            "AzimuthMiddle": 265,
            "AzimuthStart": 212,
            "CPFSource": "31698_cpf_220107_5070.sdg",
            "CampaignTrack": false,
            "DateTimeEnd": "20220107.185314",
            "DateTimeMiddle": "20220107.185004",
            "DateTimeStart": "20220107.184704",
            "MaximumElevation": 21,
            "Object_NORAD": "31698",
            "Object_Name": "TERRASARX",
            "Pass": "SO/NO-CW"
        },
        {
            "AzimuthEnd": 318,
            "AzimuthMiddle": 264,
            "AzimuthStart": 212,
            "CPFSource": "36605_cpf_220107_5070.sdg",
            "CampaignTrack": false,
            "DateTimeEnd": "20220107.185314",
            "DateTimeMiddle": "20220107.185004",
            "DateTimeStart": "20220107.184704",
            "MaximumElevation": 21,
            "Object_NORAD": "36605",
            "Object_Name": "TANDEMX",
            "Pass": "SO/NO-CW"
        },
        {
            "AzimuthEnd": 148,
            "AzimuthMiddle": 90,
            "AzimuthStart": 31,
            "CPFSource": "43613_cpf_220107_5070.sdg",
            "CampaignTrack": false,
            "DateTimeEnd": "20220107.190524",
            "DateTimeMiddle": "20220107.190214",
            "DateTimeStart": "20220107.185904",
            "MaximumElevation": 24,
            "Object_NORAD": "43613",
            "Object_Name": "ICESAT2",
            "Pass": "NE/SE-CW"
        },
        {
            "AzimuthEnd": 162,
            "AzimuthMiddle": 95,
            "AzimuthStart": 32,
            "CPFSource": "42829_cpf_220107_5070.sdg",
            "CampaignTrack": false,
            "DateTimeEnd": "20220107.202953",
            "DateTimeMiddle": "20220107.202553",
            "DateTimeStart": "20220107.202203",
            "MaximumElevation": 31,
            "Object_NORAD": "42829",
            "Object_Name": "TECHNOSAT",
            "Pass": "NE/SE-CW"
        },
        {
            "AzimuthEnd": 28,
            "AzimuthMiddle": 80,
            "AzimuthStart": 132,
            "CPFSource": "43476_cpf_220107_5070.sdg",
            "CampaignTrack": false,
            "DateTimeEnd": "20220107.203643",
            "DateTimeMiddle": "20220107.203333",
            "DateTimeStart": "20220107.203033",
            "MaximumElevation": 20,
            "Object_NORAD": "43476",
            "Object_Name": "GRACEFO1",
            "Pass": "SE/NE-CCW"
        },
        {
            "AzimuthEnd": 29,
            "AzimuthMiddle": 79,
            "AzimuthStart": 132,
            "CPFSource": "43477_cpf_220107_5070.sdg",
            "CampaignTrack": false,
            "DateTimeEnd": "20220107.203703",
            "DateTimeMiddle": "20220107.203403",
            "DateTimeStart": "20220107.203103",
            "MaximumElevation": 20,
            "Object_NORAD": "43477",
            "Object_Name": "GRACEFO2",
            "Pass": "SE/NE-CCW"
        },
        {
            "AzimuthEnd": 134,
            "AzimuthMiddle": 54,
            "AzimuthStart": 338,
            "CPFSource": "46984_cpf_220107_5070.sdg",
            "CampaignTrack": false,
            "DateTimeEnd": "20220107.205833",
            "DateTimeMiddle": "20220107.205003",
            "DateTimeStart": "20220107.204153",
            "MaximumElevation": 55,
            "Object_NORAD": "46984",
            "Object_Name": "SENTINEL6A",
            "Pass": "NO/SE-CW"
        },
        {
            "AzimuthEnd": 1,
            "AzimuthMiddle": 71,
            "AzimuthStart": 139,
            "CPFSource": "41335_cpf_220107_5070.sdg",
            "CampaignTrack": false,
            "DateTimeEnd": "20220107.212853",
            "DateTimeMiddle": "20220107.212343",
            "DateTimeStart": "20220107.211843",
            "MaximumElevation": 40,
            "Object_NORAD": "41335",
            "Object_Name": "SENTINEL3A",
            "Pass": "SE/NE-CCW"
        },
        {
            "AzimuthEnd": 350,
            "AzimuthMiddle": 80,
            "AzimuthStart": 164,
            "CPFSource": "44083_cpf_220107_5070.sdg",
            "CampaignTrack": false,
            "DateTimeEnd": "20220107.213353",
            "DateTimeMiddle": "20220107.213003",
            "DateTimeStart": "20220107.212623",
            "MaximumElevation": 81,
            "Object_NORAD": "44083",
            "Object_Name": "ASTROCSTP2",
            "Pass": "SE/NO-CW"
        },
        {
            "AzimuthEnd": 351,
            "AzimuthMiddle": 69,
            "AzimuthStart": 160,
            "CPFSource": "43798_cpf_220107_5070.sdg",
            "CampaignTrack": false,
            "DateTimeEnd": "20220107.220923",
            "DateTimeMiddle": "20220107.220503",
            "DateTimeStart": "20220107.220053",
            "MaximumElevation": 72,
            "Object_NORAD": "43798",
            "Object_Name": "ASTROCSTP1",
            "Pass": "SE/NO-CW"
        },
        {
            "AzimuthEnd": 336,
            "AzimuthMiddle": 263,
            "AzimuthStart": 183,
            "CPFSource": "43437_cpf_220107_5070.sdg",
            "CampaignTrack": false,
            "DateTimeEnd": "20220107.222953",
            "DateTimeMiddle": "20220107.222433",
            "DateTimeStart": "20220107.221913",
            "MaximumElevation": 51,
            "Object_NORAD": "43437",
            "Object_Name": "SENTINEL3B",
            "Pass": "SO/NO-CW"
        },
        {
            "AzimuthEnd": 194,
            "AzimuthMiddle": 254,
            "AzimuthStart": 311,
            "CPFSource": "46984_cpf_220107_5070.sdg",
            "CampaignTrack": false,
            "DateTimeEnd": "20220107.225253",
            "DateTimeMiddle": "20220107.224533",
            "DateTimeStart": "20220107.223833",
            "MaximumElevation": 30,
            "Object_NORAD": "46984",
            "Object_Name": "SENTINEL6A",
            "Pass": "NO/SO-CCW"
        },
        {
            "AzimuthEnd": 158,
            "AzimuthMiddle": 97,
            "AzimuthStart": 35,
            "CPFSource": "47944_cpf_220107_5070.sdg",
            "CampaignTrack": false,
            "DateTimeEnd": "20220107.230543",
            "DateTimeMiddle": "20220107.230203",
            "DateTimeStart": "20220107.225823",
            "MaximumElevation": 27,
            "Object_NORAD": "47944",
            "Object_Name": "ELSAD",
            "Pass": "NE/SE-CW"
        },
        {
            "AzimuthEnd": 317,
            "AzimuthMiddle": 265,
            "AzimuthStart": 214,
            "CPFSource": "41335_cpf_220107_5070.sdg",
            "CampaignTrack": false,
            "DateTimeEnd": "20220107.230753",
            "DateTimeMiddle": "20220107.230333",
            "DateTimeStart": "20220107.225923",
            "MaximumElevation": 21,
            "Object_NORAD": "41335",
            "Object_Name": "SENTINEL3A",
            "Pass": "SO/NO-CW"
        },
        {
            "AzimuthEnd": 225,
            "AzimuthMiddle": 288,
            "AzimuthStart": 350,
            "CPFSource": "43186_cpf_220107_5070.sdg",
            "CampaignTrack": false,
            "DateTimeEnd": "20220108.004603",
            "DateTimeMiddle": "20220108.004213",
            "DateTimeStart": "20220108.003833",
            "MaximumElevation": 29,
            "Object_NORAD": "43186",
            "Object_Name": "SNETD",
            "Pass": "NO/SO-CCW"
        },
        {
            "AzimuthEnd": 225,
            "AzimuthMiddle": 288,
            "AzimuthStart": 350,
            "CPFSource": "43187_cpf_220107_5070.sdg",
            "CampaignTrack": false,
            "DateTimeEnd": "20220108.004603",
            "DateTimeMiddle": "20220108.004213",
            "DateTimeStart": "20220108.003833",
            "MaximumElevation": 29,
            "Object_NORAD": "43187",
            "Object_Name": "SNETB",
            "Pass": "NO/SO-CCW"
        },
        {
            "AzimuthEnd": 225,
            "AzimuthMiddle": 287,
            "AzimuthStart": 349,
            "CPFSource": "43188_cpf_220107_5070.sdg",
            "CampaignTrack": false,
            "DateTimeEnd": "20220108.004623",
            "DateTimeMiddle": "20220108.004233",
            "DateTimeStart": "20220108.003853",
            "MaximumElevation": 29,
            "Object_NORAD": "43188",
            "Object_Name": "SNETA",
            "Pass": "NO/SO-CCW"
        },
        {
            "AzimuthEnd": 226,
            "AzimuthMiddle": 290,
            "AzimuthStart": 348,
            "CPFSource": "43189_cpf_220107_5070.sdg",
            "CampaignTrack": false,
            "DateTimeEnd": "20220108.004703",
            "DateTimeMiddle": "20220108.004313",
            "DateTimeStart": "20220108.003943",
            "MaximumElevation": 28,
            "Object_NORAD": "43189",
            "Object_Name": "SNETC",
            "Pass": "NO/SO-CCW"
        },
        {
            "AzimuthEnd": 90,
            "AzimuthMiddle": 137,
            "AzimuthStart": 182,
            "CPFSource": "1328_cpf_220107_5070.sdg",
            "CampaignTrack": false,
            "DateTimeEnd": "20220108.015313",
            "DateTimeMiddle": "20220108.014733",
            "DateTimeStart": "20220108.014153",
            "MaximumElevation": 20,
            "Object_NORAD": "1328",
            "Object_Name": "EXPLORER27",
            "Pass": "SO/E-CCW"
        },
        {
            "AzimuthEnd": 0,
            "AzimuthMiddle": 76,
            "AzimuthStart": 147,
            "CPFSource": "48900_cpf_220107_5070.sdg",
            "CampaignTrack": false,
            "DateTimeEnd": "20220108.015113",
            "DateTimeMiddle": "20220108.014713",
            "DateTimeStart": "20220108.014333",
            "MaximumElevation": 45,
            "Object_NORAD": "48900",
            "Object_Name": "TUBIN",
            "Pass": "SE/N-CCW"
        },
        {
            "AzimuthEnd": 71,
            "AzimuthMiddle": 147,
            "AzimuthStart": 229,
            "CPFSource": "1328_cpf_220107_5070.sdg",
            "CampaignTrack": false,
            "DateTimeEnd": "20220108.034803",
            "DateTimeMiddle": "20220108.034053",
            "DateTimeStart": "20220108.033303",
            "MaximumElevation": 63,
            "Object_NORAD": "1328",
            "Object_Name": "EXPLORER27",
            "Pass": "SO/NE-CCW"
        },
        {
            "AzimuthEnd": 71,
            "AzimuthMiddle": 347,
            "AzimuthStart": 265,
            "CPFSource": "1328_cpf_220107_5070.sdg",
            "CampaignTrack": false,
            "DateTimeEnd": "20220108.054143",
            "DateTimeMiddle": "20220108.053443",
            "DateTimeStart": "20220108.052713",
            "MaximumElevation": 66,
            "Object_NORAD": "1328",
            "Object_Name": "EXPLORER27",
            "Pass": "SO/NE-CW"
        },
        {
            "AzimuthEnd": 147,
            "AzimuthMiddle": 94,
            "AzimuthStart": 42,
            "CPFSource": "37781_cpf_220107_5070.sdg",
            "CampaignTrack": false,
            "DateTimeEnd": "20220108.054333",
            "DateTimeMiddle": "20220108.053833",
            "DateTimeStart": "20220108.053343",
            "MaximumElevation": 22,
            "Object_NORAD": "37781",
            "Object_Name": "HAIYANG2A",
            "Pass": "NE/SE-CW"
        },
        {
            "AzimuthEnd": 143,
            "AzimuthMiddle": 93,
            "AzimuthStart": 44,
            "CPFSource": "43655_cpf_220107_5070.sdg",
            "CampaignTrack": false,
            "DateTimeEnd": "20220108.054823",
            "DateTimeMiddle": "20220108.054333",
            "DateTimeStart": "20220108.053853",
            "MaximumElevation": 20,
            "Object_NORAD": "43655",
            "Object_Name": "HAIYANG2B",
            "Pass": "NE/SE-CW"
        },
        {
            "AzimuthEnd": 169,
            "AzimuthMiddle": 101,
            "AzimuthStart": 27,
            "CPFSource": "31698_cpf_220107_5070.sdg",
            "CampaignTrack": false,
            "DateTimeEnd": "20220108.062623",
            "DateTimeMiddle": "20220108.062243",
            "DateTimeStart": "20220108.061903",
            "MaximumElevation": 38,
            "Object_NORAD": "31698",
            "Object_Name": "TERRASARX",
            "Pass": "NE/SE-CW"
        },
        {
            "AzimuthEnd": 169,
            "AzimuthMiddle": 100,
            "AzimuthStart": 27,
            "CPFSource": "36605_cpf_220107_5070.sdg",
            "CampaignTrack": false,
            "DateTimeEnd": "20220108.062623",
            "DateTimeMiddle": "20220108.062243",
            "DateTimeStart": "20220108.061903",
            "MaximumElevation": 38,
            "Object_NORAD": "36605",
            "Object_Name": "TANDEMX",
            "Pass": "NE/SE-CW"
        },
        {
            "AzimuthEnd": 169,
            "AzimuthMiddle": 100,
            "AzimuthStart": 28,
            "CPFSource": "41579_cpf_220107_5070.sdg",
            "CampaignTrack": false,
            "DateTimeEnd": "20220108.064253",
            "DateTimeMiddle": "20220108.063703",
            "DateTimeStart": "20220108.063113",
            "MaximumElevation": 40,
            "Object_NORAD": "41579",
            "Object_Name": "COSMOS2517",
            "Pass": "NE/SE-CW"
        },
        {
            "AzimuthEnd": 6,
            "AzimuthMiddle": 86,
            "AzimuthStart": 155,
            "CPFSource": "43613_cpf_220107_5070.sdg",
            "CampaignTrack": false,
            "DateTimeEnd": "20220108.071213",
            "DateTimeMiddle": "20220108.070823",
            "DateTimeStart": "20220108.070453",
            "MaximumElevation": 45,
            "Object_NORAD": "43613",
            "Object_Name": "ICESAT2",
            "Pass": "SE/NE-CCW"
        },
        {
            "AzimuthEnd": 216,
            "AzimuthMiddle": 292,
            "AzimuthStart": 2,
            "CPFSource": "37781_cpf_220107_5070.sdg",
            "CampaignTrack": false,
            "DateTimeEnd": "20220108.072753",
            "DateTimeMiddle": "20220108.072143",
            "DateTimeStart": "20220108.071553",
            "MaximumElevation": 48,
            "Object_NORAD": "37781",
            "Object_Name": "HAIYANG2A",
            "Pass": "NE/SO-CW"
        },
        {
            "AzimuthEnd": 213,
            "AzimuthMiddle": 287,
            "AzimuthStart": 3,
            "CPFSource": "43655_cpf_220107_5070.sdg",
            "CampaignTrack": false,
            "DateTimeEnd": "20220108.073303",
            "DateTimeMiddle": "20220108.072653",
            "DateTimeStart": "20220108.072053",
            "MaximumElevation": 52,
            "Object_NORAD": "43655",
            "Object_Name": "HAIYANG2B",
            "Pass": "NE/SO-CW"
        },
        {
            "AzimuthEnd": 89,
            "AzimuthMiddle": 9,
            "AzimuthStart": 287,
            "CPFSource": "1328_cpf_220107_5070.sdg",
            "CampaignTrack": false,
            "DateTimeEnd": "20220108.073533",
            "DateTimeMiddle": "20220108.072903",
            "DateTimeStart": "20220108.072153",
            "MaximumElevation": 61,
            "Object_NORAD": "1328",
            "Object_Name": "EXPLORER27",
            "Pass": "NO/NE-CW"
        },
        {
            "AzimuthEnd": 236,
            "AzimuthMiddle": 295,
            "AzimuthStart": 350,
            "CPFSource": "41579_cpf_220107_5070.sdg",
            "CampaignTrack": false,
            "DateTimeEnd": "20220108.082433",
            "DateTimeMiddle": "20220108.081913",
            "DateTimeStart": "20220108.081413",
            "MaximumElevation": 27,
            "Object_NORAD": "41579",
            "Object_Name": "COSMOS2517",
            "Pass": "NO/SO-CCW"
        },
        {
            "AzimuthEnd": 331,
            "AzimuthMiddle": 260,
            "AzimuthStart": 193,
            "CPFSource": "42829_cpf_220107_5070.sdg",
            "CampaignTrack": false,
            "DateTimeEnd": "20220108.085353",
            "DateTimeMiddle": "20220108.084933",
            "DateTimeStart": "20220108.084533",
            "MaximumElevation": 36,
            "Object_NORAD": "42829",
            "Object_Name": "TECHNOSAT",
            "Pass": "SO/NO-CW"
        },
        {
            "AzimuthEnd": 124,
            "AzimuthMiddle": 202,
            "AzimuthStart": 289,
            "CPFSource": "1328_cpf_220107_5070.sdg",
            "CampaignTrack": false,
            "DateTimeEnd": "20220108.092913",
            "DateTimeMiddle": "20220108.092253",
            "DateTimeStart": "20220108.091603",
            "MaximumElevation": 70,
            "Object_NORAD": "1328",
            "Object_Name": "EXPLORER27",
            "Pass": "NO/SE-CCW"
        },
        {
            "AzimuthEnd": 206,
            "AzimuthMiddle": 274,
            "AzimuthStart": 343,
            "CPFSource": "43476_cpf_220107_5070.sdg",
            "CampaignTrack": false,
            "DateTimeEnd": "20220108.094123",
            "DateTimeMiddle": "20220108.093743",
            "DateTimeStart": "20220108.093413",
            "MaximumElevation": 36,
            "Object_NORAD": "43476",
            "Object_Name": "GRACEFO1",
            "Pass": "NO/SO-CCW"
        },
        {
            "AzimuthEnd": 207,
            "AzimuthMiddle": 278,
            "AzimuthStart": 343,
            "CPFSource": "43477_cpf_220107_5070.sdg",
            "CampaignTrack": false,
            "DateTimeEnd": "20220108.094143",
            "DateTimeMiddle": "20220108.093803",
            "DateTimeStart": "20220108.093433",
            "MaximumElevation": 35,
            "Object_NORAD": "43477",
            "Object_Name": "GRACEFO2",
            "Pass": "NO/SO-CCW"
        },
        {
            "AzimuthEnd": 208,
            "AzimuthMiddle": 286,
            "AzimuthStart": 0,
            "CPFSource": "44083_cpf_220107_5070.sdg",
            "CampaignTrack": false,
            "DateTimeEnd": "20220108.103803",
            "DateTimeMiddle": "20220108.103413",
            "DateTimeStart": "20220108.103033",
            "MaximumElevation": 49,
            "Object_NORAD": "44083",
            "Object_Name": "ASTROCSTP2",
            "Pass": "N/SO-CW"
        },
        {
            "AzimuthEnd": 188,
            "AzimuthMiddle": 97,
            "AzimuthStart": 16,
            "CPFSource": "43437_cpf_220107_5070.sdg",
            "CampaignTrack": false,
            "DateTimeEnd": "20220108.104703",
            "DateTimeMiddle": "20220108.104133",
            "DateTimeStart": "20220108.103613",
            "MaximumElevation": 74,
            "Object_NORAD": "43437",
            "Object_Name": "SENTINEL3B",
            "Pass": "NE/SO-CW"
        },
        {
            "AzimuthEnd": 35,
            "AzimuthMiddle": 112,
            "AzimuthStart": 187,
            "CPFSource": "46984_cpf_220107_5070.sdg",
            "CampaignTrack": false,
            "DateTimeEnd": "20220108.112713",
            "DateTimeMiddle": "20220108.111853",
            "DateTimeStart": "20220108.111043",
            "MaximumElevation": 56,
            "Object_NORAD": "46984",
            "Object_Name": "SENTINEL6A",
            "Pass": "SO/NE-CCW"
        },
        {
            "AzimuthEnd": 336,
            "AzimuthMiddle": 257,
            "AzimuthStart": 185,
            "CPFSource": "47944_cpf_220107_5070.sdg",
            "CampaignTrack": false,
            "DateTimeEnd": "20220108.112213",
            "DateTimeMiddle": "20220108.111803",
            "DateTimeStart": "20220108.111413",
            "MaximumElevation": 46,
            "Object_NORAD": "47944",
            "Object_Name": "ELSAD",
            "Pass": "SO/NO-CW"
        },
        {
            "AzimuthEnd": 215,
            "AzimuthMiddle": 288,
            "AzimuthStart": 0,
            "CPFSource": "41335_cpf_220107_5070.sdg",
            "CampaignTrack": false,
            "DateTimeEnd": "20220108.112543",
            "DateTimeMiddle": "20220108.112023",
            "DateTimeStart": "20220108.111513",
            "MaximumElevation": 46,
            "Object_NORAD": "41335",
            "Object_Name": "SENTINEL3A",
            "Pass": "N/SO-CW"
        },
        {
            "AzimuthEnd": 214,
            "AzimuthMiddle": 286,
            "AzimuthStart": 357,
            "CPFSource": "43798_cpf_220107_5070.sdg",
            "CampaignTrack": false,
            "DateTimeEnd": "20220108.112723",
            "DateTimeMiddle": "20220108.112313",
            "DateTimeStart": "20220108.111913",
            "MaximumElevation": 41,
            "Object_NORAD": "43798",
            "Object_Name": "ASTROCSTP1",
            "Pass": "NO/SO-CCW"
        },
        {
            "AzimuthEnd": 343,
            "AzimuthMiddle": 257,
            "AzimuthStart": 174,
            "CPFSource": "43186_cpf_220107_5070.sdg",
            "CampaignTrack": false,
            "DateTimeEnd": "20220108.113213",
            "DateTimeMiddle": "20220108.112753",
            "DateTimeStart": "20220108.112343",
            "MaximumElevation": 69,
            "Object_NORAD": "43186",
            "Object_Name": "SNETD",
            "Pass": "SE/NO-CW"
        },
        {
            "AzimuthEnd": 343,
            "AzimuthMiddle": 257,
            "AzimuthStart": 174,
            "CPFSource": "43187_cpf_220107_5070.sdg",
            "CampaignTrack": false,
            "DateTimeEnd": "20220108.113213",
            "DateTimeMiddle": "20220108.112753",
            "DateTimeStart": "20220108.112343",
            "MaximumElevation": 69,
            "Object_NORAD": "43187",
            "Object_Name": "SNETB",
            "Pass": "SE/NO-CW"
        },
        {
            "AzimuthEnd": 343,
            "AzimuthMiddle": 262,
            "AzimuthStart": 174,
            "CPFSource": "43188_cpf_220107_5070.sdg",
            "CampaignTrack": false,
            "DateTimeEnd": "20220108.113233",
            "DateTimeMiddle": "20220108.112813",
            "DateTimeStart": "20220108.112403",
            "MaximumElevation": 69,
            "Object_NORAD": "43188",
            "Object_Name": "SNETA",
            "Pass": "SE/NO-CW"
        },
        {
            "AzimuthEnd": 342,
            "AzimuthMiddle": 252,
            "AzimuthStart": 175,
            "CPFSource": "43189_cpf_220107_5070.sdg",
            "CampaignTrack": false,
            "DateTimeEnd": "20220108.113313",
            "DateTimeMiddle": "20220108.112853",
            "DateTimeStart": "20220108.112453",
            "MaximumElevation": 66,
            "Object_NORAD": "43189",
            "Object_Name": "SNETC",
            "Pass": "SE/NO-CW"
        },
        {
            "AzimuthEnd": 14,
            "AzimuthMiddle": 311,
            "AzimuthStart": 248,
            "CPFSource": "46984_cpf_220107_5070.sdg",
            "CampaignTrack": false,
            "DateTimeEnd": "20220108.132253",
            "DateTimeMiddle": "20220108.131513",
            "DateTimeStart": "20220108.130743",
            "MaximumElevation": 33,
            "Object_NORAD": "46984",
            "Object_Name": "SENTINEL6A",
            "Pass": "SO/NE-CW"
        },
        {
            "AzimuthEnd": 196,
            "AzimuthMiddle": 278,
            "AzimuthStart": 9,
            "CPFSource": "48900_cpf_220107_5070.sdg",
            "CampaignTrack": false,
            "DateTimeEnd": "20220108.150113",
            "DateTimeMiddle": "20220108.145713",
            "DateTimeStart": "20220108.145313",
            "MaximumElevation": 79,
            "Object_NORAD": "48900",
            "Object_Name": "TUBIN",
            "Pass": "NE/SO-CW"
        },
        {
            "AzimuthEnd": 357,
            "AzimuthMiddle": 68,
            "AzimuthStart": 142,
            "CPFSource": "37781_cpf_220107_5070.sdg",
            "CampaignTrack": false,
            "DateTimeEnd": "20220108.172513",
            "DateTimeMiddle": "20220108.171913",
            "DateTimeStart": "20220108.171313",
            "MaximumElevation": 47,
            "Object_NORAD": "37781",
            "Object_Name": "HAIYANG2A",
            "Pass": "SE/NO-CW"
        },
        {
            "AzimuthEnd": 358,
            "AzimuthMiddle": 67,
            "AzimuthStart": 139,
            "CPFSource": "43655_cpf_220107_5070.sdg",
            "CampaignTrack": false,
            "DateTimeEnd": "20220108.173003",
            "DateTimeMiddle": "20220108.172403",
            "DateTimeStart": "20220108.171813",
            "MaximumElevation": 43,
            "Object_NORAD": "43655",
            "Object_Name": "HAIYANG2B",
            "Pass": "SE/NO-CW"
        },
        {
            "AzimuthEnd": 349,
            "AzimuthMiddle": 73,
            "AzimuthStart": 159,
            "CPFSource": "41579_cpf_220107_5070.sdg",
            "CampaignTrack": false,
            "DateTimeEnd": "20220108.182003",
            "DateTimeMiddle": "20220108.181343",
            "DateTimeStart": "20220108.180743",
            "MaximumElevation": 77,
            "Object_NORAD": "41579",
            "Object_Name": "COSMOS2517",
            "Pass": "SE/NO-CW"
        },
        {
            "AzimuthEnd": 330,
            "AzimuthMiddle": 261,
            "AzimuthStart": 194,
            "CPFSource": "31698_cpf_220107_5070.sdg",
            "CampaignTrack": false,
            "DateTimeEnd": "20220108.183633",
            "DateTimeMiddle": "20220108.183253",
            "DateTimeStart": "20220108.182923",
            "MaximumElevation": 34,
            "Object_NORAD": "31698",
            "Object_Name": "TERRASARX",
            "Pass": "SO/NO-CW"
        },
        {
            "AzimuthEnd": 330,
            "AzimuthMiddle": 260,
            "AzimuthStart": 194,
            "CPFSource": "36605_cpf_220107_5070.sdg",
            "CampaignTrack": false,
            "DateTimeEnd": "20220108.183633",
            "DateTimeMiddle": "20220108.183253",
            "DateTimeStart": "20220108.182923",
            "MaximumElevation": 34,
            "Object_NORAD": "36605",
            "Object_Name": "TANDEMX",
            "Pass": "SO/NO-CW"
        },
        {
            "AzimuthEnd": 319,
            "AzimuthMiddle": 265,
            "AzimuthStart": 212,
            "CPFSource": "37781_cpf_220107_5070.sdg",
            "CampaignTrack": false,
            "DateTimeEnd": "20220108.190733",
            "DateTimeMiddle": "20220108.190223",
            "DateTimeStart": "20220108.185733",
            "MaximumElevation": 23,
            "Object_NORAD": "37781",
            "Object_Name": "HAIYANG2A",
            "Pass": "SO/NO-CW"
        },
        {
            "AzimuthEnd": 321,
            "AzimuthMiddle": 264,
            "AzimuthStart": 209,
            "CPFSource": "43655_cpf_220107_5070.sdg",
            "CampaignTrack": false,
            "DateTimeEnd": "20220108.191223",
            "DateTimeMiddle": "20220108.190703",
            "DateTimeStart": "20220108.190203",
            "MaximumElevation": 25,
            "Object_NORAD": "43655",
            "Object_Name": "HAIYANG2B",
            "Pass": "SO/NO-CW"
        },
        {
            "AzimuthEnd": 89,
            "AzimuthMiddle": 41,
            "AzimuthStart": 353,
            "CPFSource": "46984_cpf_220107_5070.sdg",
            "CampaignTrack": false,
            "DateTimeEnd": "20220108.192203",
            "DateTimeMiddle": "20220108.191543",
            "DateTimeStart": "20220108.190933",
            "MaximumElevation": 20,
            "Object_NORAD": "46984",
            "Object_Name": "SENTINEL6A",
            "Pass": "NO/NE-CW"
        },
        {
            "AzimuthEnd": 217,
            "AzimuthMiddle": 278,
            "AzimuthStart": 342,
            "CPFSource": "43613_cpf_220107_5070.sdg",
            "CampaignTrack": false,
            "DateTimeEnd": "20220108.201353",
            "DateTimeMiddle": "20220108.201033",
            "DateTimeStart": "20220108.200713",
            "MaximumElevation": 29,
            "Object_NORAD": "43613",
            "Object_Name": "ICESAT2",
            "Pass": "NO/SO-CCW"
        },
        {
            "AzimuthEnd": 170,
            "AzimuthMiddle": 100,
            "AzimuthStart": 27,
            "CPFSource": "42829_cpf_220107_5070.sdg",
            "CampaignTrack": false,
            "DateTimeEnd": "20220108.203913",
            "DateTimeMiddle": "20220108.203503",
            "DateTimeStart": "20220108.203103",
            "MaximumElevation": 40,
            "Object_NORAD": "42829",
            "Object_Name": "TECHNOSAT",
            "Pass": "NE/SE-CW"
        },
        {
            "AzimuthEnd": 12,
            "AzimuthMiddle": 67,
            "AzimuthStart": 119,
            "CPFSource": "41335_cpf_220107_5070.sdg",
            "CampaignTrack": false,
            "DateTimeEnd": "20220108.210233",
            "DateTimeMiddle": "20220108.205803",
            "DateTimeStart": "20220108.205353",
            "MaximumElevation": 23,
            "Object_NORAD": "41335",
            "Object_Name": "SENTINEL3A",
            "Pass": "SE/NE-CCW"
        },
        {
            "AzimuthEnd": 152,
            "AzimuthMiddle": 73,
            "AzimuthStart": 332,
            "CPFSource": "46984_cpf_220107_5070.sdg",
            "CampaignTrack": false,
            "DateTimeEnd": "20220108.212123",
            "DateTimeMiddle": "20220108.211253",
            "DateTimeStart": "20220108.210423",
            "MaximumElevation": 86,
            "Object_NORAD": "46984",
            "Object_Name": "SENTINEL6A",
            "Pass": "NO/SE-CW"
        },
        {
            "AzimuthEnd": 3,
            "AzimuthMiddle": 71,
            "AzimuthStart": 143,
            "CPFSource": "44083_cpf_220107_5070.sdg",
            "CampaignTrack": false,
            "DateTimeEnd": "20220108.211223",
            "DateTimeMiddle": "20220108.210843",
            "DateTimeStart": "20220108.210513",
            "MaximumElevation": 38,
            "Object_NORAD": "44083",
            "Object_Name": "ASTROCSTP2",
            "Pass": "SE/NE-CCW"
        },
        {
            "AzimuthEnd": 340,
            "AzimuthMiddle": 274,
            "AzimuthStart": 207,
            "CPFSource": "43476_cpf_220107_5070.sdg",
            "CampaignTrack": false,
            "DateTimeEnd": "20220108.214933",
            "DateTimeMiddle": "20220108.214553",
            "DateTimeStart": "20220108.214223",
            "MaximumElevation": 31,
            "Object_NORAD": "43476",
            "Object_Name": "GRACEFO1",
            "Pass": "SO/NO-CW"
        },
        {
            "AzimuthEnd": 339,
            "AzimuthMiddle": 270,
            "AzimuthStart": 208,
            "CPFSource": "43477_cpf_220107_5070.sdg",
            "CampaignTrack": false,
            "DateTimeEnd": "20220108.214953",
            "DateTimeMiddle": "20220108.214613",
            "DateTimeStart": "20220108.214253",
            "MaximumElevation": 31,
            "Object_NORAD": "43477",
            "Object_Name": "GRACEFO2",
            "Pass": "SO/NO-CW"
        },
        {
            "AzimuthEnd": 347,
            "AzimuthMiddle": 120,
            "AzimuthStart": 164,
            "CPFSource": "43437_cpf_220107_5070.sdg",
            "CampaignTrack": false,
            "DateTimeEnd": "20220108.220413",
            "DateTimeMiddle": "20220108.215833",
            "DateTimeStart": "20220108.215313",
            "MaximumElevation": 88,
            "Object_NORAD": "43437",
            "Object_Name": "SENTINEL3B",
            "Pass": "SE/NO-CW"
        },
        {
            "AzimuthEnd": 349,
            "AzimuthMiddle": 56,
            "AzimuthStart": 164,
            "CPFSource": "43798_cpf_220107_5070.sdg",
            "CampaignTrack": false,
            "DateTimeEnd": "20220108.221333",
            "DateTimeMiddle": "20220108.220913",
            "DateTimeStart": "20220108.220503",
            "MaximumElevation": 82,
            "Object_NORAD": "43798",
            "Object_Name": "ASTROCSTP1",
            "Pass": "SE/NO-CW"
        },
        {
            "AzimuthEnd": 330,
            "AzimuthMiddle": 261,
            "AzimuthStart": 193,
            "CPFSource": "41335_cpf_220107_5070.sdg",
            "CampaignTrack": false,
            "DateTimeEnd": "20220108.224243",
            "DateTimeMiddle": "20220108.223733",
            "DateTimeStart": "20220108.223233",
            "MaximumElevation": 38,
            "Object_NORAD": "41335",
            "Object_Name": "SENTINEL3A",
            "Pass": "SO/NO-CW"
        },
        {
            "AzimuthEnd": 152,
            "AzimuthMiddle": 95,
            "AzimuthStart": 40,
            "CPFSource": "47944_cpf_220107_5070.sdg",
            "CampaignTrack": false,
            "DateTimeEnd": "20220108.225953",
            "DateTimeMiddle": "20220108.225623",
            "DateTimeStart": "20220108.225303",
            "MaximumElevation": 23,
            "Object_NORAD": "47944",
            "Object_Name": "ELSAD",
            "Pass": "NE/SE-CW"
        },
        {
            "AzimuthEnd": 237,
            "AzimuthMiddle": 290,
            "AzimuthStart": 341,
            "CPFSource": "47944_cpf_220107_5070.sdg",
            "CampaignTrack": false,
            "DateTimeEnd": "20220109.003413",
            "DateTimeMiddle": "20220109.003053",
            "DateTimeStart": "20220109.002743",
            "MaximumElevation": 21,
            "Object_NORAD": "47944",
            "Object_Name": "ELSAD",
            "Pass": "NO/SO-CCW"
        },
        {
            "AzimuthEnd": 228,
            "AzimuthMiddle": 287,
            "AzimuthStart": 348,
            "CPFSource": "43186_cpf_220107_5070.sdg",
            "CampaignTrack": false,
            "DateTimeEnd": "20220109.004923",
            "DateTimeMiddle": "20220109.004543",
            "DateTimeStart": "20220109.004203",
            "MaximumElevation": 27,
            "Object_NORAD": "43186",
            "Object_Name": "SNETD",
            "Pass": "NO/SO-CCW"
        },
        {
            "AzimuthEnd": 228,
            "AzimuthMiddle": 287,
            "AzimuthStart": 348,
            "CPFSource": "43187_cpf_220107_5070.sdg",
            "CampaignTrack": false,
            "DateTimeEnd": "20220109.004923",
            "DateTimeMiddle": "20220109.004543",
            "DateTimeStart": "20220109.004203",
            "MaximumElevation": 27,
            "Object_NORAD": "43187",
            "Object_Name": "SNETB",
            "Pass": "NO/SO-CCW"
        },
        {
            "AzimuthEnd": 228,
            "AzimuthMiddle": 290,
            "AzimuthStart": 347,
            "CPFSource": "43188_cpf_220107_5070.sdg",
            "CampaignTrack": false,
            "DateTimeEnd": "20220109.004943",
            "DateTimeMiddle": "20220109.004553",
            "DateTimeStart": "20220109.004223",
            "MaximumElevation": 27,
            "Object_NORAD": "43188",
            "Object_Name": "SNETA",
            "Pass": "NO/SO-CCW"
        },
        {
            "AzimuthEnd": 229,
            "AzimuthMiddle": 288,
            "AzimuthStart": 346,
            "CPFSource": "43189_cpf_220107_5070.sdg",
            "CampaignTrack": false,
            "DateTimeEnd": "20220109.005023",
            "DateTimeMiddle": "20220109.004643",
            "DateTimeStart": "20220109.004313",
            "MaximumElevation": 26,
            "Object_NORAD": "43189",
            "Object_Name": "SNETC",
            "Pass": "NO/SO-CCW"
        },
        {
            "AzimuthEnd": 6,
            "AzimuthMiddle": 74,
            "AzimuthStart": 137,
            "CPFSource": "48900_cpf_220107_5070.sdg",
            "CampaignTrack": false,
            "DateTimeEnd": "20220109.014003",
            "DateTimeMiddle": "20220109.013613",
            "DateTimeStart": "20220109.013243",
            "MaximumElevation": 32,
            "Object_NORAD": "48900",
            "Object_Name": "TUBIN",
            "Pass": "SE/NE-CCW"
        },
        {
            "AzimuthEnd": 73,
            "AzimuthMiddle": 149,
            "AzimuthStart": 221,
            "CPFSource": "1328_cpf_220107_5070.sdg",
            "CampaignTrack": false,
            "DateTimeEnd": "20220109.030343",
            "DateTimeMiddle": "20220109.025623",
            "DateTimeStart": "20220109.024843",
            "MaximumElevation": 51,
            "Object_NORAD": "1328",
            "Object_Name": "EXPLORER27",
            "Pass": "SO/NE-CCW"
        },
        {
            "AzimuthEnd": 69,
            "AzimuthMiddle": 342,
            "AzimuthStart": 258,
            "CPFSource": "1328_cpf_220107_5070.sdg",
            "CampaignTrack": false,
            "DateTimeEnd": "20220109.045723",
            "DateTimeMiddle": "20220109.045013",
            "DateTimeStart": "20220109.044233",
            "MaximumElevation": 73,
            "Object_NORAD": "1328",
            "Object_Name": "EXPLORER27",
            "Pass": "SO/NE-CW"
        },
        {
            "AzimuthEnd": 164,
            "AzimuthMiddle": 97,
            "AzimuthStart": 31,
            "CPFSource": "37781_cpf_220107_5070.sdg",
            "CampaignTrack": false,
            "DateTimeEnd": "20220109.060713",
            "DateTimeMiddle": "20220109.060123",
            "DateTimeStart": "20220109.055543",
            "MaximumElevation": 35,
            "Object_NORAD": "37781",
            "Object_Name": "HAIYANG2A",
            "Pass": "NE/SE-CW"
        },
        {
            "AzimuthEnd": 161,
            "AzimuthMiddle": 97,
            "AzimuthStart": 33,
            "CPFSource": "43655_cpf_220107_5070.sdg",
            "CampaignTrack": false,
            "DateTimeEnd": "20220109.061133",
            "DateTimeMiddle": "20220109.060553",
            "DateTimeStart": "20220109.060013",
            "MaximumElevation": 32,
            "Object_NORAD": "43655",
            "Object_Name": "HAIYANG2B",
            "Pass": "NE/SE-CW"
        },
        {
            "AzimuthEnd": 151,
            "AzimuthMiddle": 96,
            "AzimuthStart": 40,
            "CPFSource": "31698_cpf_220107_5070.sdg",
            "CampaignTrack": false,
            "DateTimeEnd": "20220109.060843",
            "DateTimeMiddle": "20220109.060533",
            "DateTimeStart": "20220109.060223",
            "MaximumElevation": 23,
            "Object_NORAD": "31698",
            "Object_Name": "TERRASARX",
            "Pass": "NE/SE-CW"
        },
        {
            "AzimuthEnd": 153,
            "AzimuthMiddle": 95,
            "AzimuthStart": 40,
            "CPFSource": "36605_cpf_220107_5070.sdg",
            "CampaignTrack": false,
            "DateTimeEnd": "20220109.060853",
            "DateTimeMiddle": "20220109.060533",
            "DateTimeStart": "20220109.060223",
            "MaximumElevation": 23,
            "Object_NORAD": "36605",
            "Object_Name": "TANDEMX",
            "Pass": "NE/SE-CW"
        },
        {
            "AzimuthEnd": 83,
            "AzimuthMiddle": 4,
            "AzimuthStart": 284,
            "CPFSource": "1328_cpf_220107_5070.sdg",
            "CampaignTrack": false,
            "DateTimeEnd": "20220109.065113",
            "DateTimeMiddle": "20220109.064433",
            "DateTimeStart": "20220109.063723",
            "MaximumElevation": 59,
            "Object_NORAD": "1328",
            "Object_Name": "EXPLORER27",
            "Pass": "NO/NE-CW"
        },
        {
            "AzimuthEnd": 22,
            "AzimuthMiddle": 77,
            "AzimuthStart": 132,
            "CPFSource": "43613_cpf_220107_5070.sdg",
            "CampaignTrack": false,
            "DateTimeEnd": "20220109.064613",
            "DateTimeMiddle": "20220109.064303",
            "DateTimeStart": "20220109.064003",
            "MaximumElevation": 22,
            "Object_NORAD": "43613",
            "Object_Name": "ICESAT2",
            "Pass": "SE/NE-CCW"
        },
        {
            "AzimuthEnd": 179,
            "AzimuthMiddle": 99,
            "AzimuthStart": 22,
            "CPFSource": "41579_cpf_220107_5070.sdg",
            "CampaignTrack": false,
            "DateTimeEnd": "20220109.065823",
            "DateTimeMiddle": "20220109.065213",
            "DateTimeStart": "20220109.064613",
            "MaximumElevation": 55,
            "Object_NORAD": "41579",
            "Object_Name": "COSMOS2517",
            "Pass": "NE/SE-CW"
        },
        {
            "AzimuthEnd": 18,
            "AzimuthMiddle": 70,
            "AzimuthStart": 118,
            "CPFSource": "42829_cpf_220107_5070.sdg",
            "CampaignTrack": false,
            "DateTimeEnd": "20220109.072643",
            "DateTimeMiddle": "20220109.072313",
            "DateTimeStart": "20220109.072003",
            "MaximumElevation": 20,
            "Object_NORAD": "42829",
            "Object_Name": "TECHNOSAT",
            "Pass": "SE/NE-CCW"
        },
        {
            "AzimuthEnd": 231,
            "AzimuthMiddle": 291,
            "AzimuthStart": 354,
            "CPFSource": "37781_cpf_220107_5070.sdg",
            "CampaignTrack": false,
            "DateTimeEnd": "20220109.074953",
            "DateTimeMiddle": "20220109.074423",
            "DateTimeStart": "20220109.073853",
            "MaximumElevation": 31,
            "Object_NORAD": "37781",
            "Object_Name": "HAIYANG2A",
            "Pass": "NO/SO-CCW"
        },
        {
            "AzimuthEnd": 228,
            "AzimuthMiddle": 293,
            "AzimuthStart": 355,
            "CPFSource": "43655_cpf_220107_5070.sdg",
            "CampaignTrack": false,
            "DateTimeEnd": "20220109.075423",
            "DateTimeMiddle": "20220109.074843",
            "DateTimeStart": "20220109.074313",
            "MaximumElevation": 34,
            "Object_NORAD": "43655",
            "Object_Name": "HAIYANG2B",
            "Pass": "NO/SO-CCW"
        },
        {
            "AzimuthEnd": 248,
            "AzimuthMiddle": 297,
            "AzimuthStart": 343,
            "CPFSource": "41579_cpf_220107_5070.sdg",
            "CampaignTrack": false,
            "DateTimeEnd": "20220109.083853",
            "DateTimeMiddle": "20220109.083413",
            "DateTimeStart": "20220109.082953",
            "MaximumElevation": 20,
            "Object_NORAD": "41579",
            "Object_Name": "COSMOS2517",
            "Pass": "NO/SO-CCW"
        },
        {
            "AzimuthEnd": 116,
            "AzimuthMiddle": 199,
            "AzimuthStart": 290,
            "CPFSource": "1328_cpf_220107_5070.sdg",
            "CampaignTrack": false,
            "DateTimeEnd": "20220109.084503",
            "DateTimeMiddle": "20220109.083833",
            "DateTimeStart": "20220109.083133",
            "MaximumElevation": 84,
            "Object_NORAD": "1328",
            "Object_Name": "EXPLORER27",
            "Pass": "NO/SE-CCW"
        },
        {
            "AzimuthEnd": 326,
            "AzimuthMiddle": 264,
            "AzimuthStart": 202,
            "CPFSource": "42829_cpf_220107_5070.sdg",
            "CampaignTrack": false,
            "DateTimeEnd": "20220109.090243",
            "DateTimeMiddle": "20220109.085843",
            "DateTimeStart": "20220109.085453",
            "MaximumElevation": 28,
            "Object_NORAD": "42829",
            "Object_Name": "TECHNOSAT",
            "Pass": "SO/NO-CW"
        },
        {
            "AzimuthEnd": 190,
            "AzimuthMiddle": 272,
            "AzimuthStart": 355,
            "CPFSource": "43476_cpf_220107_5070.sdg",
            "CampaignTrack": false,
            "DateTimeEnd": "20220109.091933",
            "DateTimeMiddle": "20220109.091543",
            "DateTimeStart": "20220109.091153",
            "MaximumElevation": 66,
            "Object_NORAD": "43476",
            "Object_Name": "GRACEFO1",
            "Pass": "NO/SO-CCW"
        },
        {
            "AzimuthEnd": 190,
            "AzimuthMiddle": 267,
            "AzimuthStart": 355,
            "CPFSource": "43477_cpf_220107_5070.sdg",
            "CampaignTrack": false,
            "DateTimeEnd": "20220109.092003",
            "DateTimeMiddle": "20220109.091613",
            "DateTimeStart": "20220109.091223",
            "MaximumElevation": 64,
            "Object_NORAD": "43477",
            "Object_Name": "GRACEFO2",
            "Pass": "NO/SO-CCW"
        },
        {
            "AzimuthEnd": 189,
            "AzimuthMiddle": 121,
            "AzimuthStart": 13,
            "CPFSource": "44083_cpf_220107_5070.sdg",
            "CampaignTrack": false,
            "DateTimeEnd": "20220109.101643",
            "DateTimeMiddle": "20220109.101253",
            "DateTimeStart": "20220109.100903",
            "MaximumElevation": 78,
            "Object_NORAD": "44083",
            "Object_Name": "ASTROCSTP2",
            "Pass": "NE/SO-CW"
        },
        {
            "AzimuthEnd": 169,
            "AzimuthMiddle": 99,
            "AzimuthStart": 27,
            "CPFSource": "43437_cpf_220107_5070.sdg",
            "CampaignTrack": false,
            "DateTimeEnd": "20220109.102053",
            "DateTimeMiddle": "20220109.101543",
            "DateTimeStart": "20220109.101033",
            "MaximumElevation": 40,
            "Object_NORAD": "43437",
            "Object_Name": "SENTINEL3B",
            "Pass": "NE/SE-CW"
        },
        {
            "AzimuthEnd": 163,
            "AzimuthMiddle": 220,
            "AzimuthStart": 275,
            "CPFSource": "1328_cpf_220107_5070.sdg",
            "CampaignTrack": false,
            "DateTimeEnd": "20220109.103653",
            "DateTimeMiddle": "20220109.103133",
            "DateTimeStart": "20220109.102613",
            "MaximumElevation": 26,
            "Object_NORAD": "1328",
            "Object_Name": "EXPLORER27",
            "Pass": "NO/SE-CCW"
        },
        {
            "AzimuthEnd": 197,
            "AzimuthMiddle": 304,
            "AzimuthStart": 11,
            "CPFSource": "41335_cpf_220107_5070.sdg",
            "CampaignTrack": false,
            "DateTimeEnd": "20220109.110013",
            "DateTimeMiddle": "20220109.105433",
            "DateTimeStart": "20220109.104913",
            "MaximumElevation": 82,
            "Object_NORAD": "41335",
            "Object_Name": "SENTINEL3A",
            "Pass": "NE/SO-CW"
        },
        {
            "AzimuthEnd": 339,
            "AzimuthMiddle": 262,
            "AzimuthStart": 180,
            "CPFSource": "47944_cpf_220107_5070.sdg",
            "CampaignTrack": false,
            "DateTimeEnd": "20220109.111633",
            "DateTimeMiddle": "20220109.111233",
            "DateTimeStart": "20220109.110833",
            "MaximumElevation": 55,
            "Object_NORAD": "47944",
            "Object_Name": "ELSAD",
            "Pass": "S/NO-CW"
        },
        {
            "AzimuthEnd": 218,
            "AzimuthMiddle": 286,
            "AzimuthStart": 354,
            "CPFSource": "43798_cpf_220107_5070.sdg",
            "CampaignTrack": false,
            "DateTimeEnd": "20220109.113123",
            "DateTimeMiddle": "20220109.112723",
            "DateTimeStart": "20220109.112333",
            "MaximumElevation": 37,
            "Object_NORAD": "43798",
            "Object_Name": "ASTROCSTP1",
            "Pass": "NO/SO-CCW"
        },
        {
            "AzimuthEnd": 341,
            "AzimuthMiddle": 263,
            "AzimuthStart": 177,
            "CPFSource": "43186_cpf_220107_5070.sdg",
            "CampaignTrack": false,
            "DateTimeEnd": "20220109.113543",
            "DateTimeMiddle": "20220109.113123",
            "DateTimeStart": "20220109.112713",
            "MaximumElevation": 62,
            "Object_NORAD": "43186",
            "Object_Name": "SNETD",
            "Pass": "SE/NO-CW"
        },
        {
            "AzimuthEnd": 341,
            "AzimuthMiddle": 262,
            "AzimuthStart": 177,
            "CPFSource": "43187_cpf_220107_5070.sdg",
            "CampaignTrack": false,
            "DateTimeEnd": "20220109.113543",
            "DateTimeMiddle": "20220109.113123",
            "DateTimeStart": "20220109.112713",
            "MaximumElevation": 62,
            "Object_NORAD": "43187",
            "Object_Name": "SNETB",
            "Pass": "SE/NO-CW"
        },
        {
            "AzimuthEnd": 341,
            "AzimuthMiddle": 266,
            "AzimuthStart": 177,
            "CPFSource": "43188_cpf_220107_5070.sdg",
            "CampaignTrack": false,
            "DateTimeEnd": "20220109.113553",
            "DateTimeMiddle": "20220109.113143",
            "DateTimeStart": "20220109.112733",
            "MaximumElevation": 61,
            "Object_NORAD": "43188",
            "Object_Name": "SNETA",
            "Pass": "SE/NO-CW"
        },
        {
            "AzimuthEnd": 341,
            "AzimuthMiddle": 258,
            "AzimuthStart": 178,
            "CPFSource": "43189_cpf_220107_5070.sdg",
            "CampaignTrack": false,
            "DateTimeEnd": "20220109.113643",
            "DateTimeMiddle": "20220109.113223",
            "DateTimeStart": "20220109.112813",
            "MaximumElevation": 60,
            "Object_NORAD": "43189",
            "Object_Name": "SNETC",
            "Pass": "SE/NO-CW"
        },
        {
            "AzimuthEnd": 28,
            "AzimuthMiddle": 137,
            "AzimuthStart": 205,
            "CPFSource": "46984_cpf_220107_5070.sdg",
            "CampaignTrack": false,
            "DateTimeEnd": "20220109.115003",
            "DateTimeMiddle": "20220109.114123",
            "DateTimeStart": "20220109.113303",
            "MaximumElevation": 89,
            "Object_NORAD": "46984",
            "Object_Name": "SENTINEL6A",
            "Pass": "SO/NE-CCW"
        },
        {
            "AzimuthEnd": 242,
            "AzimuthMiddle": 294,
            "AzimuthStart": 344,
            "CPFSource": "43437_cpf_220107_5070.sdg",
            "CampaignTrack": false,
            "DateTimeEnd": "20220109.115923",
            "DateTimeMiddle": "20220109.115503",
            "DateTimeStart": "20220109.115053",
            "MaximumElevation": 22,
            "Object_NORAD": "43437",
            "Object_Name": "SENTINEL3B",
            "Pass": "NO/SO-CCW"
        },
        {
            "AzimuthEnd": 8,
            "AzimuthMiddle": 317,
            "AzimuthStart": 268,
            "CPFSource": "46984_cpf_220107_5070.sdg",
            "CampaignTrack": false,
            "DateTimeEnd": "20220109.134453",
            "DateTimeMiddle": "20220109.133823",
            "DateTimeStart": "20220109.133203",
            "MaximumElevation": 21,
            "Object_NORAD": "46984",
            "Object_Name": "SENTINEL6A",
            "Pass": "SO/NE-CW"
        },
        {
            "AzimuthEnd": 186,
            "AzimuthMiddle": 107,
            "AzimuthStart": 15,
            "CPFSource": "48900_cpf_220107_5070.sdg",
            "CampaignTrack": false,
            "DateTimeEnd": "20220109.145013",
            "DateTimeMiddle": "20220109.144613",
            "DateTimeStart": "20220109.144213",
            "MaximumElevation": 72,
            "Object_NORAD": "48900",
            "Object_Name": "TUBIN",
            "Pass": "NE/SO-CW"
        },
        {
            "AzimuthEnd": 350,
            "AzimuthMiddle": 76,
            "AzimuthStart": 156,
            "CPFSource": "37781_cpf_220107_5070.sdg",
            "CampaignTrack": false,
            "DateTimeEnd": "20220109.174803",
            "DateTimeMiddle": "20220109.174143",
            "DateTimeStart": "20220109.173533",
            "MaximumElevation": 72,
            "Object_NORAD": "37781",
            "Object_Name": "HAIYANG2A",
            "Pass": "SE/NO-CW"
        },
        {
            "AzimuthEnd": 351,
            "AzimuthMiddle": 76,
            "AzimuthStart": 153,
            "CPFSource": "43655_cpf_220107_5070.sdg",
            "CampaignTrack": false,
            "DateTimeEnd": "20220109.175213",
            "DateTimeMiddle": "20220109.174553",
            "DateTimeStart": "20220109.173953",
            "MaximumElevation": 66,
            "Object_NORAD": "43655",
            "Object_Name": "HAIYANG2B",
            "Pass": "SE/NO-CW"
        },
        {
            "AzimuthEnd": 341,
            "AzimuthMiddle": 252,
            "AzimuthStart": 177,
            "CPFSource": "31698_cpf_220107_5070.sdg",
            "CampaignTrack": false,
            "DateTimeEnd": "20220109.181943",
            "DateTimeMiddle": "20220109.181543",
            "DateTimeStart": "20220109.181203",
            "MaximumElevation": 61,
            "Object_NORAD": "31698",
            "Object_Name": "TERRASARX",
            "Pass": "SE/NO-CW"
        },
        {
            "AzimuthEnd": 341,
            "AzimuthMiddle": 264,
            "AzimuthStart": 177,
            "CPFSource": "36605_cpf_220107_5070.sdg",
            "CampaignTrack": false,
            "DateTimeEnd": "20220109.181943",
            "DateTimeMiddle": "20220109.181553",
            "DateTimeStart": "20220109.181203",
            "MaximumElevation": 61,
            "Object_NORAD": "36605",
            "Object_Name": "TANDEMX",
            "Pass": "SE/NO-CW"
        },
        {
            "AzimuthEnd": 344,
            "AzimuthMiddle": 253,
            "AzimuthStart": 169,
            "CPFSource": "41579_cpf_220107_5070.sdg",
            "CampaignTrack": false,
            "DateTimeEnd": "20220109.183513",
            "DateTimeMiddle": "20220109.182853",
            "DateTimeStart": "20220109.182253",
            "MaximumElevation": 79,
            "Object_NORAD": "41579",
            "Object_Name": "COSMOS2517",
            "Pass": "SE/NO-CW"
        },
        {
            "AzimuthEnd": 110,
            "AzimuthMiddle": 48,
            "AzimuthStart": 347,
            "CPFSource": "46984_cpf_220107_5070.sdg",
            "CampaignTrack": false,
            "DateTimeEnd": "20220109.194633",
            "DateTimeMiddle": "20220109.193903",
            "DateTimeStart": "20220109.193143",
            "MaximumElevation": 31,
            "Object_NORAD": "46984",
            "Object_Name": "SENTINEL6A",
            "Pass": "NO/SE-CW"
        },
        {
            "AzimuthEnd": 195,
            "AzimuthMiddle": 273,
            "AzimuthStart": 358,
            "CPFSource": "43613_cpf_220107_5070.sdg",
            "CampaignTrack": false,
            "DateTimeEnd": "20220109.194843",
            "DateTimeMiddle": "20220109.194503",
            "DateTimeStart": "20220109.194123",
            "MaximumElevation": 63,
            "Object_NORAD": "43613",
            "Object_Name": "ICESAT2",
            "Pass": "NO/SO-CCW"
        },
        {
            "AzimuthEnd": 178,
            "AzimuthMiddle": 98,
            "AzimuthStart": 21,
            "CPFSource": "42829_cpf_220107_5070.sdg",
            "CampaignTrack": false,
            "DateTimeEnd": "20220109.204823",
            "DateTimeMiddle": "20220109.204403",
            "DateTimeStart": "20220109.203953",
            "MaximumElevation": 53,
            "Object_NORAD": "42829",
            "Object_Name": "TECHNOSAT",
            "Pass": "NE/SE-CW"
        },
        {
            "AzimuthEnd": 17,
            "AzimuthMiddle": 68,
            "AzimuthStart": 122,
            "CPFSource": "44083_cpf_220107_5070.sdg",
            "CampaignTrack": false,
            "DateTimeEnd": "20220109.205023",
            "DateTimeMiddle": "20220109.204723",
            "DateTimeStart": "20220109.204423",
            "MaximumElevation": 20,
            "Object_NORAD": "44083",
            "Object_Name": "ASTROCSTP2",
            "Pass": "SE/NE-CCW"
        },
        {
            "AzimuthEnd": 350,
            "AzimuthMiddle": 266,
            "AzimuthStart": 190,
            "CPFSource": "43476_cpf_220107_5070.sdg",
            "CampaignTrack": false,
            "DateTimeEnd": "20220109.212743",
            "DateTimeMiddle": "20220109.212343",
            "DateTimeStart": "20220109.212003",
            "MaximumElevation": 56,
            "Object_NORAD": "43476",
            "Object_Name": "GRACEFO1",
            "Pass": "SO/NO-CW"
        },
        {
            "AzimuthEnd": 350,
            "AzimuthMiddle": 269,
            "AzimuthStart": 190,
            "CPFSource": "43477_cpf_220107_5070.sdg",
            "CampaignTrack": false,
            "DateTimeEnd": "20220109.212813",
            "DateTimeMiddle": "20220109.212413",
            "DateTimeStart": "20220109.212033",
            "MaximumElevation": 56,
            "Object_NORAD": "43477",
            "Object_Name": "GRACEFO2",
            "Pass": "SO/NO-CW"
        },
        {
            "AzimuthEnd": 169,
            "AzimuthMiddle": 246,
            "AzimuthStart": 324,
            "CPFSource": "46984_cpf_220107_5070.sdg",
            "CampaignTrack": false,
            "DateTimeEnd": "20220109.214343",
            "DateTimeMiddle": "20220109.213523",
            "DateTimeStart": "20220109.212713",
            "MaximumElevation": 60,
            "Object_NORAD": "46984",
            "Object_Name": "SENTINEL6A",
            "Pass": "NO/SE-CCW"
        },
        {
            "AzimuthEnd": 357,
            "AzimuthMiddle": 69,
            "AzimuthStart": 146,
            "CPFSource": "43437_cpf_220107_5070.sdg",
            "CampaignTrack": false,
            "DateTimeEnd": "20220109.213813",
            "DateTimeMiddle": "20220109.213253",
            "DateTimeStart": "20220109.212743",
            "MaximumElevation": 49,
            "Object_NORAD": "43437",
            "Object_Name": "SENTINEL3B",
            "Pass": "SE/NO-CW"
        },
        {
            "AzimuthEnd": 342,
            "AzimuthMiddle": 264,
            "AzimuthStart": 173,
            "CPFSource": "41335_cpf_220107_5070.sdg",
            "CampaignTrack": false,
            "DateTimeEnd": "20220109.221713",
            "DateTimeMiddle": "20220109.221143",
            "DateTimeStart": "20220109.220613",
            "MaximumElevation": 69,
            "Object_NORAD": "41335",
            "Object_Name": "SENTINEL3A",
            "Pass": "SE/NO-CW"
        },
        {
            "AzimuthEnd": 347,
            "AzimuthMiddle": 309,
            "AzimuthStart": 167,
            "CPFSource": "43798_cpf_220107_5070.sdg",
            "CampaignTrack": false,
            "DateTimeEnd": "20220109.221743",
            "DateTimeMiddle": "20220109.221323",
            "DateTimeStart": "20220109.220913",
            "MaximumElevation": 85,
            "Object_NORAD": "43798",
            "Object_Name": "ASTROCSTP1",
            "Pass": "SE/NO-CW"
        },
        {
            "AzimuthEnd": 146,
            "AzimuthMiddle": 93,
            "AzimuthStart": 43,
            "CPFSource": "47944_cpf_220107_5070.sdg",
            "CampaignTrack": false,
            "DateTimeEnd": "20220109.225403",
            "DateTimeMiddle": "20220109.225043",
            "DateTimeStart": "20220109.224733",
            "MaximumElevation": 20,
            "Object_NORAD": "47944",
            "Object_Name": "ELSAD",
            "Pass": "NE/SE-CW"
        },
        {
            "AzimuthEnd": 148,
            "AzimuthMiddle": 94,
            "AzimuthStart": 44,
            "CPFSource": "43186_cpf_220107_5070.sdg",
            "CampaignTrack": false,
            "DateTimeEnd": "20220109.231723",
            "DateTimeMiddle": "20220109.231353",
            "DateTimeStart": "20220109.231043",
            "MaximumElevation": 20,
            "Object_NORAD": "43186",
            "Object_Name": "SNETD",
            "Pass": "NE/SE-CW"
        },
        {
            "AzimuthEnd": 148,
            "AzimuthMiddle": 94,
            "AzimuthStart": 44,
            "CPFSource": "43187_cpf_220107_5070.sdg",
            "CampaignTrack": false,
            "DateTimeEnd": "20220109.231723",
            "DateTimeMiddle": "20220109.231353",
            "DateTimeStart": "20220109.231043",
            "MaximumElevation": 20,
            "Object_NORAD": "43187",
            "Object_Name": "SNETB",
            "Pass": "NE/SE-CW"
        },
        {
            "AzimuthEnd": 147,
            "AzimuthMiddle": 95,
            "AzimuthStart": 42,
            "CPFSource": "43188_cpf_220107_5070.sdg",
            "CampaignTrack": false,
            "DateTimeEnd": "20220109.231733",
            "DateTimeMiddle": "20220109.231413",
            "DateTimeStart": "20220109.231053",
            "MaximumElevation": 20,
            "Object_NORAD": "43188",
            "Object_Name": "SNETA",
            "Pass": "NE/SE-CW"
        },
        {
            "AzimuthEnd": 148,
            "AzimuthMiddle": 96,
            "AzimuthStart": 43,
            "CPFSource": "43189_cpf_220107_5070.sdg",
            "CampaignTrack": false,
            "DateTimeEnd": "20220109.231823",
            "DateTimeMiddle": "20220109.231503",
            "DateTimeStart": "20220109.231143",
            "MaximumElevation": 21,
            "Object_NORAD": "43189",
            "Object_Name": "SNETC",
            "Pass": "NE/SE-CW"
        }
    ]
}
