{
    "CreationDateTime": "20230504.104014",
    "PredictionsArray": [
        {
            "AzimuthEnd": 164,
            "AzimuthMiddle": 60,
            "AzimuthStart": 316,
            "CPFSource": "31115_cpf_230502_6221.tjr",
            "CampaignTrack": false,
            "DateTimeEnd": "20230504.141053",
            "DateTimeMiddle": "20230504.120913",
            "DateTimeStart": "20230504.104003",
            "MaximumElevation": 88,
            "Object_NORAD": "31115",
            "Object_Name": "BEIDOUM1",
            "Pass": "NO/SE-CW"
        },
        {
            "AzimuthEnd": 167,
            "AzimuthMiddle": 67,
            "AzimuthStart": 330,
            "CPFSource": "43055_cpf_230502_6221.tjr",
            "CampaignTrack": false,
            "DateTimeEnd": "20230504.140223",
            "DateTimeMiddle": "20230504.120003",
            "DateTimeStart": "20230504.104003",
            "MaximumElevation": 85,
            "Object_NORAD": "43055",
            "Object_Name": "GALILEO19",
            "Pass": "NO/SE-CW"
        },
        {
            "AzimuthEnd": 119,
            "AzimuthMiddle": 94,
            "AzimuthStart": 94,
            "CPFSource": "43057_cpf_230502_6221.tjr",
            "CampaignTrack": false,
            "DateTimeEnd": "20230504.113253",
            "DateTimeMiddle": "20230504.104013",
            "DateTimeStart": "20230504.104003",
            "MaximumElevation": 53,
            "Object_NORAD": "43057",
            "Object_Name": "GALILEO21",
            "Pass": "SE/SE-CW"
        },
        {
            "AzimuthEnd": 64,
            "AzimuthMiddle": 300,
            "AzimuthStart": 205,
            "CPFSource": "40544_cpf_230502_6221.tjr",
            "CampaignTrack": false,
            "DateTimeEnd": "20230504.162713",
            "DateTimeMiddle": "20230504.133223",
            "DateTimeStart": "20230504.112813",
            "MaximumElevation": 77,
            "Object_NORAD": "40544",
            "Object_Name": "GALILEO203",
            "Pass": "SO/NE-CW"
        },
        {
            "AzimuthEnd": 205,
            "AzimuthMiddle": 266,
            "AzimuthStart": 316,
            "CPFSource": "41550_cpf_230502_6221.tjr",
            "CampaignTrack": false,
            "DateTimeEnd": "20230504.153423",
            "DateTimeMiddle": "20230504.135033",
            "DateTimeStart": "20230504.115743",
            "MaximumElevation": 71,
            "Object_NORAD": "41550",
            "Object_Name": "GALILEO210",
            "Pass": "NO/SO-CCW"
        },
        {
            "AzimuthEnd": 119,
            "AzimuthMiddle": 28,
            "AzimuthStart": 287,
            "CPFSource": "40128_cpf_230502_6221.tjr",
            "CampaignTrack": false,
            "DateTimeEnd": "20230504.155533",
            "DateTimeMiddle": "20230504.143623",
            "DateTimeStart": "20230504.125113",
            "MaximumElevation": 76,
            "Object_NORAD": "40128",
            "Object_Name": "GALILEO201",
            "Pass": "NO/SE-CW"
        },
        {
            "AzimuthEnd": 46,
            "AzimuthMiddle": 91,
            "AzimuthStart": 142,
            "CPFSource": "41315_cpf_230502_6221.tjr",
            "CampaignTrack": false,
            "DateTimeEnd": "20230504.173933",
            "DateTimeMiddle": "20230504.161633",
            "DateTimeStart": "20230504.145533",
            "MaximumElevation": 61,
            "Object_NORAD": "41315",
            "Object_Name": "BEIDOU21",
            "Pass": "SE/NE-CCW"
        },
        {
            "AzimuthEnd": 44,
            "AzimuthMiddle": 100,
            "AzimuthStart": 166,
            "CPFSource": "43002_cpf_230502_6221.tjr",
            "CampaignTrack": false,
            "DateTimeEnd": "20230504.185832",
            "DateTimeMiddle": "20230504.171253",
            "DateTimeStart": "20230504.153543",
            "MaximumElevation": 75,
            "Object_NORAD": "43002",
            "Object_Name": "BEIDOU25",
            "Pass": "SE/NE-CCW"
        },
        {
            "AzimuthEnd": 45,
            "AzimuthMiddle": 91,
            "AzimuthStart": 146,
            "CPFSource": "38858_cpf_230502_6221.tjr",
            "CampaignTrack": false,
            "DateTimeEnd": "20230504.202242",
            "DateTimeMiddle": "20230504.184042",
            "DateTimeStart": "20230504.170433",
            "MaximumElevation": 65,
            "Object_NORAD": "38858",
            "Object_Name": "GALILEO104",
            "Pass": "SE/NE-CCW"
        },
        {
            "AzimuthEnd": 54,
            "AzimuthMiddle": 298,
            "AzimuthStart": 202,
            "CPFSource": "43001_cpf_230502_6221.tjr",
            "CampaignTrack": false,
            "DateTimeEnd": "20230504.211802",
            "DateTimeMiddle": "20230504.190032",
            "DateTimeStart": "20230504.171013",
            "MaximumElevation": 82,
            "Object_NORAD": "43001",
            "Object_Name": "BEIDOU24",
            "Pass": "SO/NE-CW"
        },
        {
            "AzimuthEnd": 46,
            "AzimuthMiddle": 98,
            "AzimuthStart": 164,
            "CPFSource": "38857_cpf_230502_6221.tjr",
            "CampaignTrack": false,
            "DateTimeEnd": "20230504.212852",
            "DateTimeMiddle": "20230504.192612",
            "DateTimeStart": "20230504.173653",
            "MaximumElevation": 76,
            "Object_NORAD": "38857",
            "Object_Name": "GALILEO103",
            "Pass": "SE/NE-CCW"
        },
        {
            "AzimuthEnd": 171,
            "AzimuthMiddle": 71,
            "AzimuthStart": 310,
            "CPFSource": "37847_cpf_230502_6221.tjr",
            "CampaignTrack": false,
            "DateTimeEnd": "20230504.221232",
            "DateTimeMiddle": "20230504.201332",
            "DateTimeStart": "20230504.174233",
            "MaximumElevation": 86,
            "Object_NORAD": "37847",
            "Object_Name": "GALILEOFM2",
            "Pass": "NO/SE-CW"
        },
        {
            "AzimuthEnd": 46,
            "AzimuthMiddle": 306,
            "AzimuthStart": 211,
            "CPFSource": "41861_cpf_230502_6221.tjr",
            "CampaignTrack": false,
            "DateTimeEnd": "20230504.235752",
            "DateTimeMiddle": "20230504.215302",
            "DateTimeStart": "20230504.194312",
            "MaximumElevation": 76,
            "Object_NORAD": "41861",
            "Object_Name": "GALILEO17",
            "Pass": "SO/NE-CW"
        },
        {
            "AzimuthEnd": 214,
            "AzimuthMiddle": 270,
            "AzimuthStart": 318,
            "CPFSource": "37846_cpf_230502_6221.tjr",
            "CampaignTrack": false,
            "DateTimeEnd": "20230504.234802",
            "DateTimeMiddle": "20230504.221202",
            "DateTimeStart": "20230504.203012",
            "MaximumElevation": 66,
            "Object_NORAD": "37846",
            "Object_Name": "GALILEOPFM",
            "Pass": "NO/SO-CCW"
        },
        {
            "AzimuthEnd": 246,
            "AzimuthMiddle": 277,
            "AzimuthStart": 313,
            "CPFSource": "40545_cpf_230502_6221.tjr",
            "CampaignTrack": false,
            "DateTimeEnd": "20230504.235752",
            "DateTimeMiddle": "20230504.225802",
            "DateTimeStart": "20230504.214142",
            "MaximumElevation": 54,
            "Object_NORAD": "40545",
            "Object_Name": "GALILEO204",
            "Pass": "NO/SO-CCW"
        },
        {
            "AzimuthEnd": 300,
            "AzimuthMiddle": 300,
            "AzimuthStart": 265,
            "CPFSource": "41174_cpf_230502_6221.tjr",
            "CampaignTrack": false,
            "DateTimeEnd": "20230504.235752",
            "DateTimeMiddle": "20230504.235752",
            "DateTimeStart": "20230504.223712",
            "MaximumElevation": 54,
            "Object_NORAD": "41174",
            "Object_Name": "GALILEO208",
            "Pass": "SO/NO-CW"
        }
    ]
}
