{
    "CreationDateTime": "20210709.082549",
    "PredictionsArray": [
        {
            "AzimuthEnd": 0,
            "AzimuthMiddle": 359,
            "AzimuthStart": 359,
            "CPFSource": "polaris_cpf_210708_9999.avh",
            "CampaignTrack": false,
            "DateTimeEnd": "20210709.235954",
            "DateTimeMiddle": "20210709.082415",
            "DateTimeStart": "20210709.082405",
            "MaximumElevation": 36,
            "Object_NORAD": "11111",
            "Object_Name": "POLARIS",
            "Pass": "NO/N-CW"
        }
    ]
}
