{
    "CreationDateTime": "20220110.073933",
    "PredictionsArray": [
        {
            "AzimuthEnd": 108,
            "AzimuthMiddle": 7,
            "AzimuthStart": 291,
            "CPFSource": "1328_cpf_220110_5100.sdg",
            "CampaignTrack": false,
            "DateTimeEnd": "20220110.080049",
            "DateTimeMiddle": "20220110.075409",
            "DateTimeStart": "20220110.074709",
            "MaximumElevation": 82,
            "Object_NORAD": "1328",
            "Object_Name": "EXPLORER27",
            "Pass": "NO/SE-CW"
        },
        {
            "AzimuthEnd": 336,
            "AzimuthMiddle": 271,
            "AzimuthStart": 203,
            "CPFSource": "43613_cpf_220110_5100.sdg",
            "CampaignTrack": false,
            "DateTimeEnd": "20220110.075449",
            "DateTimeMiddle": "20220110.075119",
            "DateTimeStart": "20220110.074759",
            "MaximumElevation": 32,
            "Object_NORAD": "43613",
            "Object_Name": "ICESAT2",
            "Pass": "SO/NO-CW"
        },
        {
            "AzimuthEnd": 248,
            "AzimuthMiddle": 296,
            "AzimuthStart": 344,
            "CPFSource": "37781_cpf_220110_5100.sdg",
            "CampaignTrack": false,
            "DateTimeEnd": "20220110.081129",
            "DateTimeMiddle": "20220110.080649",
            "DateTimeStart": "20220110.080209",
            "MaximumElevation": 21,
            "Object_NORAD": "37781",
            "Object_Name": "HAIYANG2A",
            "Pass": "NO/SO-CCW"
        },
        {
            "AzimuthEnd": 243,
            "AzimuthMiddle": 296,
            "AzimuthStart": 347,
            "CPFSource": "43655_cpf_220110_5100.sdg",
            "CampaignTrack": false,
            "DateTimeEnd": "20220110.081539",
            "DateTimeMiddle": "20220110.081039",
            "DateTimeStart": "20220110.080549",
            "MaximumElevation": 23,
            "Object_NORAD": "43655",
            "Object_Name": "HAIYANG2B",
            "Pass": "NO/SO-CCW"
        },
        {
            "AzimuthEnd": 174,
            "AzimuthMiddle": 81,
            "AzimuthStart": 6,
            "CPFSource": "43476_cpf_220110_5100.sdg",
            "CampaignTrack": false,
            "DateTimeEnd": "20220110.085739",
            "DateTimeMiddle": "20220110.085339",
            "DateTimeStart": "20220110.084959",
            "MaximumElevation": 67,
            "Object_NORAD": "43476",
            "Object_Name": "GRACEFO1",
            "Pass": "NE/SE-CW"
        },
        {
            "AzimuthEnd": 174,
            "AzimuthMiddle": 86,
            "AzimuthStart": 6,
            "CPFSource": "43477_cpf_220110_5100.sdg",
            "CampaignTrack": false,
            "DateTimeEnd": "20220110.085759",
            "DateTimeMiddle": "20220110.085409",
            "DateTimeStart": "20220110.085029",
            "MaximumElevation": 68,
            "Object_NORAD": "43477",
            "Object_Name": "GRACEFO2",
            "Pass": "NE/SE-CW"
        },
        {
            "AzimuthEnd": 320,
            "AzimuthMiddle": 265,
            "AzimuthStart": 211,
            "CPFSource": "42829_cpf_220110_5100.sdg",
            "CampaignTrack": false,
            "DateTimeEnd": "20220110.091129",
            "DateTimeMiddle": "20220110.090749",
            "DateTimeStart": "20220110.090419",
            "MaximumElevation": 22,
            "Object_NORAD": "42829",
            "Object_Name": "TECHNOSAT",
            "Pass": "SO/NO-CW"
        },
        {
            "AzimuthEnd": 152,
            "AzimuthMiddle": 216,
            "AzimuthStart": 281,
            "CPFSource": "1328_cpf_220110_5100.sdg",
            "CampaignTrack": false,
            "DateTimeEnd": "20220110.095319",
            "DateTimeMiddle": "20220110.094729",
            "DateTimeStart": "20220110.094129",
            "MaximumElevation": 35,
            "Object_NORAD": "1328",
            "Object_Name": "EXPLORER27",
            "Pass": "NO/SE-CCW"
        },
        {
            "AzimuthEnd": 149,
            "AzimuthMiddle": 94,
            "AzimuthStart": 41,
            "CPFSource": "43437_cpf_220110_5100.sdg",
            "CampaignTrack": false,
            "DateTimeEnd": "20220110.095409",
            "DateTimeMiddle": "20220110.094939",
            "DateTimeStart": "20220110.094519",
            "MaximumElevation": 23,
            "Object_NORAD": "43437",
            "Object_Name": "SENTINEL3B",
            "Pass": "NE/SE-CW"
        },
        {
            "AzimuthEnd": 169,
            "AzimuthMiddle": 98,
            "AzimuthStart": 28,
            "CPFSource": "44083_cpf_220110_5100.sdg",
            "CampaignTrack": false,
            "DateTimeEnd": "20220110.095459",
            "DateTimeMiddle": "20220110.095119",
            "DateTimeStart": "20220110.094749",
            "MaximumElevation": 38,
            "Object_NORAD": "44083",
            "Object_Name": "ASTROCSTP2",
            "Pass": "NE/SE-CW"
        },
        {
            "AzimuthEnd": 48,
            "AzimuthMiddle": 106,
            "AzimuthStart": 161,
            "CPFSource": "46984_cpf_220110_5100.sdg",
            "CampaignTrack": false,
            "DateTimeEnd": "20220110.101549",
            "DateTimeMiddle": "20220110.100839",
            "DateTimeStart": "20220110.100149",
            "MaximumElevation": 28,
            "Object_NORAD": "46984",
            "Object_Name": "SENTINEL6A",
            "Pass": "SE/NE-CCW"
        },
        {
            "AzimuthEnd": 179,
            "AzimuthMiddle": 101,
            "AzimuthStart": 22,
            "CPFSource": "41335_cpf_220110_5100.sdg",
            "CampaignTrack": false,
            "DateTimeEnd": "20220110.103409",
            "DateTimeMiddle": "20220110.102849",
            "DateTimeStart": "20220110.102329",
            "MaximumElevation": 55,
            "Object_NORAD": "41335",
            "Object_Name": "SENTINEL3A",
            "Pass": "NE/SE-CW"
        },
        {
            "AzimuthEnd": 342,
            "AzimuthMiddle": 254,
            "AzimuthStart": 175,
            "CPFSource": "47944_cpf_220110_5100.sdg",
            "CampaignTrack": false,
            "DateTimeEnd": "20220110.111049",
            "DateTimeMiddle": "20220110.110639",
            "DateTimeStart": "20220110.110249",
            "MaximumElevation": 66,
            "Object_NORAD": "47944",
            "Object_Name": "ELSAD",
            "Pass": "SE/NO-CW"
        },
        {
            "AzimuthEnd": 221,
            "AzimuthMiddle": 289,
            "AzimuthStart": 356,
            "CPFSource": "43437_cpf_220110_5100.sdg",
            "CampaignTrack": false,
            "DateTimeEnd": "20220110.113439",
            "DateTimeMiddle": "20220110.112929",
            "DateTimeStart": "20220110.112429",
            "MaximumElevation": 38,
            "Object_NORAD": "43437",
            "Object_Name": "SENTINEL3B",
            "Pass": "NO/SO-CCW"
        },
        {
            "AzimuthEnd": 221,
            "AzimuthMiddle": 288,
            "AzimuthStart": 352,
            "CPFSource": "43798_cpf_220110_5100.sdg",
            "CampaignTrack": false,
            "DateTimeEnd": "20220110.113529",
            "DateTimeMiddle": "20220110.113129",
            "DateTimeStart": "20220110.112739",
            "MaximumElevation": 33,
            "Object_NORAD": "43798",
            "Object_Name": "ASTROCSTP1",
            "Pass": "NO/SO-CCW"
        },
        {
            "AzimuthEnd": 339,
            "AzimuthMiddle": 260,
            "AzimuthStart": 180,
            "CPFSource": "43187_cpf_220110_5100.sdg",
            "CampaignTrack": false,
            "DateTimeEnd": "20220110.113909",
            "DateTimeMiddle": "20220110.113449",
            "DateTimeStart": "20220110.113039",
            "MaximumElevation": 55,
            "Object_NORAD": "43187",
            "Object_Name": "SNETB",
            "Pass": "S/NO-CW"
        },
        {
            "AzimuthEnd": 339,
            "AzimuthMiddle": 260,
            "AzimuthStart": 180,
            "CPFSource": "43186_cpf_220110_5100.sdg",
            "CampaignTrack": false,
            "DateTimeEnd": "20220110.113909",
            "DateTimeMiddle": "20220110.113449",
            "DateTimeStart": "20220110.113039",
            "MaximumElevation": 56,
            "Object_NORAD": "43186",
            "Object_Name": "SNETD",
            "Pass": "S/NO-CW"
        },
        {
            "AzimuthEnd": 339,
            "AzimuthMiddle": 263,
            "AzimuthStart": 180,
            "CPFSource": "43188_cpf_220110_5100.sdg",
            "CampaignTrack": false,
            "DateTimeEnd": "20220110.113919",
            "DateTimeMiddle": "20220110.113509",
            "DateTimeStart": "20220110.113059",
            "MaximumElevation": 55,
            "Object_NORAD": "43188",
            "Object_Name": "SNETA",
            "Pass": "S/NO-CW"
        },
        {
            "AzimuthEnd": 339,
            "AzimuthMiddle": 256,
            "AzimuthStart": 181,
            "CPFSource": "43189_cpf_220110_5100.sdg",
            "CampaignTrack": false,
            "DateTimeEnd": "20220110.114009",
            "DateTimeMiddle": "20220110.113549",
            "DateTimeStart": "20220110.113149",
            "MaximumElevation": 53,
            "Object_NORAD": "43189",
            "Object_Name": "SNETC",
            "Pass": "SO/NO-CW"
        },
        {
            "AzimuthEnd": 22,
            "AzimuthMiddle": 304,
            "AzimuthStart": 223,
            "CPFSource": "46984_cpf_220110_5100.sdg",
            "CampaignTrack": false,
            "DateTimeEnd": "20220110.121229",
            "DateTimeMiddle": "20220110.120409",
            "DateTimeStart": "20220110.115549",
            "MaximumElevation": 58,
            "Object_NORAD": "46984",
            "Object_Name": "SENTINEL6A",
            "Pass": "SO/NE-CW"
        },
        {
            "AzimuthEnd": 177,
            "AzimuthMiddle": 97,
            "AzimuthStart": 22,
            "CPFSource": "48900_cpf_220110_5100.sdg",
            "CampaignTrack": false,
            "DateTimeEnd": "20220110.143909",
            "DateTimeMiddle": "20220110.143509",
            "DateTimeStart": "20220110.143119",
            "MaximumElevation": 50,
            "Object_NORAD": "48900",
            "Object_Name": "TUBIN",
            "Pass": "NE/SE-CW"
        },
        {
            "AzimuthEnd": 351,
            "AzimuthMiddle": 61,
            "AzimuthStart": 162,
            "CPFSource": "31698_cpf_220110_5100.sdg",
            "CampaignTrack": false,
            "DateTimeEnd": "20220110.180238",
            "DateTimeMiddle": "20220110.175848",
            "DateTimeStart": "20220110.175458",
            "MaximumElevation": 75,
            "Object_NORAD": "31698",
            "Object_Name": "TERRASARX",
            "Pass": "SE/NO-CW"
        },
        {
            "AzimuthEnd": 351,
            "AzimuthMiddle": 64,
            "AzimuthStart": 162,
            "CPFSource": "36605_cpf_220110_5100.sdg",
            "CampaignTrack": false,
            "DateTimeEnd": "20220110.180238",
            "DateTimeMiddle": "20220110.175848",
            "DateTimeStart": "20220110.175458",
            "MaximumElevation": 75,
            "Object_NORAD": "36605",
            "Object_Name": "TANDEMX",
            "Pass": "SE/NO-CW"
        },
        {
            "AzimuthEnd": 342,
            "AzimuthMiddle": 262,
            "AzimuthStart": 171,
            "CPFSource": "37781_cpf_220110_5100.sdg",
            "CampaignTrack": false,
            "DateTimeEnd": "20220110.181048",
            "DateTimeMiddle": "20220110.180428",
            "DateTimeStart": "20220110.175818",
            "MaximumElevation": 73,
            "Object_NORAD": "37781",
            "Object_Name": "HAIYANG2A",
            "Pass": "SE/NO-CW"
        },
        {
            "AzimuthEnd": 344,
            "AzimuthMiddle": 252,
            "AzimuthStart": 167,
            "CPFSource": "43655_cpf_220110_5100.sdg",
            "CampaignTrack": false,
            "DateTimeEnd": "20220110.181428",
            "DateTimeMiddle": "20220110.180758",
            "DateTimeStart": "20220110.180148",
            "MaximumElevation": 81,
            "Object_NORAD": "43655",
            "Object_Name": "HAIYANG2B",
            "Pass": "SE/NO-CW"
        },
        {
            "AzimuthEnd": 338,
            "AzimuthMiddle": 258,
            "AzimuthStart": 179,
            "CPFSource": "41579_cpf_220110_5100.sdg",
            "CampaignTrack": false,
            "DateTimeEnd": "20220110.185018",
            "DateTimeMiddle": "20220110.184408",
            "DateTimeStart": "20220110.183808",
            "MaximumElevation": 58,
            "Object_NORAD": "41579",
            "Object_Name": "COSMOS2517",
            "Pass": "SE/NO-CW"
        },
        {
            "AzimuthEnd": 174,
            "AzimuthMiddle": 93,
            "AzimuthStart": 13,
            "CPFSource": "43613_cpf_220110_5100.sdg",
            "CampaignTrack": false,
            "DateTimeEnd": "20220110.192318",
            "DateTimeMiddle": "20220110.191928",
            "DateTimeStart": "20220110.191548",
            "MaximumElevation": 57,
            "Object_NORAD": "43613",
            "Object_Name": "ICESAT2",
            "Pass": "NE/SE-CW"
        },
        {
            "AzimuthEnd": 128,
            "AzimuthMiddle": 53,
            "AzimuthStart": 340,
            "CPFSource": "46984_cpf_220110_5100.sdg",
            "CampaignTrack": false,
            "DateTimeEnd": "20220110.201008",
            "DateTimeMiddle": "20220110.200158",
            "DateTimeStart": "20220110.195358",
            "MaximumElevation": 47,
            "Object_NORAD": "46984",
            "Object_Name": "SENTINEL6A",
            "Pass": "NO/SE-CW"
        },
        {
            "AzimuthEnd": 185,
            "AzimuthMiddle": 103,
            "AzimuthStart": 16,
            "CPFSource": "42829_cpf_220110_5100.sdg",
            "CampaignTrack": false,
            "DateTimeEnd": "20220110.205728",
            "DateTimeMiddle": "20220110.205308",
            "DateTimeStart": "20220110.204848",
            "MaximumElevation": 70,
            "Object_NORAD": "42829",
            "Object_Name": "TECHNOSAT",
            "Pass": "NE/SO-CW"
        },
        {
            "AzimuthEnd": 1,
            "AzimuthMiddle": 74,
            "AzimuthStart": 173,
            "CPFSource": "43476_cpf_220110_5100.sdg",
            "CampaignTrack": false,
            "DateTimeEnd": "20220110.210548",
            "DateTimeMiddle": "20220110.210148",
            "DateTimeStart": "20220110.205758",
            "MaximumElevation": 78,
            "Object_NORAD": "43476",
            "Object_Name": "GRACEFO1",
            "Pass": "SE/NE-CCW"
        },
        {
            "AzimuthEnd": 1,
            "AzimuthMiddle": 107,
            "AzimuthStart": 174,
            "CPFSource": "43477_cpf_220110_5100.sdg",
            "CampaignTrack": false,
            "DateTimeEnd": "20220110.210608",
            "DateTimeMiddle": "20220110.210208",
            "DateTimeStart": "20220110.205828",
            "MaximumElevation": 79,
            "Object_NORAD": "43477",
            "Object_Name": "GRACEFO2",
            "Pass": "SE/NE-CCW"
        },
        {
            "AzimuthEnd": 8,
            "AzimuthMiddle": 67,
            "AzimuthStart": 127,
            "CPFSource": "43437_cpf_220110_5100.sdg",
            "CampaignTrack": false,
            "DateTimeEnd": "20220110.211158",
            "DateTimeMiddle": "20220110.210708",
            "DateTimeStart": "20220110.210228",
            "MaximumElevation": 28,
            "Object_NORAD": "43437",
            "Object_Name": "SENTINEL3B",
            "Pass": "SE/NE-CCW"
        },
        {
            "AzimuthEnd": 352,
            "AzimuthMiddle": 76,
            "AzimuthStart": 155,
            "CPFSource": "41335_cpf_220110_5100.sdg",
            "CampaignTrack": false,
            "DateTimeEnd": "20220110.215118",
            "DateTimeMiddle": "20220110.214548",
            "DateTimeStart": "20220110.214028",
            "MaximumElevation": 67,
            "Object_NORAD": "41335",
            "Object_Name": "SENTINEL3A",
            "Pass": "SE/NO-CW"
        },
        {
            "AzimuthEnd": 188,
            "AzimuthMiddle": 253,
            "AzimuthStart": 315,
            "CPFSource": "46984_cpf_220110_5100.sdg",
            "CampaignTrack": false,
            "DateTimeEnd": "20220110.220518",
            "DateTimeMiddle": "20220110.215738",
            "DateTimeStart": "20220110.215008",
            "MaximumElevation": 36,
            "Object_NORAD": "46984",
            "Object_Name": "SENTINEL6A",
            "Pass": "NO/SO-CCW"
        },
        {
            "AzimuthEnd": 332,
            "AzimuthMiddle": 264,
            "AzimuthStart": 192,
            "CPFSource": "44083_cpf_220110_5100.sdg",
            "CampaignTrack": false,
            "DateTimeEnd": "20220110.220258",
            "DateTimeMiddle": "20220110.215918",
            "DateTimeStart": "20220110.215548",
            "MaximumElevation": 36,
            "Object_NORAD": "44083",
            "Object_Name": "ASTROCSTP2",
            "Pass": "SO/NO-CW"
        },
        {
            "AzimuthEnd": 345,
            "AzimuthMiddle": 260,
            "AzimuthStart": 171,
            "CPFSource": "43798_cpf_220110_5100.sdg",
            "CampaignTrack": false,
            "DateTimeEnd": "20220110.222148",
            "DateTimeMiddle": "20220110.221728",
            "DateTimeStart": "20220110.221318",
            "MaximumElevation": 77,
            "Object_NORAD": "43798",
            "Object_Name": "ASTROCSTP1",
            "Pass": "SE/NO-CW"
        },
        {
            "AzimuthEnd": 326,
            "AzimuthMiddle": 261,
            "AzimuthStart": 200,
            "CPFSource": "43437_cpf_220110_5100.sdg",
            "CampaignTrack": false,
            "DateTimeEnd": "20220110.225138",
            "DateTimeMiddle": "20220110.224638",
            "DateTimeStart": "20220110.224158",
            "MaximumElevation": 30,
            "Object_NORAD": "43437",
            "Object_Name": "SENTINEL3B",
            "Pass": "SO/NO-CW"
        },
        {
            "AzimuthEnd": 151,
            "AzimuthMiddle": 97,
            "AzimuthStart": 40,
            "CPFSource": "43187_cpf_220110_5100.sdg",
            "CampaignTrack": false,
            "DateTimeEnd": "20220110.232058",
            "DateTimeMiddle": "20220110.231728",
            "DateTimeStart": "20220110.231358",
            "MaximumElevation": 22,
            "Object_NORAD": "43187",
            "Object_Name": "SNETB",
            "Pass": "NE/SE-CW"
        },
        {
            "AzimuthEnd": 151,
            "AzimuthMiddle": 93,
            "AzimuthStart": 40,
            "CPFSource": "43186_cpf_220110_5100.sdg",
            "CampaignTrack": false,
            "DateTimeEnd": "20220110.232058",
            "DateTimeMiddle": "20220110.231718",
            "DateTimeStart": "20220110.231358",
            "MaximumElevation": 22,
            "Object_NORAD": "43186",
            "Object_Name": "SNETD",
            "Pass": "NE/SE-CW"
        },
        {
            "AzimuthEnd": 150,
            "AzimuthMiddle": 94,
            "AzimuthStart": 41,
            "CPFSource": "43188_cpf_220110_5100.sdg",
            "CampaignTrack": false,
            "DateTimeEnd": "20220110.232108",
            "DateTimeMiddle": "20220110.231738",
            "DateTimeStart": "20220110.231418",
            "MaximumElevation": 22,
            "Object_NORAD": "43188",
            "Object_Name": "SNETA",
            "Pass": "NE/SE-CW"
        },
        {
            "AzimuthEnd": 152,
            "AzimuthMiddle": 96,
            "AzimuthStart": 39,
            "CPFSource": "43189_cpf_220110_5100.sdg",
            "CampaignTrack": false,
            "DateTimeEnd": "20220110.232158",
            "DateTimeMiddle": "20220110.231828",
            "DateTimeStart": "20220110.231458",
            "MaximumElevation": 23,
            "Object_NORAD": "43189",
            "Object_Name": "SNETC",
            "Pass": "NE/SE-CW"
        },
        {
            "AzimuthEnd": 225,
            "AzimuthMiddle": 289,
            "AzimuthStart": 349,
            "CPFSource": "47944_cpf_220110_5100.sdg",
            "CampaignTrack": false,
            "DateTimeEnd": "20220111.002318",
            "DateTimeMiddle": "20220111.001928",
            "DateTimeStart": "20220111.001558",
            "MaximumElevation": 29,
            "Object_NORAD": "47944",
            "Object_Name": "ELSAD",
            "Pass": "NO/SO-CCW"
        },
        {
            "AzimuthEnd": 235,
            "AzimuthMiddle": 290,
            "AzimuthStart": 343,
            "CPFSource": "43187_cpf_220110_5100.sdg",
            "CampaignTrack": false,
            "DateTimeEnd": "20220111.005558",
            "DateTimeMiddle": "20220111.005228",
            "DateTimeStart": "20220111.004908",
            "MaximumElevation": 22,
            "Object_NORAD": "43187",
            "Object_Name": "SNETB",
            "Pass": "NO/SO-CCW"
        },
        {
            "AzimuthEnd": 235,
            "AzimuthMiddle": 290,
            "AzimuthStart": 343,
            "CPFSource": "43186_cpf_220110_5100.sdg",
            "CampaignTrack": false,
            "DateTimeEnd": "20220111.005558",
            "DateTimeMiddle": "20220111.005228",
            "DateTimeStart": "20220111.004908",
            "MaximumElevation": 22,
            "Object_NORAD": "43186",
            "Object_Name": "SNETD",
            "Pass": "NO/SO-CCW"
        },
        {
            "AzimuthEnd": 234,
            "AzimuthMiddle": 289,
            "AzimuthStart": 343,
            "CPFSource": "43188_cpf_220110_5100.sdg",
            "CampaignTrack": false,
            "DateTimeEnd": "20220111.005618",
            "DateTimeMiddle": "20220111.005248",
            "DateTimeStart": "20220111.004928",
            "MaximumElevation": 22,
            "Object_NORAD": "43188",
            "Object_Name": "SNETA",
            "Pass": "NO/SO-CCW"
        },
        {
            "AzimuthEnd": 236,
            "AzimuthMiddle": 291,
            "AzimuthStart": 342,
            "CPFSource": "43189_cpf_220110_5100.sdg",
            "CampaignTrack": false,
            "DateTimeEnd": "20220111.005658",
            "DateTimeMiddle": "20220111.005328",
            "DateTimeStart": "20220111.005018",
            "MaximumElevation": 22,
            "Object_NORAD": "43189",
            "Object_Name": "SNETC",
            "Pass": "NO/SO-CCW"
        },
        {
            "AzimuthEnd": 79,
            "AzimuthMiddle": 140,
            "AzimuthStart": 203,
            "CPFSource": "1328_cpf_220110_5100.sdg",
            "CampaignTrack": false,
            "DateTimeEnd": "20220111.013448",
            "DateTimeMiddle": "20220111.012748",
            "DateTimeStart": "20220111.012028",
            "MaximumElevation": 33,
            "Object_NORAD": "1328",
            "Object_Name": "EXPLORER27",
            "Pass": "SO/NE-CCW"
        },
        {
            "AzimuthEnd": 323,
            "AzimuthMiddle": 263,
            "AzimuthStart": 204,
            "CPFSource": "48900_cpf_220110_5100.sdg",
            "CampaignTrack": false,
            "DateTimeEnd": "20220111.025158",
            "DateTimeMiddle": "20220111.024828",
            "DateTimeStart": "20220111.024508",
            "MaximumElevation": 25,
            "Object_NORAD": "48900",
            "Object_Name": "TUBIN",
            "Pass": "SO/NO-CW"
        },
        {
            "AzimuthEnd": 69,
            "AzimuthMiddle": 152,
            "AzimuthStart": 244,
            "CPFSource": "1328_cpf_220110_5100.sdg",
            "CampaignTrack": false,
            "DateTimeEnd": "20220111.032848",
            "DateTimeMiddle": "20220111.032118",
            "DateTimeStart": "20220111.031308",
            "MaximumElevation": 86,
            "Object_NORAD": "1328",
            "Object_Name": "EXPLORER27",
            "Pass": "SO/NE-CCW"
        },
        {
            "AzimuthEnd": 75,
            "AzimuthMiddle": 353,
            "AzimuthStart": 275,
            "CPFSource": "1328_cpf_220110_5100.sdg",
            "CampaignTrack": false,
            "DateTimeEnd": "20220111.052228",
            "DateTimeMiddle": "20220111.051528",
            "DateTimeStart": "20220111.050758",
            "MaximumElevation": 60,
            "Object_NORAD": "1328",
            "Object_Name": "EXPLORER27",
            "Pass": "NO/NE-CW"
        },
        {
            "AzimuthEnd": 194,
            "AzimuthMiddle": 139,
            "AzimuthStart": 14,
            "CPFSource": "37781_cpf_220110_5100.sdg",
            "CampaignTrack": false,
            "DateTimeEnd": "20220111.065318",
            "DateTimeMiddle": "20220111.064658",
            "DateTimeStart": "20220111.064038",
            "MaximumElevation": 86,
            "Object_NORAD": "37781",
            "Object_Name": "HAIYANG2A",
            "Pass": "NE/SO-CW"
        },
        {
            "AzimuthEnd": 190,
            "AzimuthMiddle": 101,
            "AzimuthStart": 16,
            "CPFSource": "43655_cpf_220110_5100.sdg",
            "CampaignTrack": false,
            "DateTimeEnd": "20220111.065628",
            "DateTimeMiddle": "20220111.065008",
            "DateTimeStart": "20220111.064358",
            "MaximumElevation": 78,
            "Object_NORAD": "43655",
            "Object_Name": "HAIYANG2B",
            "Pass": "NE/SO-CW"
        },
        {
            "AzimuthEnd": 207,
            "AzimuthMiddle": 284,
            "AzimuthStart": 0,
            "CPFSource": "31698_cpf_220110_5100.sdg",
            "CampaignTrack": false,
            "DateTimeEnd": "20220111.070908",
            "DateTimeMiddle": "20220111.070518",
            "DateTimeStart": "20220111.070138",
            "MaximumElevation": 51,
            "Object_NORAD": "31698",
            "Object_Name": "TERRASARX",
            "Pass": "N/SO-CW"
        },
        {
            "AzimuthEnd": 207,
            "AzimuthMiddle": 286,
            "AzimuthStart": 1,
            "CPFSource": "36605_cpf_220110_5100.sdg",
            "CampaignTrack": false,
            "DateTimeEnd": "20220111.070908",
            "DateTimeMiddle": "20220111.070518",
            "DateTimeStart": "20220111.070138",
            "MaximumElevation": 50,
            "Object_NORAD": "36605",
            "Object_Name": "TANDEMX",
            "Pass": "NE/SO-CW"
        },
        {
            "AzimuthEnd": 101,
            "AzimuthMiddle": 15,
            "AzimuthStart": 290,
            "CPFSource": "1328_cpf_220110_5100.sdg",
            "CampaignTrack": false,
            "DateTimeEnd": "20220111.071638",
            "DateTimeMiddle": "20220111.070948",
            "DateTimeStart": "20220111.070228",
            "MaximumElevation": 73,
            "Object_NORAD": "1328",
            "Object_Name": "EXPLORER27",
            "Pass": "NO/SE-CW"
        },
        {
            "AzimuthEnd": 199,
            "AzimuthMiddle": 294,
            "AzimuthStart": 11,
            "CPFSource": "41579_cpf_220110_5100.sdg",
            "CampaignTrack": false,
            "DateTimeEnd": "20220111.072858",
            "DateTimeMiddle": "20220111.072238",
            "DateTimeStart": "20220111.071638",
            "MaximumElevation": 81,
            "Object_NORAD": "41579",
            "Object_Name": "COSMOS2517",
            "Pass": "NE/SO-CW"
        },
        {
            "AzimuthEnd": 350,
            "AzimuthMiddle": 263,
            "AzimuthStart": 180,
            "CPFSource": "43613_cpf_220110_5100.sdg",
            "CampaignTrack": false,
            "DateTimeEnd": "20220111.072928",
            "DateTimeMiddle": "20220111.072538",
            "DateTimeStart": "20220111.072158",
            "MaximumElevation": 71,
            "Object_NORAD": "43613",
            "Object_Name": "ICESAT2",
            "Pass": "S/NO-CW"
        },
        {
            "AzimuthEnd": 7,
            "AzimuthMiddle": 70,
            "AzimuthStart": 136,
            "CPFSource": "42829_cpf_220110_5100.sdg",
            "CampaignTrack": false,
            "DateTimeEnd": "20220111.074518",
            "DateTimeMiddle": "20220111.074118",
            "DateTimeStart": "20220111.073718",
            "MaximumElevation": 32,
            "Object_NORAD": "42829",
            "Object_Name": "TECHNOSAT",
            "Pass": "SE/NE-CCW"
        },
        {
            "AzimuthEnd": 157,
            "AzimuthMiddle": 86,
            "AzimuthStart": 18,
            "CPFSource": "43476_cpf_220110_5100.sdg",
            "CampaignTrack": false,
            "DateTimeEnd": "20220111.083518",
            "DateTimeMiddle": "20220111.083138",
            "DateTimeStart": "20220111.082808",
            "MaximumElevation": 36,
            "Object_NORAD": "43476",
            "Object_Name": "GRACEFO1",
            "Pass": "NE/SE-CW"
        },
        {
            "AzimuthEnd": 158,
            "AzimuthMiddle": 88,
            "AzimuthStart": 18,
            "CPFSource": "43477_cpf_220110_5100.sdg",
            "CampaignTrack": false,
            "DateTimeEnd": "20220111.083548",
            "DateTimeMiddle": "20220111.083208",
            "DateTimeStart": "20220111.082838",
            "MaximumElevation": 37,
            "Object_NORAD": "43477",
            "Object_Name": "GRACEFO2",
            "Pass": "NE/SE-CW"
        },
        {
            "AzimuthEnd": 141,
            "AzimuthMiddle": 213,
            "AzimuthStart": 285,
            "CPFSource": "1328_cpf_220110_5100.sdg",
            "CampaignTrack": false,
            "DateTimeEnd": "20220111.090928",
            "DateTimeMiddle": "20220111.090318",
            "DateTimeStart": "20220111.085648",
            "MaximumElevation": 46,
            "Object_NORAD": "1328",
            "Object_Name": "EXPLORER27",
            "Pass": "NO/SE-CCW"
        },
        {
            "AzimuthEnd": 147,
            "AzimuthMiddle": 96,
            "AzimuthStart": 44,
            "CPFSource": "44083_cpf_220110_5100.sdg",
            "CampaignTrack": false,
            "DateTimeEnd": "20220111.093248",
            "DateTimeMiddle": "20220111.092948",
            "DateTimeStart": "20220111.092648",
            "MaximumElevation": 20,
            "Object_NORAD": "44083",
            "Object_Name": "ASTROCSTP2",
            "Pass": "NE/SE-CW"
        },
        {
            "AzimuthEnd": 160,
            "AzimuthMiddle": 96,
            "AzimuthStart": 34,
            "CPFSource": "41335_cpf_220110_5100.sdg",
            "CampaignTrack": false,
            "DateTimeEnd": "20220111.100748",
            "DateTimeMiddle": "20220111.100248",
            "DateTimeStart": "20220111.095808",
            "MaximumElevation": 30,
            "Object_NORAD": "41335",
            "Object_Name": "SENTINEL3A",
            "Pass": "NE/SE-CW"
        },
        {
            "AzimuthEnd": 38,
            "AzimuthMiddle": 109,
            "AzimuthStart": 181,
            "CPFSource": "46984_cpf_220110_5100.sdg",
            "CampaignTrack": false,
            "DateTimeEnd": "20220111.103908",
            "DateTimeMiddle": "20220111.103058",
            "DateTimeStart": "20220111.102258",
            "MaximumElevation": 47,
            "Object_NORAD": "46984",
            "Object_Name": "SENTINEL6A",
            "Pass": "SO/NE-CCW"
        },
        {
            "AzimuthEnd": 346,
            "AzimuthMiddle": 247,
            "AzimuthStart": 170,
            "CPFSource": "47944_cpf_220110_5100.sdg",
            "CampaignTrack": false,
            "DateTimeEnd": "20220111.110508",
            "DateTimeMiddle": "20220111.110058",
            "DateTimeStart": "20220111.105658",
            "MaximumElevation": 80,
            "Object_NORAD": "47944",
            "Object_Name": "ELSAD",
            "Pass": "SE/NO-CW"
        },
        {
            "AzimuthEnd": 203,
            "AzimuthMiddle": 292,
            "AzimuthStart": 7,
            "CPFSource": "43437_cpf_220110_5100.sdg",
            "CampaignTrack": false,
            "DateTimeEnd": "20220111.110908",
            "DateTimeMiddle": "20220111.110338",
            "DateTimeStart": "20220111.105818",
            "MaximumElevation": 67,
            "Object_NORAD": "43437",
            "Object_Name": "SENTINEL3B",
            "Pass": "NE/SO-CW"
        },
        {
            "AzimuthEnd": 236,
            "AzimuthMiddle": 287,
            "AzimuthStart": 340,
            "CPFSource": "44083_cpf_220110_5100.sdg",
            "CampaignTrack": false,
            "DateTimeEnd": "20220111.110618",
            "DateTimeMiddle": "20220111.110318",
            "DateTimeStart": "20220111.110018",
            "MaximumElevation": 20,
            "Object_NORAD": "44083",
            "Object_Name": "ASTROCSTP2",
            "Pass": "NO/SO-CCW"
        },
        {
            "AzimuthEnd": 225,
            "AzimuthMiddle": 287,
            "AzimuthStart": 349,
            "CPFSource": "43798_cpf_220110_5100.sdg",
            "CampaignTrack": false,
            "DateTimeEnd": "20220111.113928",
            "DateTimeMiddle": "20220111.113538",
            "DateTimeStart": "20220111.113158",
            "MaximumElevation": 29,
            "Object_NORAD": "43798",
            "Object_Name": "ASTROCSTP1",
            "Pass": "NO/SO-CCW"
        },
        {
            "AzimuthEnd": 337,
            "AzimuthMiddle": 263,
            "AzimuthStart": 183,
            "CPFSource": "43187_cpf_220110_5100.sdg",
            "CampaignTrack": false,
            "DateTimeEnd": "20220111.114228",
            "DateTimeMiddle": "20220111.113818",
            "DateTimeStart": "20220111.113408",
            "MaximumElevation": 50,
            "Object_NORAD": "43187",
            "Object_Name": "SNETB",
            "Pass": "SO/NO-CW"
        },
        {
            "AzimuthEnd": 337,
            "AzimuthMiddle": 263,
            "AzimuthStart": 183,
            "CPFSource": "43186_cpf_220110_5100.sdg",
            "CampaignTrack": false,
            "DateTimeEnd": "20220111.114228",
            "DateTimeMiddle": "20220111.113818",
            "DateTimeStart": "20220111.113408",
            "MaximumElevation": 50,
            "Object_NORAD": "43186",
            "Object_Name": "SNETD",
            "Pass": "SO/NO-CW"
        },
        {
            "AzimuthEnd": 337,
            "AzimuthMiddle": 256,
            "AzimuthStart": 183,
            "CPFSource": "43188_cpf_220110_5100.sdg",
            "CampaignTrack": false,
            "DateTimeEnd": "20220111.114248",
            "DateTimeMiddle": "20220111.113828",
            "DateTimeStart": "20220111.113428",
            "MaximumElevation": 49,
            "Object_NORAD": "43188",
            "Object_Name": "SNETA",
            "Pass": "SO/NO-CW"
        },
        {
            "AzimuthEnd": 336,
            "AzimuthMiddle": 260,
            "AzimuthStart": 184,
            "CPFSource": "43189_cpf_220110_5100.sdg",
            "CampaignTrack": false,
            "DateTimeEnd": "20220111.114328",
            "DateTimeMiddle": "20220111.113918",
            "DateTimeStart": "20220111.113518",
            "MaximumElevation": 48,
            "Object_NORAD": "43189",
            "Object_Name": "SNETC",
            "Pass": "SO/NO-CW"
        },
        {
            "AzimuthEnd": 232,
            "AzimuthMiddle": 291,
            "AzimuthStart": 350,
            "CPFSource": "41335_cpf_220110_5100.sdg",
            "CampaignTrack": false,
            "DateTimeEnd": "20220111.114708",
            "DateTimeMiddle": "20220111.114228",
            "DateTimeStart": "20220111.113748",
            "MaximumElevation": 28,
            "Object_NORAD": "41335",
            "Object_Name": "SENTINEL3A",
            "Pass": "NO/SO-CCW"
        },
        {
            "AzimuthEnd": 16,
            "AzimuthMiddle": 308,
            "AzimuthStart": 241,
            "CPFSource": "46984_cpf_220110_5100.sdg",
            "CampaignTrack": false,
            "DateTimeEnd": "20220111.123458",
            "DateTimeMiddle": "20220111.122658",
            "DateTimeStart": "20220111.121918",
            "MaximumElevation": 37,
            "Object_NORAD": "46984",
            "Object_Name": "SENTINEL6A",
            "Pass": "SO/NE-CW"
        },
        {
            "AzimuthEnd": 167,
            "AzimuthMiddle": 98,
            "AzimuthStart": 29,
            "CPFSource": "48900_cpf_220110_5100.sdg",
            "CampaignTrack": false,
            "DateTimeEnd": "20220111.142758",
            "DateTimeMiddle": "20220111.142408",
            "DateTimeStart": "20220111.142028",
            "MaximumElevation": 35,
            "Object_NORAD": "48900",
            "Object_Name": "TUBIN",
            "Pass": "NE/SE-CW"
        },
        {
            "AzimuthEnd": 10,
            "AzimuthMiddle": 64,
            "AzimuthStart": 117,
            "CPFSource": "37781_cpf_220110_5100.sdg",
            "CampaignTrack": false,
            "DateTimeEnd": "20220111.164938",
            "DateTimeMiddle": "20220111.164428",
            "DateTimeStart": "20220111.163928",
            "MaximumElevation": 24,
            "Object_NORAD": "37781",
            "Object_Name": "HAIYANG2A",
            "Pass": "SE/NE-CCW"
        },
        {
            "AzimuthEnd": 12,
            "AzimuthMiddle": 64,
            "AzimuthStart": 113,
            "CPFSource": "43655_cpf_220110_5100.sdg",
            "CampaignTrack": false,
            "DateTimeEnd": "20220111.165228",
            "DateTimeMiddle": "20220111.164728",
            "DateTimeStart": "20220111.164248",
            "MaximumElevation": 22,
            "Object_NORAD": "43655",
            "Object_Name": "HAIYANG2B",
            "Pass": "SE/NE-CCW"
        },
        {
            "AzimuthEnd": 9,
            "AzimuthMiddle": 65,
            "AzimuthStart": 120,
            "CPFSource": "41579_cpf_220110_5100.sdg",
            "CampaignTrack": false,
            "DateTimeEnd": "20220111.172218",
            "DateTimeMiddle": "20220111.171708",
            "DateTimeStart": "20220111.171208",
            "MaximumElevation": 25,
            "Object_NORAD": "41579",
            "Object_Name": "COSMOS2517",
            "Pass": "SE/NE-CCW"
        },
        {
            "AzimuthEnd": 1,
            "AzimuthMiddle": 77,
            "AzimuthStart": 146,
            "CPFSource": "31698_cpf_220110_5100.sdg",
            "CampaignTrack": false,
            "DateTimeEnd": "20220111.174528",
            "DateTimeMiddle": "20220111.174138",
            "DateTimeStart": "20220111.173808",
            "MaximumElevation": 42,
            "Object_NORAD": "31698",
            "Object_Name": "TERRASARX",
            "Pass": "SE/NE-CCW"
        },
        {
            "AzimuthEnd": 1,
            "AzimuthMiddle": 78,
            "AzimuthStart": 146,
            "CPFSource": "36605_cpf_220110_5100.sdg",
            "CampaignTrack": false,
            "DateTimeEnd": "20220111.174528",
            "DateTimeMiddle": "20220111.174138",
            "DateTimeStart": "20220111.173808",
            "MaximumElevation": 42,
            "Object_NORAD": "36605",
            "Object_Name": "TANDEMX",
            "Pass": "SE/NE-CCW"
        },
        {
            "AzimuthEnd": 334,
            "AzimuthMiddle": 259,
            "AzimuthStart": 186,
            "CPFSource": "37781_cpf_220110_5100.sdg",
            "CampaignTrack": false,
            "DateTimeEnd": "20220111.183318",
            "DateTimeMiddle": "20220111.182708",
            "DateTimeStart": "20220111.182108",
            "MaximumElevation": 47,
            "Object_NORAD": "37781",
            "Object_Name": "HAIYANG2A",
            "Pass": "SO/NO-CW"
        },
        {
            "AzimuthEnd": 336,
            "AzimuthMiddle": 260,
            "AzimuthStart": 182,
            "CPFSource": "43655_cpf_220110_5100.sdg",
            "CampaignTrack": false,
            "DateTimeEnd": "20220111.183618",
            "DateTimeMiddle": "20220111.183008",
            "DateTimeStart": "20220111.182408",
            "MaximumElevation": 53,
            "Object_NORAD": "43655",
            "Object_Name": "HAIYANG2B",
            "Pass": "SO/NO-CW"
        },
        {
            "AzimuthEnd": 151,
            "AzimuthMiddle": 88,
            "AzimuthStart": 29,
            "CPFSource": "43613_cpf_220110_5100.sdg",
            "CampaignTrack": false,
            "DateTimeEnd": "20220111.185708",
            "DateTimeMiddle": "20220111.185348",
            "DateTimeStart": "20220111.185038",
            "MaximumElevation": 26,
            "Object_NORAD": "43613",
            "Object_Name": "ICESAT2",
            "Pass": "NE/SE-CW"
        },
        {
            "AzimuthEnd": 332,
            "AzimuthMiddle": 262,
            "AzimuthStart": 189,
            "CPFSource": "41579_cpf_220110_5100.sdg",
            "CampaignTrack": false,
            "DateTimeEnd": "20220111.190518",
            "DateTimeMiddle": "20220111.185928",
            "DateTimeStart": "20220111.185338",
            "MaximumElevation": 43,
            "Object_NORAD": "41579",
            "Object_Name": "COSMOS2517",
            "Pass": "SO/NO-CW"
        },
        {
            "AzimuthEnd": 146,
            "AzimuthMiddle": 60,
            "AzimuthStart": 334,
            "CPFSource": "46984_cpf_220110_5100.sdg",
            "CampaignTrack": false,
            "DateTimeEnd": "20220111.203318",
            "DateTimeMiddle": "20220111.202448",
            "DateTimeStart": "20220111.201618",
            "MaximumElevation": 74,
            "Object_NORAD": "46984",
            "Object_Name": "SENTINEL6A",
            "Pass": "NO/SE-CW"
        },
        {
            "AzimuthEnd": 11,
            "AzimuthMiddle": 83,
            "AzimuthStart": 157,
            "CPFSource": "43476_cpf_220110_5100.sdg",
            "CampaignTrack": false,
            "DateTimeEnd": "20220111.204338",
            "DateTimeMiddle": "20220111.203948",
            "DateTimeStart": "20220111.203608",
            "MaximumElevation": 42,
            "Object_NORAD": "43476",
            "Object_Name": "GRACEFO1",
            "Pass": "SE/NE-CCW"
        },
        {
            "AzimuthEnd": 11,
            "AzimuthMiddle": 81,
            "AzimuthStart": 157,
            "CPFSource": "43477_cpf_220110_5100.sdg",
            "CampaignTrack": false,
            "DateTimeEnd": "20220111.204408",
            "DateTimeMiddle": "20220111.204018",
            "DateTimeStart": "20220111.203638",
            "MaximumElevation": 43,
            "Object_NORAD": "43477",
            "Object_Name": "GRACEFO2",
            "Pass": "SE/NE-CCW"
        },
        {
            "AzimuthEnd": 193,
            "AzimuthMiddle": 309,
            "AzimuthStart": 11,
            "CPFSource": "42829_cpf_220110_5100.sdg",
            "CampaignTrack": false,
            "DateTimeEnd": "20220111.210628",
            "DateTimeMiddle": "20220111.210208",
            "DateTimeStart": "20220111.205758",
            "MaximumElevation": 87,
            "Object_NORAD": "42829",
            "Object_Name": "TECHNOSAT",
            "Pass": "NE/SO-CW"
        },
        {
            "AzimuthEnd": 2,
            "AzimuthMiddle": 69,
            "AzimuthStart": 137,
            "CPFSource": "41335_cpf_220110_5100.sdg",
            "CampaignTrack": false,
            "DateTimeEnd": "20220111.212518",
            "DateTimeMiddle": "20220111.212008",
            "DateTimeStart": "20220111.211508",
            "MaximumElevation": 37,
            "Object_NORAD": "41335",
            "Object_Name": "SENTINEL3A",
            "Pass": "SE/NE-CCW"
        },
        {
            "AzimuthEnd": 345,
            "AzimuthMiddle": 276,
            "AzimuthStart": 171,
            "CPFSource": "44083_cpf_220110_5100.sdg",
            "CampaignTrack": false,
            "DateTimeEnd": "20220111.214138",
            "DateTimeMiddle": "20220111.213748",
            "DateTimeStart": "20220111.213358",
            "MaximumElevation": 77,
            "Object_NORAD": "44083",
            "Object_Name": "ASTROCSTP2",
            "Pass": "SE/NO-CW"
        },
        {
            "AzimuthEnd": 210,
            "AzimuthMiddle": 257,
            "AzimuthStart": 303,
            "CPFSource": "46984_cpf_220110_5100.sdg",
            "CampaignTrack": false,
            "DateTimeEnd": "20220111.222558",
            "DateTimeMiddle": "20220111.221948",
            "DateTimeStart": "20220111.221348",
            "MaximumElevation": 20,
            "Object_NORAD": "46984",
            "Object_Name": "SENTINEL6A",
            "Pass": "NO/SO-CCW"
        },
        {
            "AzimuthEnd": 338,
            "AzimuthMiddle": 261,
            "AzimuthStart": 180,
            "CPFSource": "43437_cpf_220110_5100.sdg",
            "CampaignTrack": false,
            "DateTimeEnd": "20220111.222618",
            "DateTimeMiddle": "20220111.222048",
            "DateTimeStart": "20220111.221528",
            "MaximumElevation": 55,
            "Object_NORAD": "43437",
            "Object_Name": "SENTINEL3B",
            "Pass": "S/NO-CW"
        },
        {
            "AzimuthEnd": 343,
            "AzimuthMiddle": 262,
            "AzimuthStart": 175,
            "CPFSource": "43798_cpf_220110_5100.sdg",
            "CampaignTrack": false,
            "DateTimeEnd": "20220111.222558",
            "DateTimeMiddle": "20220111.222138",
            "DateTimeStart": "20220111.221728",
            "MaximumElevation": 68,
            "Object_NORAD": "43798",
            "Object_Name": "ASTROCSTP1",
            "Pass": "SE/NO-CW"
        },
        {
            "AzimuthEnd": 319,
            "AzimuthMiddle": 266,
            "AzimuthStart": 211,
            "CPFSource": "41335_cpf_220110_5100.sdg",
            "CampaignTrack": false,
            "DateTimeEnd": "20220111.230418",
            "DateTimeMiddle": "20220111.225958",
            "DateTimeStart": "20220111.225538",
            "MaximumElevation": 23,
            "Object_NORAD": "41335",
            "Object_Name": "SENTINEL3A",
            "Pass": "SO/NO-CW"
        },
        {
            "AzimuthEnd": 154,
            "AzimuthMiddle": 95,
            "AzimuthStart": 38,
            "CPFSource": "43187_cpf_220110_5100.sdg",
            "CampaignTrack": false,
            "DateTimeEnd": "20220111.232428",
            "DateTimeMiddle": "20220111.232048",
            "DateTimeStart": "20220111.231718",
            "MaximumElevation": 25,
            "Object_NORAD": "43187",
            "Object_Name": "SNETB",
            "Pass": "NE/SE-CW"
        },
        {
            "AzimuthEnd": 154,
            "AzimuthMiddle": 95,
            "AzimuthStart": 38,
            "CPFSource": "43186_cpf_220110_5100.sdg",
            "CampaignTrack": false,
            "DateTimeEnd": "20220111.232428",
            "DateTimeMiddle": "20220111.232048",
            "DateTimeStart": "20220111.231718",
            "MaximumElevation": 25,
            "Object_NORAD": "43186",
            "Object_Name": "SNETD",
            "Pass": "NE/SE-CW"
        },
        {
            "AzimuthEnd": 155,
            "AzimuthMiddle": 96,
            "AzimuthStart": 38,
            "CPFSource": "43188_cpf_220110_5100.sdg",
            "CampaignTrack": false,
            "DateTimeEnd": "20220111.232448",
            "DateTimeMiddle": "20220111.232108",
            "DateTimeStart": "20220111.231738",
            "MaximumElevation": 25,
            "Object_NORAD": "43188",
            "Object_Name": "SNETA",
            "Pass": "NE/SE-CW"
        },
        {
            "AzimuthEnd": 156,
            "AzimuthMiddle": 97,
            "AzimuthStart": 37,
            "CPFSource": "43189_cpf_220110_5100.sdg",
            "CampaignTrack": false,
            "DateTimeEnd": "20220111.232538",
            "DateTimeMiddle": "20220111.232158",
            "DateTimeStart": "20220111.231818",
            "MaximumElevation": 25,
            "Object_NORAD": "43189",
            "Object_Name": "SNETC",
            "Pass": "NE/SE-CW"
        },
        {
            "AzimuthEnd": 220,
            "AzimuthMiddle": 284,
            "AzimuthStart": 353,
            "CPFSource": "47944_cpf_220110_5100.sdg",
            "CampaignTrack": false,
            "DateTimeEnd": "20220112.001748",
            "DateTimeMiddle": "20220112.001358",
            "DateTimeStart": "20220112.001008",
            "MaximumElevation": 34,
            "Object_NORAD": "47944",
            "Object_Name": "ELSAD",
            "Pass": "NO/SO-CCW"
        },
        {
            "AzimuthEnd": 84,
            "AzimuthMiddle": 138,
            "AzimuthStart": 193,
            "CPFSource": "1328_cpf_220110_5100.sdg",
            "CampaignTrack": false,
            "DateTimeEnd": "20220112.004958",
            "DateTimeMiddle": "20220112.004328",
            "DateTimeStart": "20220112.003638",
            "MaximumElevation": 26,
            "Object_NORAD": "1328",
            "Object_Name": "EXPLORER27",
            "Pass": "SO/NE-CCW"
        },
        {
            "AzimuthEnd": 238,
            "AzimuthMiddle": 289,
            "AzimuthStart": 341,
            "CPFSource": "43187_cpf_220110_5100.sdg",
            "CampaignTrack": false,
            "DateTimeEnd": "20220112.005918",
            "DateTimeMiddle": "20220112.005558",
            "DateTimeStart": "20220112.005238",
            "MaximumElevation": 20,
            "Object_NORAD": "43187",
            "Object_Name": "SNETB",
            "Pass": "NO/SO-CCW"
        },
        {
            "AzimuthEnd": 238,
            "AzimuthMiddle": 289,
            "AzimuthStart": 341,
            "CPFSource": "43186_cpf_220110_5100.sdg",
            "CampaignTrack": false,
            "DateTimeEnd": "20220112.005918",
            "DateTimeMiddle": "20220112.005558",
            "DateTimeStart": "20220112.005238",
            "MaximumElevation": 20,
            "Object_NORAD": "43186",
            "Object_Name": "SNETD",
            "Pass": "NO/SO-CCW"
        },
        {
            "AzimuthEnd": 237,
            "AzimuthMiddle": 291,
            "AzimuthStart": 341,
            "CPFSource": "43188_cpf_220110_5100.sdg",
            "CampaignTrack": false,
            "DateTimeEnd": "20220112.005938",
            "DateTimeMiddle": "20220112.005608",
            "DateTimeStart": "20220112.005258",
            "MaximumElevation": 20,
            "Object_NORAD": "43188",
            "Object_Name": "SNETA",
            "Pass": "NO/SO-CCW"
        },
        {
            "AzimuthEnd": 239,
            "AzimuthMiddle": 290,
            "AzimuthStart": 340,
            "CPFSource": "43189_cpf_220110_5100.sdg",
            "CampaignTrack": false,
            "DateTimeEnd": "20220112.010018",
            "DateTimeMiddle": "20220112.005658",
            "DateTimeStart": "20220112.005348",
            "MaximumElevation": 20,
            "Object_NORAD": "43189",
            "Object_Name": "SNETC",
            "Pass": "NO/SO-CCW"
        },
        {
            "AzimuthEnd": 69,
            "AzimuthMiddle": 154,
            "AzimuthStart": 236,
            "CPFSource": "1328_cpf_220110_5100.sdg",
            "CampaignTrack": false,
            "DateTimeEnd": "20220112.024428",
            "DateTimeMiddle": "20220112.023648",
            "DateTimeStart": "20220112.022838",
            "MaximumElevation": 74,
            "Object_NORAD": "1328",
            "Object_Name": "EXPLORER27",
            "Pass": "SO/NE-CCW"
        },
        {
            "AzimuthEnd": 331,
            "AzimuthMiddle": 264,
            "AzimuthStart": 193,
            "CPFSource": "48900_cpf_220110_5100.sdg",
            "CampaignTrack": false,
            "DateTimeEnd": "20220112.024118",
            "DateTimeMiddle": "20220112.023728",
            "DateTimeStart": "20220112.023348",
            "MaximumElevation": 35,
            "Object_NORAD": "48900",
            "Object_Name": "TUBIN",
            "Pass": "SO/NO-CW"
        },
        {
            "AzimuthEnd": 72,
            "AzimuthMiddle": 351,
            "AzimuthStart": 269,
            "CPFSource": "1328_cpf_220110_5100.sdg",
            "CampaignTrack": false,
            "DateTimeEnd": "20220112.043808",
            "DateTimeMiddle": "20220112.043058",
            "DateTimeStart": "20220112.042308",
            "MaximumElevation": 63,
            "Object_NORAD": "1328",
            "Object_Name": "EXPLORER27",
            "Pass": "SO/NE-CW"
        },
        {
            "AzimuthEnd": 94,
            "AzimuthMiddle": 8,
            "AzimuthStart": 288,
            "CPFSource": "1328_cpf_220110_5100.sdg",
            "CampaignTrack": false,
            "DateTimeEnd": "20220112.063218",
            "DateTimeMiddle": "20220112.062518",
            "DateTimeStart": "20220112.061758",
            "MaximumElevation": 66,
            "Object_NORAD": "1328",
            "Object_Name": "EXPLORER27",
            "Pass": "NO/SE-CW"
        },
        {
            "AzimuthEnd": 192,
            "AzimuthMiddle": 191,
            "AzimuthStart": 11,
            "CPFSource": "31698_cpf_220110_5100.sdg",
            "CampaignTrack": false,
            "DateTimeEnd": "20220112.065218",
            "DateTimeMiddle": "20220112.064818",
            "DateTimeStart": "20220112.064428",
            "MaximumElevation": 88,
            "Object_NORAD": "31698",
            "Object_Name": "TERRASARX",
            "Pass": "NE/SO-CW"
        },
        {
            "AzimuthEnd": 192,
            "AzimuthMiddle": 192,
            "AzimuthStart": 11,
            "CPFSource": "36605_cpf_220110_5100.sdg",
            "CampaignTrack": false,
            "DateTimeEnd": "20220112.065218",
            "DateTimeMiddle": "20220112.064818",
            "DateTimeStart": "20220112.064428",
            "MaximumElevation": 89,
            "Object_NORAD": "36605",
            "Object_Name": "TANDEMX",
            "Pass": "NE/SO-CCW"
        },
        {
            "AzimuthEnd": 5,
            "AzimuthMiddle": 81,
            "AzimuthStart": 158,
            "CPFSource": "43613_cpf_220110_5100.sdg",
            "CampaignTrack": false,
            "DateTimeEnd": "20220112.070348",
            "DateTimeMiddle": "20220112.070008",
            "DateTimeStart": "20220112.065638",
            "MaximumElevation": 50,
            "Object_NORAD": "43613",
            "Object_Name": "ICESAT2",
            "Pass": "SE/NE-CCW"
        },
        {
            "AzimuthEnd": 208,
            "AzimuthMiddle": 290,
            "AzimuthStart": 6,
            "CPFSource": "37781_cpf_220110_5100.sdg",
            "CampaignTrack": false,
            "DateTimeEnd": "20220112.071548",
            "DateTimeMiddle": "20220112.070928",
            "DateTimeStart": "20220112.070328",
            "MaximumElevation": 61,
            "Object_NORAD": "37781",
            "Object_Name": "HAIYANG2A",
            "Pass": "NE/SO-CW"
        },
        {
            "AzimuthEnd": 204,
            "AzimuthMiddle": 291,
            "AzimuthStart": 8,
            "CPFSource": "43655_cpf_220110_5100.sdg",
            "CampaignTrack": false,
            "DateTimeEnd": "20220112.071828",
            "DateTimeMiddle": "20220112.071208",
            "DateTimeStart": "20220112.070558",
            "MaximumElevation": 69,
            "Object_NORAD": "43655",
            "Object_Name": "HAIYANG2B",
            "Pass": "NE/SO-CW"
        },
        {
            "AzimuthEnd": 208,
            "AzimuthMiddle": 290,
            "AzimuthStart": 6,
            "CPFSource": "41579_cpf_220110_5100.sdg",
            "CampaignTrack": false,
            "DateTimeEnd": "20220112.074358",
            "DateTimeMiddle": "20220112.073748",
            "DateTimeStart": "20220112.073148",
            "MaximumElevation": 60,
            "Object_NORAD": "41579",
            "Object_Name": "COSMOS2517",
            "Pass": "NE/SO-CW"
        },
        {
            "AzimuthEnd": 2,
            "AzimuthMiddle": 70,
            "AzimuthStart": 144,
            "CPFSource": "42829_cpf_220110_5100.sdg",
            "CampaignTrack": false,
            "DateTimeEnd": "20220112.075428",
            "DateTimeMiddle": "20220112.075018",
            "DateTimeStart": "20220112.074608",
            "MaximumElevation": 41,
            "Object_NORAD": "42829",
            "Object_Name": "TECHNOSAT",
            "Pass": "SE/NE-CCW"
        },
        {
            "AzimuthEnd": 139,
            "AzimuthMiddle": 86,
            "AzimuthStart": 31,
            "CPFSource": "43476_cpf_220110_5100.sdg",
            "CampaignTrack": false,
            "DateTimeEnd": "20220112.081238",
            "DateTimeMiddle": "20220112.080938",
            "DateTimeStart": "20220112.080628",
            "MaximumElevation": 21,
            "Object_NORAD": "43476",
            "Object_Name": "GRACEFO1",
            "Pass": "NE/SE-CW"
        },
        {
            "AzimuthEnd": 139,
            "AzimuthMiddle": 83,
            "AzimuthStart": 31,
            "CPFSource": "43477_cpf_220110_5100.sdg",
            "CampaignTrack": false,
            "DateTimeEnd": "20220112.081308",
            "DateTimeMiddle": "20220112.080958",
            "DateTimeStart": "20220112.080658",
            "MaximumElevation": 21,
            "Object_NORAD": "43477",
            "Object_Name": "GRACEFO2",
            "Pass": "NE/SE-CW"
        },
        {
            "AzimuthEnd": 131,
            "AzimuthMiddle": 208,
            "AzimuthStart": 288,
            "CPFSource": "1328_cpf_220110_5100.sdg",
            "CampaignTrack": false,
            "DateTimeEnd": "20220112.082538",
            "DateTimeMiddle": "20220112.081908",
            "DateTimeStart": "20220112.081208",
            "MaximumElevation": 59,
            "Object_NORAD": "1328",
            "Object_Name": "EXPLORER27",
            "Pass": "NO/SE-CCW"
        },
        {
            "AzimuthEnd": 185,
            "AzimuthMiddle": 95,
            "AzimuthStart": 18,
            "CPFSource": "43437_cpf_220110_5100.sdg",
            "CampaignTrack": false,
            "DateTimeEnd": "20220112.104318",
            "DateTimeMiddle": "20220112.103748",
            "DateTimeStart": "20220112.103228",
            "MaximumElevation": 68,
            "Object_NORAD": "43437",
            "Object_Name": "SENTINEL3B",
            "Pass": "NE/SO-CW"
        },
        {
            "AzimuthEnd": 214,
            "AzimuthMiddle": 289,
            "AzimuthStart": 355,
            "CPFSource": "44083_cpf_220110_5100.sdg",
            "CampaignTrack": false,
            "DateTimeEnd": "20220112.104538",
            "DateTimeMiddle": "20220112.104148",
            "DateTimeStart": "20220112.103818",
            "MaximumElevation": 38,
            "Object_NORAD": "44083",
            "Object_Name": "ASTROCSTP2",
            "Pass": "NO/SO-CCW"
        },
        {
            "AzimuthEnd": 30,
            "AzimuthMiddle": 108,
            "AzimuthStart": 199,
            "CPFSource": "46984_cpf_220110_5100.sdg",
            "CampaignTrack": false,
            "DateTimeEnd": "20220112.110158",
            "DateTimeMiddle": "20220112.105328",
            "DateTimeStart": "20220112.104458",
            "MaximumElevation": 77,
            "Object_NORAD": "46984",
            "Object_Name": "SENTINEL6A",
            "Pass": "SO/NE-CCW"
        },
        {
            "AzimuthEnd": 349,
            "AzimuthMiddle": 101,
            "AzimuthStart": 165,
            "CPFSource": "47944_cpf_220110_5100.sdg",
            "CampaignTrack": false,
            "DateTimeEnd": "20220112.105928",
            "DateTimeMiddle": "20220112.105518",
            "DateTimeStart": "20220112.105118",
            "MaximumElevation": 85,
            "Object_NORAD": "47944",
            "Object_Name": "ELSAD",
            "Pass": "SE/NO-CW"
        },
        {
            "AzimuthEnd": 212,
            "AzimuthMiddle": 286,
            "AzimuthStart": 1,
            "CPFSource": "41335_cpf_220110_5100.sdg",
            "CampaignTrack": false,
            "DateTimeEnd": "20220112.112208",
            "DateTimeMiddle": "20220112.111648",
            "DateTimeStart": "20220112.111138",
            "MaximumElevation": 50,
            "Object_NORAD": "41335",
            "Object_Name": "SENTINEL3A",
            "Pass": "NE/SO-CW"
        },
        {
            "AzimuthEnd": 229,
            "AzimuthMiddle": 287,
            "AzimuthStart": 347,
            "CPFSource": "43798_cpf_220110_5100.sdg",
            "CampaignTrack": false,
            "DateTimeEnd": "20220112.114328",
            "DateTimeMiddle": "20220112.113948",
            "DateTimeStart": "20220112.113608",
            "MaximumElevation": 26,
            "Object_NORAD": "43798",
            "Object_Name": "ASTROCSTP1",
            "Pass": "NO/SO-CCW"
        },
        {
            "AzimuthEnd": 335,
            "AzimuthMiddle": 258,
            "AzimuthStart": 186,
            "CPFSource": "43187_cpf_220110_5100.sdg",
            "CampaignTrack": false,
            "DateTimeEnd": "20220112.114548",
            "DateTimeMiddle": "20220112.114138",
            "DateTimeStart": "20220112.113738",
            "MaximumElevation": 45,
            "Object_NORAD": "43187",
            "Object_Name": "SNETB",
            "Pass": "SO/NO-CW"
        },
        {
            "AzimuthEnd": 335,
            "AzimuthMiddle": 258,
            "AzimuthStart": 186,
            "CPFSource": "43186_cpf_220110_5100.sdg",
            "CampaignTrack": false,
            "DateTimeEnd": "20220112.114548",
            "DateTimeMiddle": "20220112.114138",
            "DateTimeStart": "20220112.113738",
            "MaximumElevation": 45,
            "Object_NORAD": "43186",
            "Object_Name": "SNETD",
            "Pass": "SO/NO-CW"
        },
        {
            "AzimuthEnd": 335,
            "AzimuthMiddle": 260,
            "AzimuthStart": 186,
            "CPFSource": "43188_cpf_220110_5100.sdg",
            "CampaignTrack": false,
            "DateTimeEnd": "20220112.114608",
            "DateTimeMiddle": "20220112.114158",
            "DateTimeStart": "20220112.113758",
            "MaximumElevation": 44,
            "Object_NORAD": "43188",
            "Object_Name": "SNETA",
            "Pass": "SO/NO-CW"
        },
        {
            "AzimuthEnd": 335,
            "AzimuthMiddle": 263,
            "AzimuthStart": 187,
            "CPFSource": "43189_cpf_220110_5100.sdg",
            "CampaignTrack": false,
            "DateTimeEnd": "20220112.114658",
            "DateTimeMiddle": "20220112.114248",
            "DateTimeStart": "20220112.113848",
            "MaximumElevation": 43,
            "Object_NORAD": "43189",
            "Object_Name": "SNETC",
            "Pass": "SO/NO-CW"
        },
        {
            "AzimuthEnd": 10,
            "AzimuthMiddle": 315,
            "AzimuthStart": 261,
            "CPFSource": "46984_cpf_220110_5100.sdg",
            "CampaignTrack": false,
            "DateTimeEnd": "20220112.125708",
            "DateTimeMiddle": "20220112.125008",
            "DateTimeStart": "20220112.124328",
            "MaximumElevation": 25,
            "Object_NORAD": "46984",
            "Object_Name": "SENTINEL6A",
            "Pass": "SO/NE-CW"
        },
        {
            "AzimuthEnd": 157,
            "AzimuthMiddle": 94,
            "AzimuthStart": 37,
            "CPFSource": "48900_cpf_220110_5100.sdg",
            "CampaignTrack": false,
            "DateTimeEnd": "20220112.141638",
            "DateTimeMiddle": "20220112.141258",
            "DateTimeStart": "20220112.140938",
            "MaximumElevation": 25,
            "Object_NORAD": "48900",
            "Object_Name": "TUBIN",
            "Pass": "NE/SE-CW"
        },
        {
            "AzimuthEnd": 1,
            "AzimuthMiddle": 66,
            "AzimuthStart": 133,
            "CPFSource": "37781_cpf_220110_5100.sdg",
            "CampaignTrack": false,
            "DateTimeEnd": "20220112.171248",
            "DateTimeMiddle": "20220112.170658",
            "DateTimeStart": "20220112.170118",
            "MaximumElevation": 37,
            "Object_NORAD": "37781",
            "Object_Name": "HAIYANG2A",
            "Pass": "SE/NE-CCW"
        },
        {
            "AzimuthEnd": 4,
            "AzimuthMiddle": 65,
            "AzimuthStart": 128,
            "CPFSource": "43655_cpf_220110_5100.sdg",
            "CampaignTrack": false,
            "DateTimeEnd": "20220112.171458",
            "DateTimeMiddle": "20220112.170928",
            "DateTimeStart": "20220112.170358",
            "MaximumElevation": 32,
            "Object_NORAD": "43655",
            "Object_Name": "HAIYANG2B",
            "Pass": "SE/NE-CCW"
        },
        {
            "AzimuthEnd": 12,
            "AzimuthMiddle": 73,
            "AzimuthStart": 129,
            "CPFSource": "31698_cpf_220110_5100.sdg",
            "CampaignTrack": false,
            "DateTimeEnd": "20220112.172808",
            "DateTimeMiddle": "20220112.172438",
            "DateTimeStart": "20220112.172128",
            "MaximumElevation": 25,
            "Object_NORAD": "31698",
            "Object_Name": "TERRASARX",
            "Pass": "SE/NE-CCW"
        },
        {
            "AzimuthEnd": 12,
            "AzimuthMiddle": 69,
            "AzimuthStart": 130,
            "CPFSource": "36605_cpf_220110_5100.sdg",
            "CampaignTrack": false,
            "DateTimeEnd": "20220112.172808",
            "DateTimeMiddle": "20220112.172448",
            "DateTimeStart": "20220112.172128",
            "MaximumElevation": 25,
            "Object_NORAD": "36605",
            "Object_Name": "TANDEMX",
            "Pass": "SE/NE-CCW"
        },
        {
            "AzimuthEnd": 3,
            "AzimuthMiddle": 66,
            "AzimuthStart": 131,
            "CPFSource": "41579_cpf_220110_5100.sdg",
            "CampaignTrack": false,
            "DateTimeEnd": "20220112.173748",
            "DateTimeMiddle": "20220112.173218",
            "DateTimeStart": "20220112.172648",
            "MaximumElevation": 34,
            "Object_NORAD": "41579",
            "Object_Name": "COSMOS2517",
            "Pass": "SE/NE-CCW"
        },
        {
            "AzimuthEnd": 103,
            "AzimuthMiddle": 46,
            "AzimuthStart": 349,
            "CPFSource": "46984_cpf_220110_5100.sdg",
            "CampaignTrack": false,
            "DateTimeEnd": "20220112.185758",
            "DateTimeMiddle": "20220112.185048",
            "DateTimeStart": "20220112.184348",
            "MaximumElevation": 27,
            "Object_NORAD": "46984",
            "Object_Name": "SENTINEL6A",
            "Pass": "NO/SE-CW"
        },
        {
            "AzimuthEnd": 324,
            "AzimuthMiddle": 263,
            "AzimuthStart": 202,
            "CPFSource": "37781_cpf_220110_5100.sdg",
            "CampaignTrack": false,
            "DateTimeEnd": "20220112.185528",
            "DateTimeMiddle": "20220112.184958",
            "DateTimeStart": "20220112.184428",
            "MaximumElevation": 30,
            "Object_NORAD": "37781",
            "Object_Name": "HAIYANG2A",
            "Pass": "SO/NO-CW"
        },
        {
            "AzimuthEnd": 328,
            "AzimuthMiddle": 262,
            "AzimuthStart": 197,
            "CPFSource": "43655_cpf_220110_5100.sdg",
            "CampaignTrack": false,
            "DateTimeEnd": "20220112.185808",
            "DateTimeMiddle": "20220112.185218",
            "DateTimeStart": "20220112.184638",
            "MaximumElevation": 34,
            "Object_NORAD": "43655",
            "Object_Name": "HAIYANG2B",
            "Pass": "SO/NO-CW"
        },
        {
            "AzimuthEnd": 326,
            "AzimuthMiddle": 261,
            "AzimuthStart": 200,
            "CPFSource": "41579_cpf_220110_5100.sdg",
            "CampaignTrack": false,
            "DateTimeEnd": "20220112.192018",
            "DateTimeMiddle": "20220112.191438",
            "DateTimeStart": "20220112.190918",
            "MaximumElevation": 31,
            "Object_NORAD": "41579",
            "Object_Name": "COSMOS2517",
            "Pass": "SO/NO-CW"
        },
        {
            "AzimuthEnd": 219,
            "AzimuthMiddle": 280,
            "AzimuthStart": 340,
            "CPFSource": "43613_cpf_220110_5100.sdg",
            "CampaignTrack": false,
            "DateTimeEnd": "20220112.200528",
            "DateTimeMiddle": "20220112.200208",
            "DateTimeStart": "20220112.195858",
            "MaximumElevation": 26,
            "Object_NORAD": "43613",
            "Object_Name": "ICESAT2",
            "Pass": "NO/SO-CCW"
        },
        {
            "AzimuthEnd": 23,
            "AzimuthMiddle": 83,
            "AzimuthStart": 139,
            "CPFSource": "43476_cpf_220110_5100.sdg",
            "CampaignTrack": false,
            "DateTimeEnd": "20220112.202118",
            "DateTimeMiddle": "20220112.201748",
            "DateTimeStart": "20220112.201438",
            "MaximumElevation": 25,
            "Object_NORAD": "43476",
            "Object_Name": "GRACEFO1",
            "Pass": "SE/NE-CCW"
        },
        {
            "AzimuthEnd": 23,
            "AzimuthMiddle": 82,
            "AzimuthStart": 139,
            "CPFSource": "43477_cpf_220110_5100.sdg",
            "CampaignTrack": false,
            "DateTimeEnd": "20220112.202138",
            "DateTimeMiddle": "20220112.201818",
            "DateTimeStart": "20220112.201508",
            "MaximumElevation": 25,
            "Object_NORAD": "43477",
            "Object_Name": "GRACEFO2",
            "Pass": "SE/NE-CCW"
        },
        {
            "AzimuthEnd": 163,
            "AzimuthMiddle": 249,
            "AzimuthStart": 327,
            "CPFSource": "46984_cpf_220110_5100.sdg",
            "CampaignTrack": false,
            "DateTimeEnd": "20220112.205548",
            "DateTimeMiddle": "20220112.204718",
            "DateTimeStart": "20220112.203858",
            "MaximumElevation": 70,
            "Object_NORAD": "46984",
            "Object_Name": "SENTINEL6A",
            "Pass": "NO/SE-CCW"
        },
        {
            "AzimuthEnd": 14,
            "AzimuthMiddle": 66,
            "AzimuthStart": 116,
            "CPFSource": "41335_cpf_220110_5100.sdg",
            "CampaignTrack": false,
            "DateTimeEnd": "20220112.205848",
            "DateTimeMiddle": "20220112.205428",
            "DateTimeStart": "20220112.205018",
            "MaximumElevation": 22,
            "Object_NORAD": "41335",
            "Object_Name": "SENTINEL3A",
            "Pass": "SE/NE-CCW"
        },
        {
            "AzimuthEnd": 201,
            "AzimuthMiddle": 288,
            "AzimuthStart": 6,
            "CPFSource": "42829_cpf_220110_5100.sdg",
            "CampaignTrack": false,
            "DateTimeEnd": "20220112.211528",
            "DateTimeMiddle": "20220112.211108",
            "DateTimeStart": "20220112.210658",
            "MaximumElevation": 67,
            "Object_NORAD": "42829",
            "Object_Name": "TECHNOSAT",
            "Pass": "NE/SO-CW"
        },
        {
            "AzimuthEnd": 358,
            "AzimuthMiddle": 72,
            "AzimuthStart": 151,
            "CPFSource": "44083_cpf_220110_5100.sdg",
            "CampaignTrack": false,
            "DateTimeEnd": "20220112.212008",
            "DateTimeMiddle": "20220112.211618",
            "DateTimeStart": "20220112.211238",
            "MaximumElevation": 50,
            "Object_NORAD": "44083",
            "Object_Name": "ASTROCSTP2",
            "Pass": "SE/NO-CW"
        },
        {
            "AzimuthEnd": 348,
            "AzimuthMiddle": 57,
            "AzimuthStart": 162,
            "CPFSource": "43437_cpf_220110_5100.sdg",
            "CampaignTrack": false,
            "DateTimeEnd": "20220112.220028",
            "DateTimeMiddle": "20220112.215458",
            "DateTimeStart": "20220112.214928",
            "MaximumElevation": 81,
            "Object_NORAD": "43437",
            "Object_Name": "SENTINEL3B",
            "Pass": "SE/NO-CW"
        },
        {
            "AzimuthEnd": 340,
            "AzimuthMiddle": 263,
            "AzimuthStart": 178,
            "CPFSource": "43798_cpf_220110_5100.sdg",
            "CampaignTrack": false,
            "DateTimeEnd": "20220112.222958",
            "DateTimeMiddle": "20220112.222548",
            "DateTimeStart": "20220112.222138",
            "MaximumElevation": 59,
            "Object_NORAD": "43798",
            "Object_Name": "ASTROCSTP1",
            "Pass": "SE/NO-CW"
        },
        {
            "AzimuthEnd": 332,
            "AzimuthMiddle": 263,
            "AzimuthStart": 190,
            "CPFSource": "41335_cpf_220110_5100.sdg",
            "CampaignTrack": false,
            "DateTimeEnd": "20220112.223908",
            "DateTimeMiddle": "20220112.223358",
            "DateTimeStart": "20220112.222848",
            "MaximumElevation": 41,
            "Object_NORAD": "41335",
            "Object_Name": "SENTINEL3A",
            "Pass": "SO/NO-CW"
        },
        {
            "AzimuthEnd": 158,
            "AzimuthMiddle": 96,
            "AzimuthStart": 35,
            "CPFSource": "43187_cpf_220110_5100.sdg",
            "CampaignTrack": false,
            "DateTimeEnd": "20220112.232808",
            "DateTimeMiddle": "20220112.232418",
            "DateTimeStart": "20220112.232038",
            "MaximumElevation": 27,
            "Object_NORAD": "43187",
            "Object_Name": "SNETB",
            "Pass": "NE/SE-CW"
        },
        {
            "AzimuthEnd": 158,
            "AzimuthMiddle": 96,
            "AzimuthStart": 35,
            "CPFSource": "43186_cpf_220110_5100.sdg",
            "CampaignTrack": false,
            "DateTimeEnd": "20220112.232808",
            "DateTimeMiddle": "20220112.232418",
            "DateTimeStart": "20220112.232038",
            "MaximumElevation": 27,
            "Object_NORAD": "43186",
            "Object_Name": "SNETD",
            "Pass": "NE/SE-CW"
        },
        {
            "AzimuthEnd": 158,
            "AzimuthMiddle": 97,
            "AzimuthStart": 35,
            "CPFSource": "43188_cpf_220110_5100.sdg",
            "CampaignTrack": false,
            "DateTimeEnd": "20220112.232818",
            "DateTimeMiddle": "20220112.232438",
            "DateTimeStart": "20220112.232058",
            "MaximumElevation": 27,
            "Object_NORAD": "43188",
            "Object_Name": "SNETA",
            "Pass": "NE/SE-CW"
        },
        {
            "AzimuthEnd": 159,
            "AzimuthMiddle": 95,
            "AzimuthStart": 34,
            "CPFSource": "43189_cpf_220110_5100.sdg",
            "CampaignTrack": false,
            "DateTimeEnd": "20220112.232908",
            "DateTimeMiddle": "20220112.232518",
            "DateTimeStart": "20220112.232138",
            "MaximumElevation": 28,
            "Object_NORAD": "43189",
            "Object_Name": "SNETC",
            "Pass": "NE/SE-CW"
        }
    ]
}
