{
    "CreationDateTime": "20230214.110007",
    "PredictionsArray": [
        {
            "AzimuthEnd": 200,
            "AzimuthMiddle": 290,
            "AzimuthStart": 10,
            "CPFSource": "41335_cpf_230214_5451.tjr",
            "CampaignTrack": false,
            "DateTimeEnd": "20230214.110345",
            "DateTimeMiddle": "20230214.105815",
            "DateTimeStart": "20230214.105255",
            "MaximumElevation": 77,
            "Object_NORAD": "41335",
            "Object_Name": "SENTINEL3A",
            "Pass": "NE/SO-CW"
        },
        {
            "AzimuthEnd": 145,
            "AzimuthMiddle": 84,
            "AzimuthStart": 24,
            "CPFSource": "39453_cpf_230214_5451.tjr",
            "CampaignTrack": false,
            "DateTimeEnd": "20230214.111535",
            "DateTimeMiddle": "20230214.111225",
            "DateTimeStart": "20230214.110915",
            "MaximumElevation": 26,
            "Object_NORAD": "39453",
            "Object_Name": "SWARMC",
            "Pass": "NE/SE-CW"
        },
        {
            "AzimuthEnd": 141,
            "AzimuthMiddle": 82,
            "AzimuthStart": 29,
            "CPFSource": "39452_cpf_230214_5451.tjr",
            "CampaignTrack": false,
            "DateTimeEnd": "20230214.111535",
            "DateTimeMiddle": "20230214.111225",
            "DateTimeStart": "20230214.110935",
            "MaximumElevation": 23,
            "Object_NORAD": "39452",
            "Object_Name": "SWARMA",
            "Pass": "NE/SE-CW"
        },
        {
            "AzimuthEnd": 326,
            "AzimuthMiddle": 262,
            "AzimuthStart": 203,
            "CPFSource": "51288_cpf_230214_5451.tjr",
            "CampaignTrack": false,
            "DateTimeEnd": "20230214.112845",
            "DateTimeMiddle": "20230214.112505",
            "DateTimeStart": "20230214.112145",
            "MaximumElevation": 27,
            "Object_NORAD": "51288",
            "Object_Name": "ELSAD-C",
            "Pass": "SO/NO-CW"
        },
        {
            "AzimuthEnd": 235,
            "AzimuthMiddle": 291,
            "AzimuthStart": 343,
            "CPFSource": "43798_cpf_230214_5451.tjr",
            "CampaignTrack": false,
            "DateTimeEnd": "20230214.113235",
            "DateTimeMiddle": "20230214.112905",
            "DateTimeStart": "20230214.112555",
            "MaximumElevation": 23,
            "Object_NORAD": "43798",
            "Object_Name": "ASTROCSTP1",
            "Pass": "NO/SO-CCW"
        },
        {
            "AzimuthEnd": 246,
            "AzimuthMiddle": 296,
            "AzimuthStart": 343,
            "CPFSource": "43437_cpf_230214_5451.tjr",
            "CampaignTrack": false,
            "DateTimeEnd": "20230214.120305",
            "DateTimeMiddle": "20230214.115855",
            "DateTimeStart": "20230214.115455",
            "MaximumElevation": 21,
            "Object_NORAD": "43437",
            "Object_Name": "SENTINEL3B",
            "Pass": "NO/SO-CCW"
        },
        {
            "AzimuthEnd": 182,
            "AzimuthMiddle": 252,
            "AzimuthStart": 319,
            "CPFSource": "46984_cpf_230214_5451.tjr",
            "CampaignTrack": false,
            "DateTimeEnd": "20230214.121845",
            "DateTimeMiddle": "20230214.121045",
            "DateTimeStart": "20230214.120305",
            "MaximumElevation": 43,
            "Object_NORAD": "46984",
            "Object_Name": "SENTINEL6A",
            "Pass": "NO/SO-CCW"
        },
        {
            "AzimuthEnd": 126,
            "AzimuthMiddle": 205,
            "AzimuthStart": 289,
            "CPFSource": "1328_cpf_230214_5451.tjr",
            "CampaignTrack": false,
            "DateTimeEnd": "20230214.122915",
            "DateTimeMiddle": "20230214.122225",
            "DateTimeStart": "20230214.121605",
            "MaximumElevation": 67,
            "Object_NORAD": "1328",
            "Object_Name": "EXPLORER27",
            "Pass": "NO/SE-CCW"
        },
        {
            "AzimuthEnd": 356,
            "AzimuthMiddle": 252,
            "AzimuthStart": 182,
            "CPFSource": "43476_cpf_230214_5451.tjr",
            "CampaignTrack": false,
            "DateTimeEnd": "20230214.152205",
            "DateTimeMiddle": "20230214.151805",
            "DateTimeStart": "20230214.151425",
            "MaximumElevation": 76,
            "Object_NORAD": "43476",
            "Object_Name": "GRACEFO1",
            "Pass": "SO/NO-CW"
        },
        {
            "AzimuthEnd": 356,
            "AzimuthMiddle": 277,
            "AzimuthStart": 183,
            "CPFSource": "43477_cpf_230214_5451.tjr",
            "CampaignTrack": false,
            "DateTimeEnd": "20230214.152225",
            "DateTimeMiddle": "20230214.151835",
            "DateTimeStart": "20230214.151445",
            "MaximumElevation": 75,
            "Object_NORAD": "43477",
            "Object_Name": "GRACEFO2",
            "Pass": "SO/NO-CW"
        },
        {
            "AzimuthEnd": 228,
            "AzimuthMiddle": 289,
            "AzimuthStart": 348,
            "CPFSource": "48900_cpf_230214_5451.tjr",
            "CampaignTrack": false,
            "DateTimeEnd": "20230214.154705",
            "DateTimeMiddle": "20230214.154335",
            "DateTimeStart": "20230214.154015",
            "MaximumElevation": 27,
            "Object_NORAD": "48900",
            "Object_Name": "TUBIN",
            "Pass": "NO/SO-CCW"
        },
        {
            "AzimuthEnd": 354,
            "AzimuthMiddle": 72,
            "AzimuthStart": 149,
            "CPFSource": "43655_cpf_230214_5451.tjr",
            "CampaignTrack": false,
            "DateTimeEnd": "20230214.174555",
            "DateTimeMiddle": "20230214.173935",
            "DateTimeStart": "20230214.173335",
            "MaximumElevation": 58,
            "Object_NORAD": "43655",
            "Object_Name": "HAIYANG2B",
            "Pass": "SE/NO-CW"
        },
        {
            "AzimuthEnd": 0,
            "AzimuthMiddle": 70,
            "AzimuthStart": 139,
            "CPFSource": "41579_cpf_230214_5451.tjr",
            "CampaignTrack": false,
            "DateTimeEnd": "20230214.174745",
            "DateTimeMiddle": "20230214.174155",
            "DateTimeStart": "20230214.173615",
            "MaximumElevation": 43,
            "Object_NORAD": "41579",
            "Object_Name": "COSMOS2517",
            "Pass": "SE/N-CCW"
        },
        {
            "AzimuthEnd": 342,
            "AzimuthMiddle": 252,
            "AzimuthStart": 173,
            "CPFSource": "37781_cpf_230214_5451.tjr",
            "CampaignTrack": false,
            "DateTimeEnd": "20230214.180825",
            "DateTimeMiddle": "20230214.180155",
            "DateTimeStart": "20230214.175545",
            "MaximumElevation": 71,
            "Object_NORAD": "37781",
            "Object_Name": "HAIYANG2A",
            "Pass": "SE/NO-CW"
        },
        {
            "AzimuthEnd": 336,
            "AzimuthMiddle": 260,
            "AzimuthStart": 186,
            "CPFSource": "31698_cpf_230214_5451.tjr",
            "CampaignTrack": false,
            "DateTimeEnd": "20230214.182815",
            "DateTimeMiddle": "20230214.182425",
            "DateTimeStart": "20230214.182045",
            "MaximumElevation": 46,
            "Object_NORAD": "31698",
            "Object_Name": "TERRASARX",
            "Pass": "SO/NO-CW"
        },
        {
            "AzimuthEnd": 337,
            "AzimuthMiddle": 264,
            "AzimuthStart": 186,
            "CPFSource": "36605_cpf_230214_5451.tjr",
            "CampaignTrack": false,
            "DateTimeEnd": "20230214.182815",
            "DateTimeMiddle": "20230214.182425",
            "DateTimeStart": "20230214.182045",
            "MaximumElevation": 46,
            "Object_NORAD": "36605",
            "Object_Name": "TANDEMX",
            "Pass": "SO/NO-CW"
        },
        {
            "AzimuthEnd": 146,
            "AzimuthMiddle": 94,
            "AzimuthStart": 44,
            "CPFSource": "42829_cpf_230214_5451.tjr",
            "CampaignTrack": false,
            "DateTimeEnd": "20230214.190024",
            "DateTimeMiddle": "20230214.185655",
            "DateTimeStart": "20230214.185334",
            "MaximumElevation": 20,
            "Object_NORAD": "42829",
            "Object_Name": "TECHNOSAT",
            "Pass": "NE/SE-CW"
        },
        {
            "AzimuthEnd": 321,
            "AzimuthMiddle": 265,
            "AzimuthStart": 210,
            "CPFSource": "41579_cpf_230214_5451.tjr",
            "CampaignTrack": false,
            "DateTimeEnd": "20230214.192944",
            "DateTimeMiddle": "20230214.192434",
            "DateTimeStart": "20230214.191934",
            "MaximumElevation": 25,
            "Object_NORAD": "41579",
            "Object_Name": "COSMOS2517",
            "Pass": "SO/NO-CW"
        },
        {
            "AzimuthEnd": 228,
            "AzimuthMiddle": 289,
            "AzimuthStart": 348,
            "CPFSource": "42829_cpf_230214_5451.tjr",
            "CampaignTrack": false,
            "DateTimeEnd": "20230214.203614",
            "DateTimeMiddle": "20230214.203224",
            "DateTimeStart": "20230214.202844",
            "MaximumElevation": 28,
            "Object_NORAD": "42829",
            "Object_Name": "TECHNOSAT",
            "Pass": "NO/SO-CCW"
        },
        {
            "AzimuthEnd": 15,
            "AzimuthMiddle": 70,
            "AzimuthStart": 128,
            "CPFSource": "44083_cpf_230214_5451.tjr",
            "CampaignTrack": false,
            "DateTimeEnd": "20230214.205124",
            "DateTimeMiddle": "20230214.204824",
            "DateTimeStart": "20230214.204524",
            "MaximumElevation": 23,
            "Object_NORAD": "44083",
            "Object_Name": "ASTROCSTP2",
            "Pass": "SE/NE-CCW"
        },
        {
            "AzimuthEnd": 356,
            "AzimuthMiddle": 71,
            "AzimuthStart": 149,
            "CPFSource": "43437_cpf_230214_5451.tjr",
            "CampaignTrack": false,
            "DateTimeEnd": "20230214.214204",
            "DateTimeMiddle": "20230214.213644",
            "DateTimeStart": "20230214.213124",
            "MaximumElevation": 54,
            "Object_NORAD": "43437",
            "Object_Name": "SENTINEL3B",
            "Pass": "SE/NO-CW"
        },
        {
            "AzimuthEnd": 339,
            "AzimuthMiddle": 263,
            "AzimuthStart": 181,
            "CPFSource": "43798_cpf_230214_5451.tjr",
            "CampaignTrack": false,
            "DateTimeEnd": "20230214.221754",
            "DateTimeMiddle": "20230214.221344",
            "DateTimeStart": "20230214.220934",
            "MaximumElevation": 54,
            "Object_NORAD": "43798",
            "Object_Name": "ASTROCSTP1",
            "Pass": "SO/NO-CW"
        },
        {
            "AzimuthEnd": 341,
            "AzimuthMiddle": 255,
            "AzimuthStart": 177,
            "CPFSource": "41335_cpf_230214_5451.tjr",
            "CampaignTrack": false,
            "DateTimeEnd": "20230214.222044",
            "DateTimeMiddle": "20230214.221514",
            "DateTimeStart": "20230214.220954",
            "MaximumElevation": 64,
            "Object_NORAD": "41335",
            "Object_Name": "SENTINEL3A",
            "Pass": "SE/NO-CW"
        },
        {
            "AzimuthEnd": 166,
            "AzimuthMiddle": 96,
            "AzimuthStart": 30,
            "CPFSource": "51288_cpf_230214_5451.tjr",
            "CampaignTrack": false,
            "DateTimeEnd": "20230214.230524",
            "DateTimeMiddle": "20230214.230134",
            "DateTimeStart": "20230214.225754",
            "MaximumElevation": 35,
            "Object_NORAD": "51288",
            "Object_Name": "ELSAD-C",
            "Pass": "NE/SE-CW"
        },
        {
            "AzimuthEnd": 177,
            "AzimuthMiddle": 103,
            "AzimuthStart": 22,
            "CPFSource": "47944_cpf_230214_5451.tjr",
            "CampaignTrack": false,
            "DateTimeEnd": "20230214.231744",
            "DateTimeMiddle": "20230214.231344",
            "DateTimeStart": "20230214.230944",
            "MaximumElevation": 50,
            "Object_NORAD": "47944",
            "Object_Name": "ELSAD",
            "Pass": "NE/SE-CW"
        },
        {
            "AzimuthEnd": 191,
            "AzimuthMiddle": 82,
            "AzimuthStart": 13,
            "CPFSource": "43186_cpf_230214_5451.tjr",
            "CampaignTrack": false,
            "DateTimeEnd": "20230214.235804",
            "DateTimeMiddle": "20230214.235344",
            "DateTimeStart": "20230214.234934",
            "MaximumElevation": 83,
            "Object_NORAD": "43186",
            "Object_Name": "SNETD",
            "Pass": "NE/SO-CW"
        },
        {
            "AzimuthEnd": 192,
            "AzimuthMiddle": 104,
            "AzimuthStart": 13,
            "CPFSource": "43187_cpf_230214_5451.tjr",
            "CampaignTrack": false,
            "DateTimeEnd": "20230214.235854",
            "DateTimeMiddle": "20230214.235434",
            "DateTimeStart": "20230214.235024",
            "MaximumElevation": 86,
            "Object_NORAD": "43187",
            "Object_Name": "SNETB",
            "Pass": "NE/SO-CW"
        },
        {
            "AzimuthEnd": 192,
            "AzimuthMiddle": 67,
            "AzimuthStart": 13,
            "CPFSource": "43188_cpf_230214_5451.tjr",
            "CampaignTrack": false,
            "DateTimeEnd": "20230214.235914",
            "DateTimeMiddle": "20230214.235454",
            "DateTimeStart": "20230214.235044",
            "MaximumElevation": 85,
            "Object_NORAD": "43188",
            "Object_Name": "SNETA",
            "Pass": "NE/SO-CW"
        },
        {
            "AzimuthEnd": 193,
            "AzimuthMiddle": 222,
            "AzimuthStart": 12,
            "CPFSource": "43189_cpf_230214_5451.tjr",
            "CampaignTrack": false,
            "DateTimeEnd": "20230215.000104",
            "DateTimeMiddle": "20230214.235654",
            "DateTimeStart": "20230214.235244",
            "MaximumElevation": 88,
            "Object_NORAD": "43189",
            "Object_Name": "SNETC",
            "Pass": "NE/SO-CW"
        },
        {
            "AzimuthEnd": 42,
            "AzimuthMiddle": 108,
            "AzimuthStart": 175,
            "CPFSource": "46984_cpf_230214_5451.tjr",
            "CampaignTrack": false,
            "DateTimeEnd": "20230215.005154",
            "DateTimeMiddle": "20230215.004404",
            "DateTimeStart": "20230215.003624",
            "MaximumElevation": 40,
            "Object_NORAD": "46984",
            "Object_Name": "SENTINEL6A",
            "Pass": "SE/NE-CCW"
        },
        {
            "AzimuthEnd": 328,
            "AzimuthMiddle": 278,
            "AzimuthStart": 226,
            "CPFSource": "39452_cpf_230214_5451.tjr",
            "CampaignTrack": false,
            "DateTimeEnd": "20230215.005234",
            "DateTimeMiddle": "20230215.004944",
            "DateTimeStart": "20230215.004654",
            "MaximumElevation": 20,
            "Object_NORAD": "39452",
            "Object_Name": "SWARMA",
            "Pass": "SO/NO-CW"
        },
        {
            "AzimuthEnd": 348,
            "AzimuthMiddle": 290,
            "AzimuthStart": 168,
            "CPFSource": "48900_cpf_230214_5451.tjr",
            "CampaignTrack": false,
            "DateTimeEnd": "20230215.022504",
            "DateTimeMiddle": "20230215.022104",
            "DateTimeStart": "20230215.021714",
            "MaximumElevation": 87,
            "Object_NORAD": "48900",
            "Object_Name": "TUBIN",
            "Pass": "SE/NO-CW"
        },
        {
            "AzimuthEnd": 19,
            "AzimuthMiddle": 308,
            "AzimuthStart": 236,
            "CPFSource": "46984_cpf_230214_5451.tjr",
            "CampaignTrack": false,
            "DateTimeEnd": "20230215.024804",
            "DateTimeMiddle": "20230215.023954",
            "DateTimeStart": "20230215.023154",
            "MaximumElevation": 44,
            "Object_NORAD": "46984",
            "Object_Name": "SENTINEL6A",
            "Pass": "SO/NE-CW"
        },
        {
            "AzimuthEnd": 166,
            "AzimuthMiddle": 85,
            "AzimuthStart": 13,
            "CPFSource": "43476_cpf_230214_5451.tjr",
            "CampaignTrack": false,
            "DateTimeEnd": "20230215.025124",
            "DateTimeMiddle": "20230215.024734",
            "DateTimeStart": "20230215.024404",
            "MaximumElevation": 48,
            "Object_NORAD": "43476",
            "Object_Name": "GRACEFO1",
            "Pass": "NE/SE-CW"
        },
        {
            "AzimuthEnd": 166,
            "AzimuthMiddle": 93,
            "AzimuthStart": 12,
            "CPFSource": "43477_cpf_230214_5451.tjr",
            "CampaignTrack": false,
            "DateTimeEnd": "20230215.025144",
            "DateTimeMiddle": "20230215.024804",
            "DateTimeStart": "20230215.024424",
            "MaximumElevation": 49,
            "Object_NORAD": "43477",
            "Object_Name": "GRACEFO2",
            "Pass": "NE/SE-CW"
        },
        {
            "AzimuthEnd": 74,
            "AzimuthMiddle": 151,
            "AzimuthStart": 222,
            "CPFSource": "1328_cpf_230214_5451.tjr",
            "CampaignTrack": false,
            "DateTimeEnd": "20230215.060254",
            "DateTimeMiddle": "20230215.055634",
            "DateTimeStart": "20230215.055004",
            "MaximumElevation": 50,
            "Object_NORAD": "1328",
            "Object_Name": "EXPLORER27",
            "Pass": "SO/NE-CCW"
        },
        {
            "AzimuthEnd": 159,
            "AzimuthMiddle": 98,
            "AzimuthStart": 36,
            "CPFSource": "41579_cpf_230214_5451.tjr",
            "CampaignTrack": false,
            "DateTimeEnd": "20230215.062544",
            "DateTimeMiddle": "20230215.062014",
            "DateTimeStart": "20230215.061454",
            "MaximumElevation": 30,
            "Object_NORAD": "41579",
            "Object_Name": "COSMOS2517",
            "Pass": "NE/SE-CW"
        },
        {
            "AzimuthEnd": 171,
            "AzimuthMiddle": 98,
            "AzimuthStart": 28,
            "CPFSource": "43655_cpf_230214_5451.tjr",
            "CampaignTrack": false,
            "DateTimeEnd": "20230215.062734",
            "DateTimeMiddle": "20230215.062134",
            "DateTimeStart": "20230215.061544",
            "MaximumElevation": 44,
            "Object_NORAD": "43655",
            "Object_Name": "HAIYANG2B",
            "Pass": "NE/SE-CW"
        },
        {
            "AzimuthEnd": 196,
            "AzimuthMiddle": 350,
            "AzimuthStart": 14,
            "CPFSource": "37781_cpf_230214_5451.tjr",
            "CampaignTrack": false,
            "DateTimeEnd": "20230215.065044",
            "DateTimeMiddle": "20230215.064424",
            "DateTimeStart": "20230215.063814",
            "MaximumElevation": 89,
            "Object_NORAD": "37781",
            "Object_Name": "HAIYANG2A",
            "Pass": "NE/SO-CW"
        },
        {
            "AzimuthEnd": 342,
            "AzimuthMiddle": 255,
            "AzimuthStart": 178,
            "CPFSource": "42829_cpf_230214_5451.tjr",
            "CampaignTrack": false,
            "DateTimeEnd": "20230215.072424",
            "DateTimeMiddle": "20230215.071954",
            "DateTimeStart": "20230215.071544",
            "MaximumElevation": 62,
            "Object_NORAD": "42829",
            "Object_Name": "TECHNOSAT",
            "Pass": "SE/NO-CW"
        },
        {
            "AzimuthEnd": 232,
            "AzimuthMiddle": 290,
            "AzimuthStart": 345,
            "CPFSource": "36605_cpf_230214_5451.tjr",
            "CampaignTrack": false,
            "DateTimeEnd": "20230215.073404",
            "DateTimeMiddle": "20230215.073044",
            "DateTimeStart": "20230215.072734",
            "MaximumElevation": 24,
            "Object_NORAD": "36605",
            "Object_Name": "TANDEMX",
            "Pass": "NO/SO-CCW"
        },
        {
            "AzimuthEnd": 231,
            "AzimuthMiddle": 288,
            "AzimuthStart": 344,
            "CPFSource": "31698_cpf_230214_5451.tjr",
            "CampaignTrack": false,
            "DateTimeEnd": "20230215.073414",
            "DateTimeMiddle": "20230215.073054",
            "DateTimeStart": "20230215.072744",
            "MaximumElevation": 24,
            "Object_NORAD": "31698",
            "Object_Name": "TERRASARX",
            "Pass": "NO/SO-CCW"
        },
        {
            "AzimuthEnd": 69,
            "AzimuthMiddle": 339,
            "AzimuthStart": 261,
            "CPFSource": "1328_cpf_230214_5451.tjr",
            "CampaignTrack": false,
            "DateTimeEnd": "20230215.075634",
            "DateTimeMiddle": "20230215.075004",
            "DateTimeStart": "20230215.074334",
            "MaximumElevation": 69,
            "Object_NORAD": "1328",
            "Object_Name": "EXPLORER27",
            "Pass": "SO/NE-CW"
        },
        {
            "AzimuthEnd": 226,
            "AzimuthMiddle": 291,
            "AzimuthStart": 356,
            "CPFSource": "41579_cpf_230214_5451.tjr",
            "CampaignTrack": false,
            "DateTimeEnd": "20230215.080824",
            "DateTimeMiddle": "20230215.080244",
            "DateTimeStart": "20230215.075714",
            "MaximumElevation": 36,
            "Object_NORAD": "41579",
            "Object_Name": "COSMOS2517",
            "Pass": "NO/SO-CCW"
        },
        {
            "AzimuthEnd": 239,
            "AzimuthMiddle": 296,
            "AzimuthStart": 350,
            "CPFSource": "43655_cpf_230214_5451.tjr",
            "CampaignTrack": false,
            "DateTimeEnd": "20230215.080934",
            "DateTimeMiddle": "20230215.080414",
            "DateTimeStart": "20230215.075914",
            "MaximumElevation": 26,
            "Object_NORAD": "43655",
            "Object_Name": "HAIYANG2B",
            "Pass": "NO/SO-CCW"
        },
        {
            "AzimuthEnd": 85,
            "AzimuthMiddle": 7,
            "AzimuthStart": 286,
            "CPFSource": "1328_cpf_230214_5451.tjr",
            "CampaignTrack": false,
            "DateTimeEnd": "20230215.095044",
            "DateTimeMiddle": "20230215.094414",
            "DateTimeStart": "20230215.093754",
            "MaximumElevation": 57,
            "Object_NORAD": "1328",
            "Object_Name": "EXPLORER27",
            "Pass": "NO/NE-CW"
        },
        {
            "AzimuthEnd": 169,
            "AzimuthMiddle": 96,
            "AzimuthStart": 28,
            "CPFSource": "44083_cpf_230214_5451.tjr",
            "CampaignTrack": false,
            "DateTimeEnd": "20230215.094954",
            "DateTimeMiddle": "20230215.094624",
            "DateTimeStart": "20230215.094304",
            "MaximumElevation": 37,
            "Object_NORAD": "44083",
            "Object_Name": "ASTROCSTP2",
            "Pass": "NE/SE-CW"
        },
        {
            "AzimuthEnd": 153,
            "AzimuthMiddle": 95,
            "AzimuthStart": 40,
            "CPFSource": "43437_cpf_230214_5451.tjr",
            "CampaignTrack": false,
            "DateTimeEnd": "20230215.095814",
            "DateTimeMiddle": "20230215.095334",
            "DateTimeStart": "20230215.094914",
            "MaximumElevation": 25,
            "Object_NORAD": "43437",
            "Object_Name": "SENTINEL3B",
            "Pass": "NE/SE-CW"
        },
        {
            "AzimuthEnd": 150,
            "AzimuthMiddle": 97,
            "AzimuthStart": 42,
            "CPFSource": "43798_cpf_230214_5451.tjr",
            "CampaignTrack": false,
            "DateTimeEnd": "20230215.095824",
            "DateTimeMiddle": "20230215.095504",
            "DateTimeStart": "20230215.095144",
            "MaximumElevation": 22,
            "Object_NORAD": "43798",
            "Object_Name": "ASTROCSTP1",
            "Pass": "NE/SE-CW"
        },
        {
            "AzimuthEnd": 182,
            "AzimuthMiddle": 101,
            "AzimuthStart": 21,
            "CPFSource": "41335_cpf_230214_5451.tjr",
            "CampaignTrack": false,
            "DateTimeEnd": "20230215.103754",
            "DateTimeMiddle": "20230215.103224",
            "DateTimeStart": "20230215.102704",
            "MaximumElevation": 60,
            "Object_NORAD": "41335",
            "Object_Name": "SENTINEL3A",
            "Pass": "NE/SO-CW"
        },
        {
            "AzimuthEnd": 140,
            "AzimuthMiddle": 58,
            "AzimuthStart": 337,
            "CPFSource": "46984_cpf_230214_5451.tjr",
            "CampaignTrack": false,
            "DateTimeEnd": "20230215.104614",
            "DateTimeMiddle": "20230215.103744",
            "DateTimeStart": "20230215.102924",
            "MaximumElevation": 65,
            "Object_NORAD": "46984",
            "Object_Name": "SENTINEL6A",
            "Pass": "NO/SE-CW"
        },
        {
            "AzimuthEnd": 6,
            "AzimuthMiddle": 71,
            "AzimuthStart": 138,
            "CPFSource": "43186_cpf_230214_5451.tjr",
            "CampaignTrack": false,
            "DateTimeEnd": "20230215.104234",
            "DateTimeMiddle": "20230215.103834",
            "DateTimeStart": "20230215.103444",
            "MaximumElevation": 34,
            "Object_NORAD": "43186",
            "Object_Name": "SNETD",
            "Pass": "SE/NE-CCW"
        },
        {
            "AzimuthEnd": 5,
            "AzimuthMiddle": 75,
            "AzimuthStart": 140,
            "CPFSource": "43187_cpf_230214_5451.tjr",
            "CampaignTrack": false,
            "DateTimeEnd": "20230215.104324",
            "DateTimeMiddle": "20230215.103914",
            "DateTimeStart": "20230215.103524",
            "MaximumElevation": 35,
            "Object_NORAD": "43187",
            "Object_Name": "SNETB",
            "Pass": "SE/NE-CCW"
        },
        {
            "AzimuthEnd": 5,
            "AzimuthMiddle": 72,
            "AzimuthStart": 139,
            "CPFSource": "43188_cpf_230214_5451.tjr",
            "CampaignTrack": false,
            "DateTimeEnd": "20230215.104344",
            "DateTimeMiddle": "20230215.103944",
            "DateTimeStart": "20230215.103554",
            "MaximumElevation": 35,
            "Object_NORAD": "43188",
            "Object_Name": "SNETA",
            "Pass": "SE/NE-CCW"
        },
        {
            "AzimuthEnd": 4,
            "AzimuthMiddle": 74,
            "AzimuthStart": 141,
            "CPFSource": "43189_cpf_230214_5451.tjr",
            "CampaignTrack": false,
            "DateTimeEnd": "20230215.104534",
            "DateTimeMiddle": "20230215.104134",
            "DateTimeStart": "20230215.103744",
            "MaximumElevation": 38,
            "Object_NORAD": "43189",
            "Object_Name": "SNETC",
            "Pass": "SE/NE-CCW"
        },
        {
            "AzimuthEnd": 331,
            "AzimuthMiddle": 264,
            "AzimuthStart": 194,
            "CPFSource": "51288_cpf_230214_5451.tjr",
            "CampaignTrack": false,
            "DateTimeEnd": "20230215.111944",
            "DateTimeMiddle": "20230215.111604",
            "DateTimeStart": "20230215.111224",
            "MaximumElevation": 36,
            "Object_NORAD": "51288",
            "Object_Name": "ELSAD-C",
            "Pass": "SO/NO-CW"
        },
        {
            "AzimuthEnd": 324,
            "AzimuthMiddle": 265,
            "AzimuthStart": 205,
            "CPFSource": "47944_cpf_230214_5451.tjr",
            "CampaignTrack": false,
            "DateTimeEnd": "20230215.113124",
            "DateTimeMiddle": "20230215.112754",
            "DateTimeStart": "20230215.112434",
            "MaximumElevation": 25,
            "Object_NORAD": "47944",
            "Object_Name": "ELSAD",
            "Pass": "SO/NO-CW"
        },
        {
            "AzimuthEnd": 235,
            "AzimuthMiddle": 291,
            "AzimuthStart": 342,
            "CPFSource": "43798_cpf_230214_5451.tjr",
            "CampaignTrack": false,
            "DateTimeEnd": "20230215.113324",
            "DateTimeMiddle": "20230215.112954",
            "DateTimeStart": "20230215.112644",
            "MaximumElevation": 22,
            "Object_NORAD": "43798",
            "Object_Name": "ASTROCSTP1",
            "Pass": "NO/SO-CCW"
        },
        {
            "AzimuthEnd": 225,
            "AzimuthMiddle": 289,
            "AzimuthStart": 355,
            "CPFSource": "43437_cpf_230214_5451.tjr",
            "CampaignTrack": false,
            "DateTimeEnd": "20230215.113824",
            "DateTimeMiddle": "20230215.113324",
            "DateTimeStart": "20230215.112824",
            "MaximumElevation": 35,
            "Object_NORAD": "43437",
            "Object_Name": "SENTINEL3B",
            "Pass": "NO/SO-CCW"
        },
        {
            "AzimuthEnd": 118,
            "AzimuthMiddle": 198,
            "AzimuthStart": 291,
            "CPFSource": "1328_cpf_230214_5451.tjr",
            "CampaignTrack": false,
            "DateTimeEnd": "20230215.114454",
            "DateTimeMiddle": "20230215.113804",
            "DateTimeStart": "20230215.113144",
            "MaximumElevation": 81,
            "Object_NORAD": "1328",
            "Object_Name": "EXPLORER27",
            "Pass": "NO/SE-CCW"
        },
        {
            "AzimuthEnd": 211,
            "AzimuthMiddle": 276,
            "AzimuthStart": 337,
            "CPFSource": "39453_cpf_230214_5451.tjr",
            "CampaignTrack": false,
            "DateTimeEnd": "20230215.121744",
            "DateTimeMiddle": "20230215.121424",
            "DateTimeStart": "20230215.121114",
            "MaximumElevation": 29,
            "Object_NORAD": "39453",
            "Object_Name": "SWARMC",
            "Pass": "NO/SO-CCW"
        },
        {
            "AzimuthEnd": 208,
            "AzimuthMiddle": 273,
            "AzimuthStart": 340,
            "CPFSource": "39452_cpf_230214_5451.tjr",
            "CampaignTrack": false,
            "DateTimeEnd": "20230215.121754",
            "DateTimeMiddle": "20230215.121434",
            "DateTimeStart": "20230215.121114",
            "MaximumElevation": 33,
            "Object_NORAD": "39452",
            "Object_Name": "SWARMA",
            "Pass": "NO/SO-CCW"
        },
        {
            "AzimuthEnd": 202,
            "AzimuthMiddle": 255,
            "AzimuthStart": 308,
            "CPFSource": "46984_cpf_230214_5451.tjr",
            "CampaignTrack": false,
            "DateTimeEnd": "20230215.123944",
            "DateTimeMiddle": "20230215.123304",
            "DateTimeStart": "20230215.122624",
            "MaximumElevation": 25,
            "Object_NORAD": "46984",
            "Object_Name": "SENTINEL6A",
            "Pass": "NO/SO-CCW"
        },
        {
            "AzimuthEnd": 163,
            "AzimuthMiddle": 220,
            "AzimuthStart": 274,
            "CPFSource": "1328_cpf_230214_5451.tjr",
            "CampaignTrack": false,
            "DateTimeEnd": "20230215.133654",
            "DateTimeMiddle": "20230215.133104",
            "DateTimeStart": "20230215.132554",
            "MaximumElevation": 26,
            "Object_NORAD": "1328",
            "Object_Name": "EXPLORER27",
            "Pass": "NO/SE-CCW"
        },
        {
            "AzimuthEnd": 7,
            "AzimuthMiddle": 90,
            "AzimuthStart": 165,
            "CPFSource": "43476_cpf_230214_5451.tjr",
            "CampaignTrack": false,
            "DateTimeEnd": "20230215.145914",
            "DateTimeMiddle": "20230215.145524",
            "DateTimeStart": "20230215.145144",
            "MaximumElevation": 57,
            "Object_NORAD": "43476",
            "Object_Name": "GRACEFO1",
            "Pass": "SE/NE-CCW"
        },
        {
            "AzimuthEnd": 7,
            "AzimuthMiddle": 80,
            "AzimuthStart": 166,
            "CPFSource": "43477_cpf_230214_5451.tjr",
            "CampaignTrack": false,
            "DateTimeEnd": "20230215.145944",
            "DateTimeMiddle": "20230215.145554",
            "DateTimeStart": "20230215.145204",
            "MaximumElevation": 57,
            "Object_NORAD": "43477",
            "Object_Name": "GRACEFO2",
            "Pass": "SE/NE-CCW"
        },
        {
            "AzimuthEnd": 214,
            "AzimuthMiddle": 285,
            "AzimuthStart": 357,
            "CPFSource": "48900_cpf_230214_5451.tjr",
            "CampaignTrack": false,
            "DateTimeEnd": "20230215.153244",
            "DateTimeMiddle": "20230215.152854",
            "DateTimeStart": "20230215.152514",
            "MaximumElevation": 42,
            "Object_NORAD": "48900",
            "Object_Name": "TUBIN",
            "Pass": "NO/SO-CCW"
        },
        {
            "AzimuthEnd": 9,
            "AzimuthMiddle": 66,
            "AzimuthStart": 119,
            "CPFSource": "37781_cpf_230214_5451.tjr",
            "CampaignTrack": false,
            "DateTimeEnd": "20230215.164714",
            "DateTimeMiddle": "20230215.164154",
            "DateTimeStart": "20230215.163654",
            "MaximumElevation": 26,
            "Object_NORAD": "37781",
            "Object_Name": "HAIYANG2A",
            "Pass": "SE/NE-CCW"
        },
        {
            "AzimuthEnd": 354,
            "AzimuthMiddle": 71,
            "AzimuthStart": 150,
            "CPFSource": "41579_cpf_230214_5451.tjr",
            "CampaignTrack": false,
            "DateTimeEnd": "20230215.180314",
            "DateTimeMiddle": "20230215.175704",
            "DateTimeStart": "20230215.175104",
            "MaximumElevation": 58,
            "Object_NORAD": "41579",
            "Object_Name": "COSMOS2517",
            "Pass": "SE/NO-CW"
        },
        {
            "AzimuthEnd": 347,
            "AzimuthMiddle": 90,
            "AzimuthStart": 163,
            "CPFSource": "43655_cpf_230214_5451.tjr",
            "CampaignTrack": false,
            "DateTimeEnd": "20230215.180804",
            "DateTimeMiddle": "20230215.180134",
            "DateTimeStart": "20230215.175524",
            "MaximumElevation": 87,
            "Object_NORAD": "43655",
            "Object_Name": "HAIYANG2B",
            "Pass": "SE/NO-CW"
        },
        {
            "AzimuthEnd": 347,
            "AzimuthMiddle": 264,
            "AzimuthStart": 170,
            "CPFSource": "36605_cpf_230214_5451.tjr",
            "CampaignTrack": false,
            "DateTimeEnd": "20230215.181114",
            "DateTimeMiddle": "20230215.180714",
            "DateTimeStart": "20230215.180324",
            "MaximumElevation": 82,
            "Object_NORAD": "36605",
            "Object_Name": "TANDEMX",
            "Pass": "SE/NO-CW"
        },
        {
            "AzimuthEnd": 347,
            "AzimuthMiddle": 277,
            "AzimuthStart": 170,
            "CPFSource": "31698_cpf_230214_5451.tjr",
            "CampaignTrack": false,
            "DateTimeEnd": "20230215.181124",
            "DateTimeMiddle": "20230215.180724",
            "DateTimeStart": "20230215.180334",
            "MaximumElevation": 81,
            "Object_NORAD": "31698",
            "Object_Name": "TERRASARX",
            "Pass": "SE/NO-CW"
        },
        {
            "AzimuthEnd": 333,
            "AzimuthMiddle": 262,
            "AzimuthStart": 188,
            "CPFSource": "37781_cpf_230214_5451.tjr",
            "CampaignTrack": false,
            "DateTimeEnd": "20230215.183044",
            "DateTimeMiddle": "20230215.182444",
            "DateTimeStart": "20230215.181844",
            "MaximumElevation": 45,
            "Object_NORAD": "37781",
            "Object_Name": "HAIYANG2A",
            "Pass": "SO/NO-CW"
        },
        {
            "AzimuthEnd": 154,
            "AzimuthMiddle": 95,
            "AzimuthStart": 39,
            "CPFSource": "42829_cpf_230214_5451.tjr",
            "CampaignTrack": false,
            "DateTimeEnd": "20230215.190834",
            "DateTimeMiddle": "20230215.190444",
            "DateTimeStart": "20230215.190114",
            "MaximumElevation": 25,
            "Object_NORAD": "42829",
            "Object_Name": "TECHNOSAT",
            "Pass": "NE/SE-CW"
        },
        {
            "AzimuthEnd": 236,
            "AzimuthMiddle": 289,
            "AzimuthStart": 343,
            "CPFSource": "42829_cpf_230214_5451.tjr",
            "CampaignTrack": false,
            "DateTimeEnd": "20230215.204344",
            "DateTimeMiddle": "20230215.204014",
            "DateTimeStart": "20230215.203644",
            "MaximumElevation": 23,
            "Object_NORAD": "42829",
            "Object_Name": "TECHNOSAT",
            "Pass": "NO/SO-CCW"
        },
        {
            "AzimuthEnd": 7,
            "AzimuthMiddle": 67,
            "AzimuthStart": 130,
            "CPFSource": "43437_cpf_230214_5451.tjr",
            "CampaignTrack": false,
            "DateTimeEnd": "20230215.211554",
            "DateTimeMiddle": "20230215.211104",
            "DateTimeStart": "20230215.210614",
            "MaximumElevation": 31,
            "Object_NORAD": "43437",
            "Object_Name": "SENTINEL3B",
            "Pass": "SE/NE-CCW"
        },
        {
            "AzimuthEnd": 351,
            "AzimuthMiddle": 78,
            "AzimuthStart": 158,
            "CPFSource": "41335_cpf_230214_5451.tjr",
            "CampaignTrack": false,
            "DateTimeEnd": "20230215.215454",
            "DateTimeMiddle": "20230215.214924",
            "DateTimeStart": "20230215.214404",
            "MaximumElevation": 73,
            "Object_NORAD": "41335",
            "Object_Name": "SENTINEL3A",
            "Pass": "SE/NO-CW"
        },
        {
            "AzimuthEnd": 335,
            "AzimuthMiddle": 261,
            "AzimuthStart": 188,
            "CPFSource": "44083_cpf_230214_5451.tjr",
            "CampaignTrack": false,
            "DateTimeEnd": "20230215.215224",
            "DateTimeMiddle": "20230215.214854",
            "DateTimeStart": "20230215.214534",
            "MaximumElevation": 42,
            "Object_NORAD": "44083",
            "Object_Name": "ASTROCSTP2",
            "Pass": "SO/NO-CW"
        },
        {
            "AzimuthEnd": 339,
            "AzimuthMiddle": 263,
            "AzimuthStart": 182,
            "CPFSource": "43798_cpf_230214_5451.tjr",
            "CampaignTrack": false,
            "DateTimeEnd": "20230215.221844",
            "DateTimeMiddle": "20230215.221434",
            "DateTimeStart": "20230215.221024",
            "MaximumElevation": 53,
            "Object_NORAD": "43798",
            "Object_Name": "ASTROCSTP1",
            "Pass": "SO/NO-CW"
        },
        {
            "AzimuthEnd": 325,
            "AzimuthMiddle": 262,
            "AzimuthStart": 204,
            "CPFSource": "43437_cpf_230214_5451.tjr",
            "CampaignTrack": false,
            "DateTimeEnd": "20230215.225534",
            "DateTimeMiddle": "20230215.225034",
            "DateTimeStart": "20230215.224604",
            "MaximumElevation": 29,
            "Object_NORAD": "43437",
            "Object_Name": "SENTINEL3B",
            "Pass": "SO/NO-CW"
        },
        {
            "AzimuthEnd": 157,
            "AzimuthMiddle": 98,
            "AzimuthStart": 37,
            "CPFSource": "51288_cpf_230214_5451.tjr",
            "CampaignTrack": false,
            "DateTimeEnd": "20230215.225604",
            "DateTimeMiddle": "20230215.225234",
            "DateTimeStart": "20230215.224904",
            "MaximumElevation": 27,
            "Object_NORAD": "51288",
            "Object_Name": "ELSAD-C",
            "Pass": "NE/SE-CW"
        },
        {
            "AzimuthEnd": 169,
            "AzimuthMiddle": 101,
            "AzimuthStart": 29,
            "CPFSource": "47944_cpf_230214_5451.tjr",
            "CampaignTrack": false,
            "DateTimeEnd": "20230215.230804",
            "DateTimeMiddle": "20230215.230414",
            "DateTimeStart": "20230215.230024",
            "MaximumElevation": 37,
            "Object_NORAD": "47944",
            "Object_Name": "ELSAD",
            "Pass": "NE/SE-CW"
        },
        {
            "AzimuthEnd": 192,
            "AzimuthMiddle": 123,
            "AzimuthStart": 13,
            "CPFSource": "43186_cpf_230214_5451.tjr",
            "CampaignTrack": false,
            "DateTimeEnd": "20230215.235934",
            "DateTimeMiddle": "20230215.235524",
            "DateTimeStart": "20230215.235114",
            "MaximumElevation": 87,
            "Object_NORAD": "43186",
            "Object_Name": "SNETD",
            "Pass": "NE/SO-CW"
        },
        {
            "AzimuthEnd": 193,
            "AzimuthMiddle": 183,
            "AzimuthStart": 12,
            "CPFSource": "43187_cpf_230214_5451.tjr",
            "CampaignTrack": false,
            "DateTimeEnd": "20230216.000024",
            "DateTimeMiddle": "20230215.235614",
            "DateTimeStart": "20230215.235204",
            "MaximumElevation": 86,
            "Object_NORAD": "43187",
            "Object_Name": "SNETB",
            "Pass": "NE/SO-CW"
        },
        {
            "AzimuthEnd": 193,
            "AzimuthMiddle": 154,
            "AzimuthStart": 12,
            "CPFSource": "43188_cpf_230214_5451.tjr",
            "CampaignTrack": false,
            "DateTimeEnd": "20230216.000054",
            "DateTimeMiddle": "20230215.235634",
            "DateTimeStart": "20230215.235224",
            "MaximumElevation": 89,
            "Object_NORAD": "43188",
            "Object_Name": "SNETA",
            "Pass": "NE/SO-CW"
        },
        {
            "AzimuthEnd": 195,
            "AzimuthMiddle": 308,
            "AzimuthStart": 11,
            "CPFSource": "43189_cpf_230214_5451.tjr",
            "CampaignTrack": false,
            "DateTimeEnd": "20230216.000244",
            "DateTimeMiddle": "20230215.235824",
            "DateTimeStart": "20230215.235414",
            "MaximumElevation": 84,
            "Object_NORAD": "43189",
            "Object_Name": "SNETC",
            "Pass": "NE/SO-CW"
        },
        {
            "AzimuthEnd": 347,
            "AzimuthMiddle": 271,
            "AzimuthStart": 202,
            "CPFSource": "39453_cpf_230214_5451.tjr",
            "CampaignTrack": false,
            "DateTimeEnd": "20230216.002114",
            "DateTimeMiddle": "20230216.001734",
            "DateTimeStart": "20230216.001414",
            "MaximumElevation": 40,
            "Object_NORAD": "39453",
            "Object_Name": "SWARMC",
            "Pass": "SO/NO-CW"
        },
        {
            "AzimuthEnd": 349,
            "AzimuthMiddle": 276,
            "AzimuthStart": 198,
            "CPFSource": "39452_cpf_230214_5451.tjr",
            "CampaignTrack": false,
            "DateTimeEnd": "20230216.002124",
            "DateTimeMiddle": "20230216.001744",
            "DateTimeStart": "20230216.001414",
            "MaximumElevation": 46,
            "Object_NORAD": "39452",
            "Object_Name": "SWARMA",
            "Pass": "SO/NO-CW"
        },
        {
            "AzimuthEnd": 33,
            "AzimuthMiddle": 114,
            "AzimuthStart": 194,
            "CPFSource": "46984_cpf_230214_5451.tjr",
            "CampaignTrack": false,
            "DateTimeEnd": "20230216.011454",
            "DateTimeMiddle": "20230216.010624",
            "DateTimeStart": "20230216.005814",
            "MaximumElevation": 67,
            "Object_NORAD": "46984",
            "Object_Name": "SENTINEL6A",
            "Pass": "SO/NE-CCW"
        },
        {
            "AzimuthEnd": 356,
            "AzimuthMiddle": 79,
            "AzimuthStart": 154,
            "CPFSource": "48900_cpf_230214_5451.tjr",
            "CampaignTrack": false,
            "DateTimeEnd": "20230216.021014",
            "DateTimeMiddle": "20230216.020614",
            "DateTimeStart": "20230216.020234",
            "MaximumElevation": 57,
            "Object_NORAD": "48900",
            "Object_Name": "TUBIN",
            "Pass": "SE/NO-CW"
        },
        {
            "AzimuthEnd": 148,
            "AzimuthMiddle": 88,
            "AzimuthStart": 25,
            "CPFSource": "43476_cpf_230214_5451.tjr",
            "CampaignTrack": false,
            "DateTimeEnd": "20230216.022814",
            "DateTimeMiddle": "20230216.022454",
            "DateTimeStart": "20230216.022134",
            "MaximumElevation": 27,
            "Object_NORAD": "43476",
            "Object_Name": "GRACEFO1",
            "Pass": "NE/SE-CW"
        },
        {
            "AzimuthEnd": 148,
            "AzimuthMiddle": 87,
            "AzimuthStart": 26,
            "CPFSource": "43477_cpf_230214_5451.tjr",
            "CampaignTrack": false,
            "DateTimeEnd": "20230216.022834",
            "DateTimeMiddle": "20230216.022514",
            "DateTimeStart": "20230216.022204",
            "MaximumElevation": 27,
            "Object_NORAD": "43477",
            "Object_Name": "GRACEFO2",
            "Pass": "NE/SE-CW"
        },
        {
            "AzimuthEnd": 13,
            "AzimuthMiddle": 313,
            "AzimuthStart": 254,
            "CPFSource": "46984_cpf_230214_5451.tjr",
            "CampaignTrack": false,
            "DateTimeEnd": "20230216.031014",
            "DateTimeMiddle": "20230216.030254",
            "DateTimeStart": "20230216.025544",
            "MaximumElevation": 29,
            "Object_NORAD": "46984",
            "Object_Name": "SENTINEL6A",
            "Pass": "SO/NE-CW"
        },
        {
            "AzimuthEnd": 77,
            "AzimuthMiddle": 145,
            "AzimuthStart": 213,
            "CPFSource": "1328_cpf_230214_5451.tjr",
            "CampaignTrack": false,
            "DateTimeEnd": "20230216.051834",
            "DateTimeMiddle": "20230216.051224",
            "DateTimeStart": "20230216.050554",
            "MaximumElevation": 39,
            "Object_NORAD": "1328",
            "Object_Name": "EXPLORER27",
            "Pass": "SO/NE-CCW"
        },
        {
            "AzimuthEnd": 170,
            "AzimuthMiddle": 101,
            "AzimuthStart": 29,
            "CPFSource": "41579_cpf_230214_5451.tjr",
            "CampaignTrack": false,
            "DateTimeEnd": "20230216.064124",
            "DateTimeMiddle": "20230216.063534",
            "DateTimeStart": "20230216.062944",
            "MaximumElevation": 41,
            "Object_NORAD": "41579",
            "Object_Name": "COSMOS2517",
            "Pass": "NE/SE-CW"
        },
        {
            "AzimuthEnd": 186,
            "AzimuthMiddle": 101,
            "AzimuthStart": 19,
            "CPFSource": "43655_cpf_230214_5451.tjr",
            "CampaignTrack": false,
            "DateTimeEnd": "20230216.065004",
            "DateTimeMiddle": "20230216.064344",
            "DateTimeStart": "20230216.063734",
            "MaximumElevation": 68,
            "Object_NORAD": "43655",
            "Object_Name": "HAIYANG2B",
            "Pass": "NE/SO-CW"
        },
        {
            "AzimuthEnd": 69,
            "AzimuthMiddle": 339,
            "AzimuthStart": 254,
            "CPFSource": "1328_cpf_230214_5451.tjr",
            "CampaignTrack": false,
            "DateTimeEnd": "20230216.071214",
            "DateTimeMiddle": "20230216.070544",
            "DateTimeStart": "20230216.065904",
            "MaximumElevation": 79,
            "Object_NORAD": "1328",
            "Object_Name": "EXPLORER27",
            "Pass": "SO/NE-CW"
        },
        {
            "AzimuthEnd": 210,
            "AzimuthMiddle": 287,
            "AzimuthStart": 6,
            "CPFSource": "37781_cpf_230214_5451.tjr",
            "CampaignTrack": false,
            "DateTimeEnd": "20230216.071314",
            "DateTimeMiddle": "20230216.070704",
            "DateTimeStart": "20230216.070054",
            "MaximumElevation": 59,
            "Object_NORAD": "37781",
            "Object_Name": "HAIYANG2A",
            "Pass": "NE/SO-CW"
        },
        {
            "AzimuthEnd": 216,
            "AzimuthMiddle": 287,
            "AzimuthStart": 355,
            "CPFSource": "36605_cpf_230214_5451.tjr",
            "CampaignTrack": false,
            "DateTimeEnd": "20230216.071724",
            "DateTimeMiddle": "20230216.071344",
            "DateTimeStart": "20230216.071014",
            "MaximumElevation": 39,
            "Object_NORAD": "36605",
            "Object_Name": "TANDEMX",
            "Pass": "NO/SO-CCW"
        },
        {
            "AzimuthEnd": 216,
            "AzimuthMiddle": 286,
            "AzimuthStart": 355,
            "CPFSource": "31698_cpf_230214_5451.tjr",
            "CampaignTrack": false,
            "DateTimeEnd": "20230216.071734",
            "DateTimeMiddle": "20230216.071354",
            "DateTimeStart": "20230216.071024",
            "MaximumElevation": 39,
            "Object_NORAD": "31698",
            "Object_Name": "TERRASARX",
            "Pass": "NO/SO-CCW"
        },
        {
            "AzimuthEnd": 337,
            "AzimuthMiddle": 259,
            "AzimuthStart": 185,
            "CPFSource": "42829_cpf_230214_5451.tjr",
            "CampaignTrack": false,
            "DateTimeEnd": "20230216.073204",
            "DateTimeMiddle": "20230216.072744",
            "DateTimeStart": "20230216.072334",
            "MaximumElevation": 48,
            "Object_NORAD": "42829",
            "Object_Name": "TECHNOSAT",
            "Pass": "SO/NO-CW"
        },
        {
            "AzimuthEnd": 238,
            "AzimuthMiddle": 295,
            "AzimuthStart": 350,
            "CPFSource": "41579_cpf_230214_5451.tjr",
            "CampaignTrack": false,
            "DateTimeEnd": "20230216.082254",
            "DateTimeMiddle": "20230216.081744",
            "DateTimeStart": "20230216.081244",
            "MaximumElevation": 27,
            "Object_NORAD": "41579",
            "Object_Name": "COSMOS2517",
            "Pass": "NO/SO-CCW"
        },
        {
            "AzimuthEnd": 80,
            "AzimuthMiddle": 1,
            "AzimuthStart": 282,
            "CPFSource": "1328_cpf_230214_5451.tjr",
            "CampaignTrack": false,
            "DateTimeEnd": "20230216.090604",
            "DateTimeMiddle": "20230216.085944",
            "DateTimeStart": "20230216.085324",
            "MaximumElevation": 56,
            "Object_NORAD": "1328",
            "Object_Name": "EXPLORER27",
            "Pass": "NO/NE-CW"
        },
        {
            "AzimuthEnd": 96,
            "AzimuthMiddle": 44,
            "AzimuthStart": 351,
            "CPFSource": "46984_cpf_230214_5451.tjr",
            "CampaignTrack": false,
            "DateTimeEnd": "20230216.091014",
            "DateTimeMiddle": "20230216.090334",
            "DateTimeStart": "20230216.085654",
            "MaximumElevation": 24,
            "Object_NORAD": "46984",
            "Object_Name": "SENTINEL6A",
            "Pass": "NO/SE-CW"
        },
        {
            "AzimuthEnd": 152,
            "AzimuthMiddle": 97,
            "AzimuthStart": 41,
            "CPFSource": "43798_cpf_230214_5451.tjr",
            "CampaignTrack": false,
            "DateTimeEnd": "20230216.095924",
            "DateTimeMiddle": "20230216.095554",
            "DateTimeStart": "20230216.095234",
            "MaximumElevation": 23,
            "Object_NORAD": "43798",
            "Object_Name": "ASTROCSTP1",
            "Pass": "NE/SE-CW"
        },
        {
            "AzimuthEnd": 163,
            "AzimuthMiddle": 96,
            "AzimuthStart": 33,
            "CPFSource": "41335_cpf_230214_5451.tjr",
            "CampaignTrack": false,
            "DateTimeEnd": "20230216.101124",
            "DateTimeMiddle": "20230216.100624",
            "DateTimeStart": "20230216.100134",
            "MaximumElevation": 33,
            "Object_NORAD": "41335",
            "Object_Name": "SENTINEL3A",
            "Pass": "NE/SE-CW"
        },
        {
            "AzimuthEnd": 5,
            "AzimuthMiddle": 74,
            "AzimuthStart": 140,
            "CPFSource": "43186_cpf_230214_5451.tjr",
            "CampaignTrack": false,
            "DateTimeEnd": "20230216.104404",
            "DateTimeMiddle": "20230216.104004",
            "DateTimeStart": "20230216.103614",
            "MaximumElevation": 36,
            "Object_NORAD": "43186",
            "Object_Name": "SNETD",
            "Pass": "SE/NE-CCW"
        },
        {
            "AzimuthEnd": 5,
            "AzimuthMiddle": 72,
            "AzimuthStart": 141,
            "CPFSource": "43187_cpf_230214_5451.tjr",
            "CampaignTrack": false,
            "DateTimeEnd": "20230216.104454",
            "DateTimeMiddle": "20230216.104054",
            "DateTimeStart": "20230216.103704",
            "MaximumElevation": 37,
            "Object_NORAD": "43187",
            "Object_Name": "SNETB",
            "Pass": "SE/NE-CCW"
        },
        {
            "AzimuthEnd": 4,
            "AzimuthMiddle": 75,
            "AzimuthStart": 141,
            "CPFSource": "43188_cpf_230214_5451.tjr",
            "CampaignTrack": false,
            "DateTimeEnd": "20230216.104524",
            "DateTimeMiddle": "20230216.104114",
            "DateTimeStart": "20230216.103724",
            "MaximumElevation": 37,
            "Object_NORAD": "43188",
            "Object_Name": "SNETA",
            "Pass": "SE/NE-CCW"
        },
        {
            "AzimuthEnd": 3,
            "AzimuthMiddle": 71,
            "AzimuthStart": 143,
            "CPFSource": "43189_cpf_230214_5451.tjr",
            "CampaignTrack": false,
            "DateTimeEnd": "20230216.104714",
            "DateTimeMiddle": "20230216.104314",
            "DateTimeStart": "20230216.103914",
            "MaximumElevation": 39,
            "Object_NORAD": "43189",
            "Object_Name": "SNETC",
            "Pass": "SE/NE-CCW"
        },
        {
            "AzimuthEnd": 227,
            "AzimuthMiddle": 286,
            "AzimuthStart": 347,
            "CPFSource": "44083_cpf_230214_5451.tjr",
            "CampaignTrack": false,
            "DateTimeEnd": "20230216.105014",
            "DateTimeMiddle": "20230216.104704",
            "DateTimeStart": "20230216.104354",
            "MaximumElevation": 26,
            "Object_NORAD": "44083",
            "Object_Name": "ASTROCSTP2",
            "Pass": "NO/SO-CCW"
        },
        {
            "AzimuthEnd": 110,
            "AzimuthMiddle": 36,
            "AzimuthStart": 291,
            "CPFSource": "1328_cpf_230214_5451.tjr",
            "CampaignTrack": false,
            "DateTimeEnd": "20230216.110024",
            "DateTimeMiddle": "20230216.105344",
            "DateTimeStart": "20230216.104724",
            "MaximumElevation": 85,
            "Object_NORAD": "1328",
            "Object_Name": "EXPLORER27",
            "Pass": "NO/SE-CW"
        },
        {
            "AzimuthEnd": 158,
            "AzimuthMiddle": 245,
            "AzimuthStart": 330,
            "CPFSource": "46984_cpf_230214_5451.tjr",
            "CampaignTrack": false,
            "DateTimeEnd": "20230216.110854",
            "DateTimeMiddle": "20230216.110024",
            "DateTimeStart": "20230216.105204",
            "MaximumElevation": 82,
            "Object_NORAD": "46984",
            "Object_Name": "SENTINEL6A",
            "Pass": "NO/SE-CCW"
        },
        {
            "AzimuthEnd": 206,
            "AzimuthMiddle": 290,
            "AzimuthStart": 6,
            "CPFSource": "43437_cpf_230214_5451.tjr",
            "CampaignTrack": false,
            "DateTimeEnd": "20230216.111304",
            "DateTimeMiddle": "20230216.110734",
            "DateTimeStart": "20230216.110214",
            "MaximumElevation": 62,
            "Object_NORAD": "43437",
            "Object_Name": "SENTINEL3B",
            "Pass": "NE/SO-CW"
        },
        {
            "AzimuthEnd": 337,
            "AzimuthMiddle": 261,
            "AzimuthStart": 185,
            "CPFSource": "51288_cpf_230214_5451.tjr",
            "CampaignTrack": false,
            "DateTimeEnd": "20230216.111054",
            "DateTimeMiddle": "20230216.110654",
            "DateTimeStart": "20230216.110304",
            "MaximumElevation": 47,
            "Object_NORAD": "51288",
            "Object_Name": "ELSAD-C",
            "Pass": "SO/NO-CW"
        },
        {
            "AzimuthEnd": 330,
            "AzimuthMiddle": 260,
            "AzimuthStart": 196,
            "CPFSource": "47944_cpf_230214_5451.tjr",
            "CampaignTrack": false,
            "DateTimeEnd": "20230216.112204",
            "DateTimeMiddle": "20230216.111814",
            "DateTimeStart": "20230216.111444",
            "MaximumElevation": 33,
            "Object_NORAD": "47944",
            "Object_Name": "ELSAD",
            "Pass": "SO/NO-CW"
        },
        {
            "AzimuthEnd": 237,
            "AzimuthMiddle": 291,
            "AzimuthStart": 342,
            "CPFSource": "43798_cpf_230214_5451.tjr",
            "CampaignTrack": false,
            "DateTimeEnd": "20230216.113404",
            "DateTimeMiddle": "20230216.113044",
            "DateTimeStart": "20230216.112734",
            "MaximumElevation": 22,
            "Object_NORAD": "43798",
            "Object_Name": "ASTROCSTP1",
            "Pass": "NO/SO-CCW"
        },
        {
            "AzimuthEnd": 185,
            "AzimuthMiddle": 282,
            "AzimuthStart": 355,
            "CPFSource": "39453_cpf_230214_5451.tjr",
            "CampaignTrack": false,
            "DateTimeEnd": "20230216.114624",
            "DateTimeMiddle": "20230216.114234",
            "DateTimeStart": "20230216.113904",
            "MaximumElevation": 74,
            "Object_NORAD": "39453",
            "Object_Name": "SWARMC",
            "Pass": "NO/SO-CCW"
        },
        {
            "AzimuthEnd": 181,
            "AzimuthMiddle": 237,
            "AzimuthStart": 358,
            "CPFSource": "39452_cpf_230214_5451.tjr",
            "CampaignTrack": false,
            "DateTimeEnd": "20230216.114624",
            "DateTimeMiddle": "20230216.114244",
            "DateTimeStart": "20230216.113904",
            "MaximumElevation": 85,
            "Object_NORAD": "39452",
            "Object_Name": "SWARMA",
            "Pass": "NO/SO-CCW"
        },
        {
            "AzimuthEnd": 234,
            "AzimuthMiddle": 291,
            "AzimuthStart": 349,
            "CPFSource": "41335_cpf_230214_5451.tjr",
            "CampaignTrack": false,
            "DateTimeEnd": "20230216.115044",
            "DateTimeMiddle": "20230216.114604",
            "DateTimeStart": "20230216.114134",
            "MaximumElevation": 27,
            "Object_NORAD": "41335",
            "Object_Name": "SENTINEL3A",
            "Pass": "NO/SO-CCW"
        },
        {
            "AzimuthEnd": 153,
            "AzimuthMiddle": 217,
            "AzimuthStart": 279,
            "CPFSource": "1328_cpf_230214_5451.tjr",
            "CampaignTrack": false,
            "DateTimeEnd": "20230216.125304",
            "DateTimeMiddle": "20230216.124654",
            "DateTimeStart": "20230216.124114",
            "MaximumElevation": 33,
            "Object_NORAD": "1328",
            "Object_Name": "EXPLORER27",
            "Pass": "NO/SE-CCW"
        },
        {
            "AzimuthEnd": 19,
            "AzimuthMiddle": 85,
            "AzimuthStart": 147,
            "CPFSource": "43476_cpf_230214_5451.tjr",
            "CampaignTrack": false,
            "DateTimeEnd": "20230216.143614",
            "DateTimeMiddle": "20230216.143244",
            "DateTimeStart": "20230216.142924",
            "MaximumElevation": 31,
            "Object_NORAD": "43476",
            "Object_Name": "GRACEFO1",
            "Pass": "SE/NE-CCW"
        },
        {
            "AzimuthEnd": 18,
            "AzimuthMiddle": 81,
            "AzimuthStart": 148,
            "CPFSource": "43477_cpf_230214_5451.tjr",
            "CampaignTrack": false,
            "DateTimeEnd": "20230216.143644",
            "DateTimeMiddle": "20230216.143314",
            "DateTimeStart": "20230216.142944",
            "MaximumElevation": 31,
            "Object_NORAD": "43477",
            "Object_Name": "GRACEFO2",
            "Pass": "SE/NE-CCW"
        },
        {
            "AzimuthEnd": 201,
            "AzimuthMiddle": 292,
            "AzimuthStart": 6,
            "CPFSource": "48900_cpf_230214_5451.tjr",
            "CampaignTrack": false,
            "DateTimeEnd": "20230216.151804",
            "DateTimeMiddle": "20230216.151404",
            "DateTimeStart": "20230216.151014",
            "MaximumElevation": 68,
            "Object_NORAD": "48900",
            "Object_Name": "TUBIN",
            "Pass": "NE/SO-CW"
        },
        {
            "AzimuthEnd": 1,
            "AzimuthMiddle": 69,
            "AzimuthStart": 135,
            "CPFSource": "37781_cpf_230214_5451.tjr",
            "CampaignTrack": false,
            "DateTimeEnd": "20230216.171014",
            "DateTimeMiddle": "20230216.170424",
            "DateTimeStart": "20230216.165844",
            "MaximumElevation": 39,
            "Object_NORAD": "37781",
            "Object_Name": "HAIYANG2A",
            "Pass": "SE/NE-CCW"
        },
        {
            "AzimuthEnd": 357,
            "AzimuthMiddle": 81,
            "AzimuthStart": 154,
            "CPFSource": "36605_cpf_230214_5451.tjr",
            "CampaignTrack": false,
            "DateTimeEnd": "20230216.175404",
            "DateTimeMiddle": "20230216.175004",
            "DateTimeStart": "20230216.174624",
            "MaximumElevation": 56,
            "Object_NORAD": "36605",
            "Object_Name": "TANDEMX",
            "Pass": "SE/NO-CW"
        },
        {
            "AzimuthEnd": 357,
            "AzimuthMiddle": 82,
            "AzimuthStart": 155,
            "CPFSource": "31698_cpf_230214_5451.tjr",
            "CampaignTrack": false,
            "DateTimeEnd": "20230216.175414",
            "DateTimeMiddle": "20230216.175014",
            "DateTimeStart": "20230216.174634",
            "MaximumElevation": 56,
            "Object_NORAD": "31698",
            "Object_Name": "TERRASARX",
            "Pass": "SE/NO-CW"
        },
        {
            "AzimuthEnd": 349,
            "AzimuthMiddle": 73,
            "AzimuthStart": 159,
            "CPFSource": "41579_cpf_230214_5451.tjr",
            "CampaignTrack": false,
            "DateTimeEnd": "20230216.181834",
            "DateTimeMiddle": "20230216.181214",
            "DateTimeStart": "20230216.180614",
            "MaximumElevation": 78,
            "Object_NORAD": "41579",
            "Object_Name": "COSMOS2517",
            "Pass": "SE/NO-CW"
        },
        {
            "AzimuthEnd": 339,
            "AzimuthMiddle": 261,
            "AzimuthStart": 177,
            "CPFSource": "43655_cpf_230214_5451.tjr",
            "CampaignTrack": false,
            "DateTimeEnd": "20230216.183004",
            "DateTimeMiddle": "20230216.182344",
            "DateTimeStart": "20230216.181734",
            "MaximumElevation": 62,
            "Object_NORAD": "43655",
            "Object_Name": "HAIYANG2B",
            "Pass": "SE/NO-CW"
        },
        {
            "AzimuthEnd": 324,
            "AzimuthMiddle": 262,
            "AzimuthStart": 205,
            "CPFSource": "37781_cpf_230214_5451.tjr",
            "CampaignTrack": false,
            "DateTimeEnd": "20230216.185304",
            "DateTimeMiddle": "20230216.184724",
            "DateTimeStart": "20230216.184214",
            "MaximumElevation": 29,
            "Object_NORAD": "37781",
            "Object_Name": "HAIYANG2A",
            "Pass": "SO/NO-CW"
        },
        {
            "AzimuthEnd": 161,
            "AzimuthMiddle": 96,
            "AzimuthStart": 33,
            "CPFSource": "42829_cpf_230214_5451.tjr",
            "CampaignTrack": false,
            "DateTimeEnd": "20230216.191634",
            "DateTimeMiddle": "20230216.191234",
            "DateTimeStart": "20230216.190844",
            "MaximumElevation": 30,
            "Object_NORAD": "42829",
            "Object_Name": "TECHNOSAT",
            "Pass": "NE/SE-CW"
        },
        {
            "AzimuthEnd": 356,
            "AzimuthMiddle": 83,
            "AzimuthStart": 156,
            "CPFSource": "44083_cpf_230214_5451.tjr",
            "CampaignTrack": false,
            "DateTimeEnd": "20230216.212014",
            "DateTimeMiddle": "20230216.211634",
            "DateTimeStart": "20230216.211314",
            "MaximumElevation": 59,
            "Object_NORAD": "44083",
            "Object_Name": "ASTROCSTP2",
            "Pass": "SE/NO-CW"
        },
        {
            "AzimuthEnd": 1,
            "AzimuthMiddle": 69,
            "AzimuthStart": 139,
            "CPFSource": "41335_cpf_230214_5451.tjr",
            "CampaignTrack": false,
            "DateTimeEnd": "20230216.212854",
            "DateTimeMiddle": "20230216.212344",
            "DateTimeStart": "20230216.211844",
            "MaximumElevation": 41,
            "Object_NORAD": "41335",
            "Object_Name": "SENTINEL3A",
            "Pass": "SE/NE-CCW"
        },
        {
            "AzimuthEnd": 338,
            "AzimuthMiddle": 256,
            "AzimuthStart": 183,
            "CPFSource": "43798_cpf_230214_5451.tjr",
            "CampaignTrack": false,
            "DateTimeEnd": "20230216.221934",
            "DateTimeMiddle": "20230216.221514",
            "DateTimeStart": "20230216.221114",
            "MaximumElevation": 51,
            "Object_NORAD": "43798",
            "Object_Name": "ASTROCSTP1",
            "Pass": "SO/NO-CW"
        },
        {
            "AzimuthEnd": 337,
            "AzimuthMiddle": 262,
            "AzimuthStart": 183,
            "CPFSource": "43437_cpf_230214_5451.tjr",
            "CampaignTrack": false,
            "DateTimeEnd": "20230216.223004",
            "DateTimeMiddle": "20230216.222444",
            "DateTimeStart": "20230216.221924",
            "MaximumElevation": 51,
            "Object_NORAD": "43437",
            "Object_Name": "SENTINEL3B",
            "Pass": "SO/NO-CW"
        },
        {
            "AzimuthEnd": 148,
            "AzimuthMiddle": 96,
            "AzimuthStart": 44,
            "CPFSource": "51288_cpf_230214_5451.tjr",
            "CampaignTrack": false,
            "DateTimeEnd": "20230216.224634",
            "DateTimeMiddle": "20230216.224324",
            "DateTimeStart": "20230216.224014",
            "MaximumElevation": 21,
            "Object_NORAD": "51288",
            "Object_Name": "ELSAD-C",
            "Pass": "NE/SE-CW"
        },
        {
            "AzimuthEnd": 159,
            "AzimuthMiddle": 96,
            "AzimuthStart": 35,
            "CPFSource": "47944_cpf_230214_5451.tjr",
            "CampaignTrack": false,
            "DateTimeEnd": "20230216.225814",
            "DateTimeMiddle": "20230216.225434",
            "DateTimeStart": "20230216.225104",
            "MaximumElevation": 28,
            "Object_NORAD": "47944",
            "Object_Name": "ELSAD",
            "Pass": "NE/SE-CW"
        },
        {
            "AzimuthEnd": 318,
            "AzimuthMiddle": 266,
            "AzimuthStart": 215,
            "CPFSource": "41335_cpf_230214_5451.tjr",
            "CampaignTrack": false,
            "DateTimeEnd": "20230216.230754",
            "DateTimeMiddle": "20230216.230334",
            "DateTimeStart": "20230216.225924",
            "MaximumElevation": 21,
            "Object_NORAD": "41335",
            "Object_Name": "SENTINEL3A",
            "Pass": "SO/NO-CW"
        },
        {
            "AzimuthEnd": 4,
            "AzimuthMiddle": 78,
            "AzimuthStart": 176,
            "CPFSource": "39453_cpf_230214_5451.tjr",
            "CampaignTrack": false,
            "DateTimeEnd": "20230216.234924",
            "DateTimeMiddle": "20230216.234544",
            "DateTimeStart": "20230216.234204",
            "MaximumElevation": 77,
            "Object_NORAD": "39453",
            "Object_Name": "SWARMC",
            "Pass": "SE/NE-CCW"
        },
        {
            "AzimuthEnd": 6,
            "AzimuthMiddle": 90,
            "AzimuthStart": 171,
            "CPFSource": "39452_cpf_230214_5451.tjr",
            "CampaignTrack": false,
            "DateTimeEnd": "20230216.234924",
            "DateTimeMiddle": "20230216.234544",
            "DateTimeStart": "20230216.234214",
            "MaximumElevation": 66,
            "Object_NORAD": "39452",
            "Object_Name": "SWARMA",
            "Pass": "SE/NE-CCW"
        }
    ]
}
