{
    "CreationDateTime": "20230301.104124",
    "PredictionsArray": [
        {
            "AzimuthEnd": 64,
            "AzimuthMiddle": 354,
            "AzimuthStart": 273,
            "CPFSource": "39380_cpf_230301_5601.tjr",
            "CampaignTrack": false,
            "DateTimeEnd": "20230301.120746",
            "DateTimeMiddle": "20230301.120506",
            "DateTimeStart": "20230301.120226",
            "MaximumElevation": 42,
            "Object_NORAD": "39380",
            "Object_Name": "STPSAT3",
            "Pass": "NO/NE-CW"
        },
        {
            "AzimuthEnd": 111,
            "AzimuthMiddle": 223,
            "AzimuthStart": 290,
            "CPFSource": "39380_cpf_230301_5601.tjr",
            "CampaignTrack": false,
            "DateTimeEnd": "20230301.151756",
            "DateTimeMiddle": "20230301.151506",
            "DateTimeStart": "20230301.151226",
            "MaximumElevation": 89,
            "Object_NORAD": "39380",
            "Object_Name": "STPSAT3",
            "Pass": "NO/SE-CCW"
        },
        {
            "AzimuthEnd": 125,
            "AzimuthMiddle": 45,
            "AzimuthStart": 316,
            "CPFSource": "45265_cpf_230301_5601.tjr",
            "CampaignTrack": false,
            "DateTimeEnd": "20230302.035735",
            "DateTimeMiddle": "20230302.035505",
            "DateTimeStart": "20230302.035235",
            "MaximumElevation": 66,
            "Object_NORAD": "45265",
            "Object_Name": "OBJECTA",
            "Pass": "NO/SE-CW"
        },
        {
            "AzimuthEnd": 198,
            "AzimuthMiddle": 264,
            "AzimuthStart": 7,
            "CPFSource": "44208_cpf_230301_5601.tjr",
            "CampaignTrack": false,
            "DateTimeEnd": "20230302.075215",
            "DateTimeMiddle": "20230302.074945",
            "DateTimeStart": "20230302.074715",
            "MaximumElevation": 70,
            "Object_NORAD": "44208",
            "Object_Name": "CZ4C",
            "Pass": "NE/SO-CW"
        },
        {
            "AzimuthEnd": 72,
            "AzimuthMiddle": 136,
            "AzimuthStart": 243,
            "CPFSource": "39380_cpf_230301_5601.tjr",
            "CampaignTrack": false,
            "DateTimeEnd": "20230302.103715",
            "DateTimeMiddle": "20230302.103435",
            "DateTimeStart": "20230302.103155",
            "MaximumElevation": 72,
            "Object_NORAD": "39380",
            "Object_Name": "STPSAT3",
            "Pass": "SO/NE-CCW"
        },
        {
            "AzimuthEnd": 130,
            "AzimuthMiddle": 208,
            "AzimuthStart": 280,
            "CPFSource": "39380_cpf_230301_5601.tjr",
            "CampaignTrack": false,
            "DateTimeEnd": "20230302.152145",
            "DateTimeMiddle": "20230302.151905",
            "DateTimeStart": "20230302.151635",
            "MaximumElevation": 43,
            "Object_NORAD": "39380",
            "Object_Name": "STPSAT3",
            "Pass": "NO/SE-CCW"
        },
        {
            "AzimuthEnd": 145,
            "AzimuthMiddle": 221,
            "AzimuthStart": 301,
            "CPFSource": "45265_cpf_230301_5601.tjr",
            "CampaignTrack": false,
            "DateTimeEnd": "20230303.035455",
            "DateTimeMiddle": "20230303.035225",
            "DateTimeStart": "20230303.035005",
            "MaximumElevation": 50,
            "Object_NORAD": "45265",
            "Object_Name": "OBJECTA",
            "Pass": "NO/SE-CCW"
        },
        {
            "AzimuthEnd": 203,
            "AzimuthMiddle": 275,
            "AzimuthStart": 3,
            "CPFSource": "44208_cpf_230301_5601.tjr",
            "CampaignTrack": false,
            "DateTimeEnd": "20230303.075655",
            "DateTimeMiddle": "20230303.075425",
            "DateTimeStart": "20230303.075155",
            "MaximumElevation": 54,
            "Object_NORAD": "44208",
            "Object_Name": "CZ4C",
            "Pass": "NE/SO-CW"
        },
        {
            "AzimuthEnd": 66,
            "AzimuthMiddle": 356,
            "AzimuthStart": 261,
            "CPFSource": "39380_cpf_230301_5601.tjr",
            "CampaignTrack": false,
            "DateTimeEnd": "20230303.104005",
            "DateTimeMiddle": "20230303.103725",
            "DateTimeStart": "20230303.103455",
            "MaximumElevation": 60,
            "Object_NORAD": "39380",
            "Object_Name": "STPSAT3",
            "Pass": "SO/NE-CW"
        },
        {
            "AzimuthEnd": 97,
            "AzimuthMiddle": 21,
            "AzimuthStart": 296,
            "CPFSource": "39380_cpf_230301_5601.tjr",
            "CampaignTrack": false,
            "DateTimeEnd": "20230303.134945",
            "DateTimeMiddle": "20230303.134705",
            "DateTimeStart": "20230303.134435",
            "MaximumElevation": 55,
            "Object_NORAD": "39380",
            "Object_Name": "STPSAT3",
            "Pass": "NO/SE-CW"
        },
        {
            "AzimuthEnd": 53,
            "AzimuthMiddle": 120,
            "AzimuthStart": 221,
            "CPFSource": "45265_cpf_230301_5601.tjr",
            "CampaignTrack": false,
            "DateTimeEnd": "20230303.200055",
            "DateTimeMiddle": "20230303.195825",
            "DateTimeStart": "20230303.195555",
            "MaximumElevation": 67,
            "Object_NORAD": "45265",
            "Object_Name": "OBJECTA",
            "Pass": "SO/NE-CCW"
        }
    ]
}
