{
    "CreationDateTime": "20220216.132010",
    "PredictionsArray": [
        {
            "AzimuthEnd": 139,
            "AzimuthMiddle": 52,
            "AzimuthStart": 356,
            "CPFSource": "22195_cpf_220215_5460.sdg",
            "CampaignTrack": false,
            "DateTimeEnd": "20220216.131826",
            "DateTimeMiddle": "20220216.124526",
            "DateTimeStart": "20220216.124516",
            "MaximumElevation": 89,
            "Object_NORAD": "22195",
            "Object_Name": "LAGEOS2",
            "Pass": "NO/SE-CW"
        },
        {
            "AzimuthEnd": 134,
            "AzimuthMiddle": 86,
            "AzimuthStart": 83,
            "CPFSource": "46984_cpf_220215_5460.sdg",
            "CampaignTrack": false,
            "DateTimeEnd": "20220216.125236",
            "DateTimeMiddle": "20220216.124526",
            "DateTimeStart": "20220216.124516",
            "MaximumElevation": 51,
            "Object_NORAD": "46984",
            "Object_Name": "SENTINEL6A",
            "Pass": "NE/SE-CW"
        },
        {
            "AzimuthEnd": 334,
            "AzimuthMiddle": 347,
            "AzimuthStart": 347,
            "CPFSource": "8820_cpf_220215_5460.sdg",
            "CampaignTrack": false,
            "DateTimeEnd": "20220216.130256",
            "DateTimeMiddle": "20220216.124526",
            "DateTimeStart": "20220216.124516",
            "MaximumElevation": 47,
            "Object_NORAD": "8820",
            "Object_Name": "LAGEOS1",
            "Pass": "NO/NO-CCW"
        },
        {
            "AzimuthEnd": 76,
            "AzimuthMiddle": 14,
            "AzimuthStart": 312,
            "CPFSource": "7646_cpf_220215_5460.sdg",
            "CampaignTrack": false,
            "DateTimeEnd": "20220216.130836",
            "DateTimeMiddle": "20220216.130226",
            "DateTimeStart": "20220216.125556",
            "MaximumElevation": 31,
            "Object_NORAD": "7646",
            "Object_Name": "STARLETTE",
            "Pass": "NO/NE-CW"
        },
        {
            "AzimuthEnd": 71,
            "AzimuthMiddle": 123,
            "AzimuthStart": 176,
            "CPFSource": "16908_cpf_220215_5460.sdg",
            "CampaignTrack": false,
            "DateTimeEnd": "20220216.131926",
            "DateTimeMiddle": "20220216.131206",
            "DateTimeStart": "20220216.130446",
            "MaximumElevation": 25,
            "Object_NORAD": "16908",
            "Object_Name": "AJISAI",
            "Pass": "SE/NE-CCW"
        },
        {
            "AzimuthEnd": 75,
            "AzimuthMiddle": 143,
            "AzimuthStart": 212,
            "CPFSource": "1328_cpf_220215_5460.sdg",
            "CampaignTrack": false,
            "DateTimeEnd": "20220216.131946",
            "DateTimeMiddle": "20220216.131306",
            "DateTimeStart": "20220216.130706",
            "MaximumElevation": 40,
            "Object_NORAD": "1328",
            "Object_Name": "EXPLORER27",
            "Pass": "SO/NE-CCW"
        },
        {
            "AzimuthEnd": 195,
            "AzimuthMiddle": 255,
            "AzimuthStart": 312,
            "CPFSource": "46984_cpf_220215_5460.sdg",
            "CampaignTrack": false,
            "DateTimeEnd": "20220216.144656",
            "DateTimeMiddle": "20220216.143936",
            "DateTimeStart": "20220216.143236",
            "MaximumElevation": 30,
            "Object_NORAD": "46984",
            "Object_Name": "SENTINEL6A",
            "Pass": "NO/SO-CCW"
        },
        {
            "AzimuthEnd": 120,
            "AzimuthMiddle": 32,
            "AzimuthStart": 310,
            "CPFSource": "7646_cpf_220215_5460.sdg",
            "CampaignTrack": false,
            "DateTimeEnd": "20220216.145916",
            "DateTimeMiddle": "20220216.145236",
            "DateTimeStart": "20220216.144536",
            "MaximumElevation": 72,
            "Object_NORAD": "7646",
            "Object_Name": "STARLETTE",
            "Pass": "NO/SE-CW"
        },
        {
            "AzimuthEnd": 69,
            "AzimuthMiddle": 334,
            "AzimuthStart": 255,
            "CPFSource": "1328_cpf_220215_5460.sdg",
            "CampaignTrack": false,
            "DateTimeEnd": "20220216.151406",
            "DateTimeMiddle": "20220216.150626",
            "DateTimeStart": "20220216.145946",
            "MaximumElevation": 78,
            "Object_NORAD": "1328",
            "Object_Name": "EXPLORER27",
            "Pass": "SO/NE-CW"
        },
        {
            "AzimuthEnd": 52,
            "AzimuthMiddle": 231,
            "AzimuthStart": 229,
            "CPFSource": "16908_cpf_220215_5460.sdg",
            "CampaignTrack": false,
            "DateTimeEnd": "20220216.152226",
            "DateTimeMiddle": "20220216.151256",
            "DateTimeStart": "20220216.150336",
            "MaximumElevation": 89,
            "Object_NORAD": "16908",
            "Object_Name": "AJISAI",
            "Pass": "SO/NE-CW"
        },
        {
            "AzimuthEnd": 210,
            "AzimuthMiddle": 283,
            "AzimuthStart": 1,
            "CPFSource": "27944_cpf_220215_5460.sdg",
            "CampaignTrack": false,
            "DateTimeEnd": "20220216.151846",
            "DateTimeMiddle": "20220216.151406",
            "DateTimeStart": "20220216.150926",
            "MaximumElevation": 51,
            "Object_NORAD": "27944",
            "Object_Name": "LARETS",
            "Pass": "NE/SO-CW"
        },
        {
            "AzimuthEnd": 230,
            "AzimuthMiddle": 286,
            "AzimuthStart": 345,
            "CPFSource": "48900_cpf_220215_5460.sdg",
            "CampaignTrack": false,
            "DateTimeEnd": "20220216.153826",
            "DateTimeMiddle": "20220216.153506",
            "DateTimeStart": "20220216.153146",
            "MaximumElevation": 24,
            "Object_NORAD": "48900",
            "Object_Name": "TUBIN",
            "Pass": "NO/SO-CCW"
        },
        {
            "AzimuthEnd": 323,
            "AzimuthMiddle": 259,
            "AzimuthStart": 198,
            "CPFSource": "8820_cpf_220215_5460.sdg",
            "CampaignTrack": false,
            "DateTimeEnd": "20220216.163356",
            "DateTimeMiddle": "20220216.160746",
            "DateTimeStart": "20220216.154306",
            "MaximumElevation": 32,
            "Object_NORAD": "8820",
            "Object_Name": "LAGEOS1",
            "Pass": "SO/NO-CW"
        },
        {
            "AzimuthEnd": 212,
            "AzimuthMiddle": 257,
            "AzimuthStart": 299,
            "CPFSource": "22195_cpf_220215_5460.sdg",
            "CampaignTrack": false,
            "DateTimeEnd": "20220216.170256",
            "DateTimeMiddle": "20220216.164136",
            "DateTimeStart": "20220216.162036",
            "MaximumElevation": 21,
            "Object_NORAD": "22195",
            "Object_Name": "LAGEOS2",
            "Pass": "NO/SO-CCW"
        },
        {
            "AzimuthEnd": 13,
            "AzimuthMiddle": 63,
            "AzimuthStart": 111,
            "CPFSource": "37781_cpf_220215_5460.sdg",
            "CampaignTrack": false,
            "DateTimeEnd": "20220216.164116",
            "DateTimeMiddle": "20220216.163626",
            "DateTimeStart": "20220216.163146",
            "MaximumElevation": 21,
            "Object_NORAD": "37781",
            "Object_Name": "HAIYANG2A",
            "Pass": "SE/NE-CCW"
        },
        {
            "AzimuthEnd": 175,
            "AzimuthMiddle": 233,
            "AzimuthStart": 289,
            "CPFSource": "7646_cpf_220215_5460.sdg",
            "CampaignTrack": false,
            "DateTimeEnd": "20220216.164646",
            "DateTimeMiddle": "20220216.164116",
            "DateTimeStart": "20220216.163536",
            "MaximumElevation": 27,
            "Object_NORAD": "7646",
            "Object_Name": "STARLETTE",
            "Pass": "NO/SE-CCW"
        },
        {
            "AzimuthEnd": 82,
            "AzimuthMiddle": 1,
            "AzimuthStart": 282,
            "CPFSource": "1328_cpf_220215_5460.sdg",
            "CampaignTrack": false,
            "DateTimeEnd": "20220216.170846",
            "DateTimeMiddle": "20220216.170046",
            "DateTimeStart": "20220216.165346",
            "MaximumElevation": 59,
            "Object_NORAD": "1328",
            "Object_Name": "EXPLORER27",
            "Pass": "NO/NE-CW"
        },
        {
            "AzimuthEnd": 52,
            "AzimuthMiddle": 343,
            "AzimuthStart": 273,
            "CPFSource": "16908_cpf_220215_5460.sdg",
            "CampaignTrack": false,
            "DateTimeEnd": "20220216.172436",
            "DateTimeMiddle": "20220216.171546",
            "DateTimeStart": "20220216.170706",
            "MaximumElevation": 40,
            "Object_NORAD": "16908",
            "Object_Name": "AJISAI",
            "Pass": "NO/NE-CW"
        },
        {
            "AzimuthEnd": 178,
            "AzimuthMiddle": 90,
            "AzimuthStart": 9,
            "CPFSource": "43613_cpf_220215_5460.sdg",
            "CampaignTrack": false,
            "DateTimeEnd": "20220216.174236",
            "DateTimeMiddle": "20220216.173846",
            "DateTimeStart": "20220216.173506",
            "MaximumElevation": 69,
            "Object_NORAD": "43613",
            "Object_Name": "ICESAT2",
            "Pass": "NE/SE-CW"
        },
        {
            "AzimuthEnd": 356,
            "AzimuthMiddle": 73,
            "AzimuthStart": 145,
            "CPFSource": "41579_cpf_220215_5460.sdg",
            "CampaignTrack": false,
            "DateTimeEnd": "20220216.175816",
            "DateTimeMiddle": "20220216.175206",
            "DateTimeStart": "20220216.174616",
            "MaximumElevation": 50,
            "Object_NORAD": "41579",
            "Object_Name": "COSMOS2517",
            "Pass": "SE/NO-CW"
        },
        {
            "AzimuthEnd": 346,
            "AzimuthMiddle": 74,
            "AzimuthStart": 163,
            "CPFSource": "43655_cpf_220215_5460.sdg",
            "CampaignTrack": false,
            "DateTimeEnd": "20220216.180706",
            "DateTimeMiddle": "20220216.180046",
            "DateTimeStart": "20220216.175436",
            "MaximumElevation": 87,
            "Object_NORAD": "43655",
            "Object_Name": "HAIYANG2B",
            "Pass": "SE/NO-CW"
        },
        {
            "AzimuthEnd": 355,
            "AzimuthMiddle": 68,
            "AzimuthStart": 149,
            "CPFSource": "22824_cpf_220215_5460.sdg",
            "CampaignTrack": false,
            "DateTimeEnd": "20220216.181706",
            "DateTimeMiddle": "20220216.181146",
            "DateTimeStart": "20220216.180626",
            "MaximumElevation": 55,
            "Object_NORAD": "22824",
            "Object_Name": "STELLA",
            "Pass": "SE/NO-CW"
        },
        {
            "AzimuthEnd": 337,
            "AzimuthMiddle": 262,
            "AzimuthStart": 181,
            "CPFSource": "37781_cpf_220215_5460.sdg",
            "CampaignTrack": false,
            "DateTimeEnd": "20220216.182516",
            "DateTimeMiddle": "20220216.181906",
            "DateTimeStart": "20220216.181256",
            "MaximumElevation": 54,
            "Object_NORAD": "37781",
            "Object_Name": "HAIYANG2A",
            "Pass": "SO/NO-CW"
        },
        {
            "AzimuthEnd": 336,
            "AzimuthMiddle": 260,
            "AzimuthStart": 185,
            "CPFSource": "36605_cpf_220215_5460.sdg",
            "CampaignTrack": false,
            "DateTimeEnd": "20220216.182806",
            "DateTimeMiddle": "20220216.182416",
            "DateTimeStart": "20220216.182036",
            "MaximumElevation": 45,
            "Object_NORAD": "36605",
            "Object_Name": "TANDEMX",
            "Pass": "SO/NO-CW"
        },
        {
            "AzimuthEnd": 336,
            "AzimuthMiddle": 258,
            "AzimuthStart": 185,
            "CPFSource": "31698_cpf_220215_5460.sdg",
            "CampaignTrack": false,
            "DateTimeEnd": "20220216.182806",
            "DateTimeMiddle": "20220216.182416",
            "DateTimeStart": "20220216.182036",
            "MaximumElevation": 45,
            "Object_NORAD": "31698",
            "Object_Name": "TERRASARX",
            "Pass": "SO/NO-CW"
        },
        {
            "AzimuthEnd": 354,
            "AzimuthMiddle": 257,
            "AzimuthStart": 183,
            "CPFSource": "43476_cpf_220215_5460.sdg",
            "CampaignTrack": false,
            "DateTimeEnd": "20220216.183046",
            "DateTimeMiddle": "20220216.182646",
            "DateTimeStart": "20220216.182306",
            "MaximumElevation": 71,
            "Object_NORAD": "43476",
            "Object_Name": "GRACEFO1",
            "Pass": "SO/NO-CW"
        },
        {
            "AzimuthEnd": 354,
            "AzimuthMiddle": 266,
            "AzimuthStart": 184,
            "CPFSource": "43477_cpf_220215_5460.sdg",
            "CampaignTrack": false,
            "DateTimeEnd": "20220216.183106",
            "DateTimeMiddle": "20220216.182716",
            "DateTimeStart": "20220216.182336",
            "MaximumElevation": 71,
            "Object_NORAD": "43477",
            "Object_Name": "GRACEFO2",
            "Pass": "SO/NO-CW"
        },
        {
            "AzimuthEnd": 111,
            "AzimuthMiddle": 5,
            "AzimuthStart": 291,
            "CPFSource": "1328_cpf_220215_5460.sdg",
            "CampaignTrack": false,
            "DateTimeEnd": "20220216.190336",
            "DateTimeMiddle": "20220216.185506",
            "DateTimeStart": "20220216.184736",
            "MaximumElevation": 87,
            "Object_NORAD": "1328",
            "Object_Name": "EXPLORER27",
            "Pass": "NO/SE-CW"
        },
        {
            "AzimuthEnd": 74,
            "AzimuthMiddle": 7,
            "AzimuthStart": 303,
            "CPFSource": "16908_cpf_220215_5460.sdg",
            "CampaignTrack": false,
            "DateTimeEnd": "20220216.192816",
            "DateTimeMiddle": "20220216.191936",
            "DateTimeStart": "20220216.191116",
            "MaximumElevation": 35,
            "Object_NORAD": "16908",
            "Object_Name": "AJISAI",
            "Pass": "NO/NE-CW"
        },
        {
            "AzimuthEnd": 316,
            "AzimuthMiddle": 265,
            "AzimuthStart": 217,
            "CPFSource": "41579_cpf_220215_5460.sdg",
            "CampaignTrack": false,
            "DateTimeEnd": "20220216.193946",
            "DateTimeMiddle": "20220216.193456",
            "DateTimeStart": "20220216.193026",
            "MaximumElevation": 21,
            "Object_NORAD": "41579",
            "Object_Name": "COSMOS2517",
            "Pass": "SO/NO-CW"
        },
        {
            "AzimuthEnd": 148,
            "AzimuthMiddle": 95,
            "AzimuthStart": 42,
            "CPFSource": "42829_cpf_220215_5460.sdg",
            "CampaignTrack": false,
            "DateTimeEnd": "20220216.200736",
            "DateTimeMiddle": "20220216.200406",
            "DateTimeStart": "20220216.200036",
            "MaximumElevation": 21,
            "Object_NORAD": "42829",
            "Object_Name": "TECHNOSAT",
            "Pass": "NE/SE-CW"
        },
        {
            "AzimuthEnd": 151,
            "AzimuthMiddle": 217,
            "AzimuthStart": 282,
            "CPFSource": "1328_cpf_220215_5460.sdg",
            "CampaignTrack": false,
            "DateTimeEnd": "20220216.205635",
            "DateTimeMiddle": "20220216.204845",
            "DateTimeStart": "20220216.204135",
            "MaximumElevation": 38,
            "Object_NORAD": "1328",
            "Object_Name": "EXPLORER27",
            "Pass": "NO/SE-CCW"
        },
        {
            "AzimuthEnd": 5,
            "AzimuthMiddle": 72,
            "AzimuthStart": 140,
            "CPFSource": "44083_cpf_220215_5460.sdg",
            "CampaignTrack": false,
            "DateTimeEnd": "20220216.210725",
            "DateTimeMiddle": "20220216.210345",
            "DateTimeStart": "20220216.210015",
            "MaximumElevation": 34,
            "Object_NORAD": "44083",
            "Object_Name": "ASTROCSTP2",
            "Pass": "SE/NE-CCW"
        },
        {
            "AzimuthEnd": 115,
            "AzimuthMiddle": 31,
            "AzimuthStart": 309,
            "CPFSource": "16908_cpf_220215_5460.sdg",
            "CampaignTrack": false,
            "DateTimeEnd": "20220216.213215",
            "DateTimeMiddle": "20220216.212255",
            "DateTimeStart": "20220216.211345",
            "MaximumElevation": 66,
            "Object_NORAD": "16908",
            "Object_Name": "AJISAI",
            "Pass": "NO/SE-CW"
        },
        {
            "AzimuthEnd": 6,
            "AzimuthMiddle": 74,
            "AzimuthStart": 138,
            "CPFSource": "43798_cpf_220215_5460.sdg",
            "CampaignTrack": false,
            "DateTimeEnd": "20220216.214135",
            "DateTimeMiddle": "20220216.213735",
            "DateTimeStart": "20220216.213345",
            "MaximumElevation": 34,
            "Object_NORAD": "43798",
            "Object_Name": "ASTROCSTP1",
            "Pass": "SE/NE-CCW"
        },
        {
            "AzimuthEnd": 229,
            "AzimuthMiddle": 288,
            "AzimuthStart": 346,
            "CPFSource": "42829_cpf_220215_5460.sdg",
            "CampaignTrack": false,
            "DateTimeEnd": "20220216.214325",
            "DateTimeMiddle": "20220216.213935",
            "DateTimeStart": "20220216.213555",
            "MaximumElevation": 26,
            "Object_NORAD": "42829",
            "Object_Name": "TECHNOSAT",
            "Pass": "NO/SO-CCW"
        },
        {
            "AzimuthEnd": 351,
            "AzimuthMiddle": 69,
            "AzimuthStart": 157,
            "CPFSource": "43437_cpf_220215_5460.sdg",
            "CampaignTrack": false,
            "DateTimeEnd": "20220216.215305",
            "DateTimeMiddle": "20220216.214735",
            "DateTimeStart": "20220216.214215",
            "MaximumElevation": 69,
            "Object_NORAD": "43437",
            "Object_Name": "SENTINEL3B",
            "Pass": "SE/NO-CW"
        },
        {
            "AzimuthEnd": 336,
            "AzimuthMiddle": 257,
            "AzimuthStart": 184,
            "CPFSource": "41335_cpf_220215_5460.sdg",
            "CampaignTrack": false,
            "DateTimeEnd": "20220216.223155",
            "DateTimeMiddle": "20220216.222625",
            "DateTimeStart": "20220216.222115",
            "MaximumElevation": 48,
            "Object_NORAD": "41335",
            "Object_Name": "SENTINEL3A",
            "Pass": "SO/NO-CW"
        },
        {
            "AzimuthEnd": 163,
            "AzimuthMiddle": 231,
            "AzimuthStart": 297,
            "CPFSource": "16908_cpf_220215_5460.sdg",
            "CampaignTrack": false,
            "DateTimeEnd": "20220216.233305",
            "DateTimeMiddle": "20220216.232425",
            "DateTimeStart": "20220216.231555",
            "MaximumElevation": 41,
            "Object_NORAD": "16908",
            "Object_Name": "AJISAI",
            "Pass": "NO/SE-CCW"
        },
        {
            "AzimuthEnd": 179,
            "AzimuthMiddle": 96,
            "AzimuthStart": 20,
            "CPFSource": "43186_cpf_220215_5460.sdg",
            "CampaignTrack": false,
            "DateTimeEnd": "20220216.235215",
            "DateTimeMiddle": "20220216.234755",
            "DateTimeStart": "20220216.234345",
            "MaximumElevation": 56,
            "Object_NORAD": "43186",
            "Object_Name": "SNETD",
            "Pass": "NE/SE-CW"
        },
        {
            "AzimuthEnd": 180,
            "AzimuthMiddle": 105,
            "AzimuthStart": 20,
            "CPFSource": "43187_cpf_220215_5460.sdg",
            "CampaignTrack": false,
            "DateTimeEnd": "20220216.235215",
            "DateTimeMiddle": "20220216.234805",
            "DateTimeStart": "20220216.234355",
            "MaximumElevation": 56,
            "Object_NORAD": "43187",
            "Object_Name": "SNETB",
            "Pass": "NE/S-CW"
        },
        {
            "AzimuthEnd": 180,
            "AzimuthMiddle": 94,
            "AzimuthStart": 20,
            "CPFSource": "43188_cpf_220215_5460.sdg",
            "CampaignTrack": false,
            "DateTimeEnd": "20220216.235235",
            "DateTimeMiddle": "20220216.234815",
            "DateTimeStart": "20220216.234405",
            "MaximumElevation": 56,
            "Object_NORAD": "43188",
            "Object_Name": "SNETA",
            "Pass": "NE/S-CW"
        },
        {
            "AzimuthEnd": 181,
            "AzimuthMiddle": 97,
            "AzimuthStart": 19,
            "CPFSource": "43189_cpf_220215_5460.sdg",
            "CampaignTrack": false,
            "DateTimeEnd": "20220216.235325",
            "DateTimeMiddle": "20220216.234905",
            "DateTimeStart": "20220216.234455",
            "MaximumElevation": 58,
            "Object_NORAD": "43189",
            "Object_Name": "SNETC",
            "Pass": "NE/SO-CW"
        },
        {
            "AzimuthEnd": 207,
            "AzimuthMiddle": 287,
            "AzimuthStart": 2,
            "CPFSource": "47944_cpf_220215_5460.sdg",
            "CampaignTrack": false,
            "DateTimeEnd": "20220217.000115",
            "DateTimeMiddle": "20220216.235715",
            "DateTimeStart": "20220216.235325",
            "MaximumElevation": 53,
            "Object_NORAD": "47944",
            "Object_Name": "ELSAD",
            "Pass": "NE/SO-CW"
        },
        {
            "AzimuthEnd": 165,
            "AzimuthMiddle": 102,
            "AzimuthStart": 35,
            "CPFSource": "8820_cpf_220215_5460.sdg",
            "CampaignTrack": false,
            "DateTimeEnd": "20220217.012335",
            "DateTimeMiddle": "20220217.005755",
            "DateTimeStart": "20220217.003105",
            "MaximumElevation": 35,
            "Object_NORAD": "8820",
            "Object_Name": "LAGEOS1",
            "Pass": "NE/SE-CW"
        },
        {
            "AzimuthEnd": 50,
            "AzimuthMiddle": 110,
            "AzimuthStart": 174,
            "CPFSource": "22195_cpf_220215_5460.sdg",
            "CampaignTrack": false,
            "DateTimeEnd": "20220217.030125",
            "DateTimeMiddle": "20220217.023145",
            "DateTimeStart": "20220217.020135",
            "MaximumElevation": 40,
            "Object_NORAD": "22195",
            "Object_Name": "LAGEOS2",
            "Pass": "SE/NE-CCW"
        },
        {
            "AzimuthEnd": 342,
            "AzimuthMiddle": 263,
            "AzimuthStart": 174,
            "CPFSource": "27944_cpf_220215_5460.sdg",
            "CampaignTrack": false,
            "DateTimeEnd": "20220217.021915",
            "DateTimeMiddle": "20220217.021425",
            "DateTimeStart": "20220217.020935",
            "MaximumElevation": 67,
            "Object_NORAD": "27944",
            "Object_Name": "LARETS",
            "Pass": "SE/NO-CW"
        },
        {
            "AzimuthEnd": 345,
            "AzimuthMiddle": 253,
            "AzimuthStart": 172,
            "CPFSource": "48900_cpf_220215_5460.sdg",
            "CampaignTrack": false,
            "DateTimeEnd": "20220217.021815",
            "DateTimeMiddle": "20220217.021405",
            "DateTimeStart": "20220217.021015",
            "MaximumElevation": 76,
            "Object_NORAD": "48900",
            "Object_Name": "TUBIN",
            "Pass": "SE/NO-CW"
        },
        {
            "AzimuthEnd": 36,
            "AzimuthMiddle": 113,
            "AzimuthStart": 187,
            "CPFSource": "46984_cpf_220215_5460.sdg",
            "CampaignTrack": false,
            "DateTimeEnd": "20220217.032115",
            "DateTimeMiddle": "20220217.031255",
            "DateTimeStart": "20220217.030455",
            "MaximumElevation": 56,
            "Object_NORAD": "46984",
            "Object_Name": "SENTINEL6A",
            "Pass": "SO/NE-CCW"
        },
        {
            "AzimuthEnd": 233,
            "AzimuthMiddle": 310,
            "AzimuthStart": 25,
            "CPFSource": "8820_cpf_220215_5460.sdg",
            "CampaignTrack": false,
            "DateTimeEnd": "20220217.050015",
            "DateTimeMiddle": "20220217.043125",
            "DateTimeStart": "20220217.040235",
            "MaximumElevation": 67,
            "Object_NORAD": "8820",
            "Object_Name": "LAGEOS1",
            "Pass": "NE/SO-CW"
        },
        {
            "AzimuthEnd": 14,
            "AzimuthMiddle": 311,
            "AzimuthStart": 247,
            "CPFSource": "46984_cpf_220215_5460.sdg",
            "CampaignTrack": false,
            "DateTimeEnd": "20220217.051655",
            "DateTimeMiddle": "20220217.050915",
            "DateTimeStart": "20220217.050145",
            "MaximumElevation": 33,
            "Object_NORAD": "46984",
            "Object_Name": "SENTINEL6A",
            "Pass": "SO/NE-CW"
        },
        {
            "AzimuthEnd": 347,
            "AzimuthMiddle": 263,
            "AzimuthStart": 185,
            "CPFSource": "43613_cpf_220215_5460.sdg",
            "CampaignTrack": false,
            "DateTimeEnd": "20220217.054845",
            "DateTimeMiddle": "20220217.054455",
            "DateTimeStart": "20220217.054125",
            "MaximumElevation": 59,
            "Object_NORAD": "43613",
            "Object_Name": "ICESAT2",
            "Pass": "SO/NO-CW"
        },
        {
            "AzimuthEnd": 168,
            "AzimuthMiddle": 90,
            "AzimuthStart": 11,
            "CPFSource": "43476_cpf_220215_5460.sdg",
            "CampaignTrack": false,
            "DateTimeEnd": "20220217.060025",
            "DateTimeMiddle": "20220217.055635",
            "DateTimeStart": "20220217.055255",
            "MaximumElevation": 51,
            "Object_NORAD": "43476",
            "Object_Name": "GRACEFO1",
            "Pass": "NE/SE-CW"
        },
        {
            "AzimuthEnd": 168,
            "AzimuthMiddle": 94,
            "AzimuthStart": 11,
            "CPFSource": "43477_cpf_220215_5460.sdg",
            "CampaignTrack": false,
            "DateTimeEnd": "20220217.060045",
            "DateTimeMiddle": "20220217.055705",
            "DateTimeStart": "20220217.055325",
            "MaximumElevation": 52,
            "Object_NORAD": "43477",
            "Object_Name": "GRACEFO2",
            "Pass": "NE/SE-CW"
        },
        {
            "AzimuthEnd": 57,
            "AzimuthMiddle": 327,
            "AzimuthStart": 239,
            "CPFSource": "22195_cpf_220215_5460.sdg",
            "CampaignTrack": false,
            "DateTimeEnd": "20220217.070815",
            "DateTimeMiddle": "20220217.063305",
            "DateTimeStart": "20220217.055755",
            "MaximumElevation": 71,
            "Object_NORAD": "22195",
            "Object_Name": "LAGEOS2",
            "Pass": "SO/NE-CW"
        },
        {
            "AzimuthEnd": 151,
            "AzimuthMiddle": 95,
            "AzimuthStart": 41,
            "CPFSource": "22824_cpf_220215_5460.sdg",
            "CampaignTrack": false,
            "DateTimeEnd": "20220217.063245",
            "DateTimeMiddle": "20220217.062815",
            "DateTimeStart": "20220217.062355",
            "MaximumElevation": 24,
            "Object_NORAD": "22824",
            "Object_Name": "STELLA",
            "Pass": "NE/SE-CW"
        },
        {
            "AzimuthEnd": 164,
            "AzimuthMiddle": 98,
            "AzimuthStart": 31,
            "CPFSource": "41579_cpf_220215_5460.sdg",
            "CampaignTrack": false,
            "DateTimeEnd": "20220217.063615",
            "DateTimeMiddle": "20220217.063035",
            "DateTimeStart": "20220217.062455",
            "MaximumElevation": 35,
            "Object_NORAD": "41579",
            "Object_Name": "COSMOS2517",
            "Pass": "NE/SE-CW"
        },
        {
            "AzimuthEnd": 185,
            "AzimuthMiddle": 103,
            "AzimuthStart": 19,
            "CPFSource": "43655_cpf_220215_5460.sdg",
            "CampaignTrack": false,
            "DateTimeEnd": "20220217.064915",
            "DateTimeMiddle": "20220217.064255",
            "DateTimeStart": "20220217.063645",
            "MaximumElevation": 67,
            "Object_NORAD": "43655",
            "Object_Name": "HAIYANG2B",
            "Pass": "NE/SO-CW"
        },
        {
            "AzimuthEnd": 203,
            "AzimuthMiddle": 286,
            "AzimuthStart": 9,
            "CPFSource": "37781_cpf_220215_5460.sdg",
            "CampaignTrack": false,
            "DateTimeEnd": "20220217.070745",
            "DateTimeMiddle": "20220217.070125",
            "DateTimeStart": "20220217.065515",
            "MaximumElevation": 71,
            "Object_NORAD": "37781",
            "Object_Name": "HAIYANG2A",
            "Pass": "NE/SO-CW"
        },
        {
            "AzimuthEnd": 232,
            "AzimuthMiddle": 287,
            "AzimuthStart": 343,
            "CPFSource": "36605_cpf_220215_5460.sdg",
            "CampaignTrack": false,
            "DateTimeEnd": "20220217.073355",
            "DateTimeMiddle": "20220217.073045",
            "DateTimeStart": "20220217.072735",
            "MaximumElevation": 23,
            "Object_NORAD": "36605",
            "Object_Name": "TANDEMX",
            "Pass": "NO/SO-CCW"
        },
        {
            "AzimuthEnd": 231,
            "AzimuthMiddle": 288,
            "AzimuthStart": 344,
            "CPFSource": "31698_cpf_220215_5460.sdg",
            "CampaignTrack": false,
            "DateTimeEnd": "20220217.073405",
            "DateTimeMiddle": "20220217.073045",
            "DateTimeStart": "20220217.072735",
            "MaximumElevation": 23,
            "Object_NORAD": "31698",
            "Object_Name": "TERRASARX",
            "Pass": "NO/SO-CCW"
        },
        {
            "AzimuthEnd": 300,
            "AzimuthMiddle": 352,
            "AzimuthStart": 42,
            "CPFSource": "8820_cpf_220215_5460.sdg",
            "CampaignTrack": false,
            "DateTimeEnd": "20220217.081615",
            "DateTimeMiddle": "20220217.075355",
            "DateTimeStart": "20220217.073155",
            "MaximumElevation": 30,
            "Object_NORAD": "8820",
            "Object_Name": "LAGEOS1",
            "Pass": "NE/NO-CW"
        },
        {
            "AzimuthEnd": 54,
            "AzimuthMiddle": 132,
            "AzimuthStart": 222,
            "CPFSource": "7646_cpf_220215_5460.sdg",
            "CampaignTrack": false,
            "DateTimeEnd": "20220217.075805",
            "DateTimeMiddle": "20220217.075035",
            "DateTimeStart": "20220217.074315",
            "MaximumElevation": 76,
            "Object_NORAD": "7646",
            "Object_Name": "STARLETTE",
            "Pass": "SO/NE-CCW"
        },
        {
            "AzimuthEnd": 224,
            "AzimuthMiddle": 290,
            "AzimuthStart": 355,
            "CPFSource": "22824_cpf_220215_5460.sdg",
            "CampaignTrack": false,
            "DateTimeEnd": "20220217.081255",
            "DateTimeMiddle": "20220217.080755",
            "DateTimeStart": "20220217.080305",
            "MaximumElevation": 36,
            "Object_NORAD": "22824",
            "Object_Name": "STELLA",
            "Pass": "NO/SO-CCW"
        },
        {
            "AzimuthEnd": 232,
            "AzimuthMiddle": 293,
            "AzimuthStart": 353,
            "CPFSource": "41579_cpf_220215_5460.sdg",
            "CampaignTrack": false,
            "DateTimeEnd": "20220217.081815",
            "DateTimeMiddle": "20220217.081255",
            "DateTimeStart": "20220217.080735",
            "MaximumElevation": 30,
            "Object_NORAD": "41579",
            "Object_Name": "COSMOS2517",
            "Pass": "NO/SO-CCW"
        },
        {
            "AzimuthEnd": 339,
            "AzimuthMiddle": 258,
            "AzimuthStart": 181,
            "CPFSource": "42829_cpf_220215_5460.sdg",
            "CampaignTrack": false,
            "DateTimeEnd": "20220217.083205",
            "DateTimeMiddle": "20220217.082745",
            "DateTimeStart": "20220217.082335",
            "MaximumElevation": 55,
            "Object_NORAD": "42829",
            "Object_Name": "TECHNOSAT",
            "Pass": "SO/NO-CW"
        },
        {
            "AzimuthEnd": 47,
            "AzimuthMiddle": 338,
            "AzimuthStart": 268,
            "CPFSource": "7646_cpf_220215_5460.sdg",
            "CampaignTrack": false,
            "DateTimeEnd": "20220217.094725",
            "DateTimeMiddle": "20220217.094025",
            "DateTimeStart": "20220217.093325",
            "MaximumElevation": 39,
            "Object_NORAD": "7646",
            "Object_Name": "STARLETTE",
            "Pass": "SO/NE-CW"
        },
        {
            "AzimuthEnd": 160,
            "AzimuthMiddle": 98,
            "AzimuthStart": 33,
            "CPFSource": "43437_cpf_220215_5460.sdg",
            "CampaignTrack": false,
            "DateTimeEnd": "20220217.100925",
            "DateTimeMiddle": "20220217.100435",
            "DateTimeStart": "20220217.095945",
            "MaximumElevation": 31,
            "Object_NORAD": "43437",
            "Object_Name": "SENTINEL3B",
            "Pass": "NE/SE-CW"
        },
        {
            "AzimuthEnd": 185,
            "AzimuthMiddle": 103,
            "AzimuthStart": 16,
            "CPFSource": "44083_cpf_220215_5460.sdg",
            "CampaignTrack": false,
            "DateTimeEnd": "20220217.101125",
            "DateTimeMiddle": "20220217.100735",
            "DateTimeStart": "20220217.100355",
            "MaximumElevation": 68,
            "Object_NORAD": "44083",
            "Object_Name": "ASTROCSTP2",
            "Pass": "NE/SO-CW"
        },
        {
            "AzimuthEnd": 110,
            "AzimuthMiddle": 25,
            "AzimuthStart": 297,
            "CPFSource": "22195_cpf_220215_5460.sdg",
            "CampaignTrack": false,
            "DateTimeEnd": "20220217.112205",
            "DateTimeMiddle": "20220217.104835",
            "DateTimeStart": "20220217.101315",
            "MaximumElevation": 65,
            "Object_NORAD": "22195",
            "Object_Name": "LAGEOS2",
            "Pass": "NO/SE-CW"
        },
        {
            "AzimuthEnd": 12,
            "AzimuthMiddle": 70,
            "AzimuthStart": 127,
            "CPFSource": "43186_cpf_220215_5460.sdg",
            "CampaignTrack": false,
            "DateTimeEnd": "20220217.103715",
            "DateTimeMiddle": "20220217.103335",
            "DateTimeStart": "20220217.103005",
            "MaximumElevation": 24,
            "Object_NORAD": "43186",
            "Object_Name": "SNETD",
            "Pass": "SE/NE-CCW"
        },
        {
            "AzimuthEnd": 13,
            "AzimuthMiddle": 71,
            "AzimuthStart": 126,
            "CPFSource": "43187_cpf_220215_5460.sdg",
            "CampaignTrack": false,
            "DateTimeEnd": "20220217.103715",
            "DateTimeMiddle": "20220217.103335",
            "DateTimeStart": "20220217.103015",
            "MaximumElevation": 25,
            "Object_NORAD": "43187",
            "Object_Name": "SNETB",
            "Pass": "SE/NE-CCW"
        },
        {
            "AzimuthEnd": 12,
            "AzimuthMiddle": 71,
            "AzimuthStart": 127,
            "CPFSource": "43188_cpf_220215_5460.sdg",
            "CampaignTrack": false,
            "DateTimeEnd": "20220217.103735",
            "DateTimeMiddle": "20220217.103355",
            "DateTimeStart": "20220217.103025",
            "MaximumElevation": 25,
            "Object_NORAD": "43188",
            "Object_Name": "SNETA",
            "Pass": "SE/NE-CCW"
        },
        {
            "AzimuthEnd": 12,
            "AzimuthMiddle": 70,
            "AzimuthStart": 128,
            "CPFSource": "43189_cpf_220215_5460.sdg",
            "CampaignTrack": false,
            "DateTimeEnd": "20220217.103825",
            "DateTimeMiddle": "20220217.103445",
            "DateTimeStart": "20220217.103115",
            "MaximumElevation": 25,
            "Object_NORAD": "43189",
            "Object_Name": "SNETC",
            "Pass": "SE/NE-CCW"
        },
        {
            "AzimuthEnd": 357,
            "AzimuthMiddle": 74,
            "AzimuthStart": 152,
            "CPFSource": "47944_cpf_220215_5460.sdg",
            "CampaignTrack": false,
            "DateTimeEnd": "20220217.104305",
            "DateTimeMiddle": "20220217.103855",
            "DateTimeStart": "20220217.103455",
            "MaximumElevation": 52,
            "Object_NORAD": "47944",
            "Object_Name": "ELSAD",
            "Pass": "SE/NO-CW"
        },
        {
            "AzimuthEnd": 189,
            "AzimuthMiddle": 99,
            "AzimuthStart": 15,
            "CPFSource": "41335_cpf_220215_5460.sdg",
            "CampaignTrack": false,
            "DateTimeEnd": "20220217.104905",
            "DateTimeMiddle": "20220217.104335",
            "DateTimeStart": "20220217.103815",
            "MaximumElevation": 77,
            "Object_NORAD": "41335",
            "Object_Name": "SENTINEL3A",
            "Pass": "NE/SO-CW"
        },
        {
            "AzimuthEnd": 332,
            "AzimuthMiddle": 37,
            "AzimuthStart": 103,
            "CPFSource": "8820_cpf_220215_5460.sdg",
            "CampaignTrack": false,
            "DateTimeEnd": "20220217.114025",
            "DateTimeMiddle": "20220217.111345",
            "DateTimeStart": "20220217.104715",
            "MaximumElevation": 48,
            "Object_NORAD": "8820",
            "Object_Name": "LAGEOS1",
            "Pass": "SE/NO-CW"
        },
        {
            "AzimuthEnd": 192,
            "AzimuthMiddle": 181,
            "AzimuthStart": 11,
            "CPFSource": "43798_cpf_220215_5460.sdg",
            "CampaignTrack": false,
            "DateTimeEnd": "20220217.110015",
            "DateTimeMiddle": "20220217.105555",
            "DateTimeStart": "20220217.105135",
            "MaximumElevation": 86,
            "Object_NORAD": "43798",
            "Object_Name": "ASTROCSTP1",
            "Pass": "NE/SO-CW"
        },
        {
            "AzimuthEnd": 89,
            "AzimuthMiddle": 40,
            "AzimuthStart": 352,
            "CPFSource": "46984_cpf_220215_5460.sdg",
            "CampaignTrack": false,
            "DateTimeEnd": "20220217.111605",
            "DateTimeMiddle": "20220217.110945",
            "DateTimeStart": "20220217.110335",
            "MaximumElevation": 20,
            "Object_NORAD": "46984",
            "Object_Name": "SENTINEL6A",
            "Pass": "NO/NE-CW"
        },
        {
            "AzimuthEnd": 57,
            "AzimuthMiddle": 359,
            "AzimuthStart": 302,
            "CPFSource": "7646_cpf_220215_5460.sdg",
            "CampaignTrack": false,
            "DateTimeEnd": "20220217.113725",
            "DateTimeMiddle": "20220217.113115",
            "DateTimeStart": "20220217.112505",
            "MaximumElevation": 26,
            "Object_NORAD": "7646",
            "Object_Name": "STARLETTE",
            "Pass": "NO/NE-CW"
        },
        {
            "AzimuthEnd": 233,
            "AzimuthMiddle": 292,
            "AzimuthStart": 349,
            "CPFSource": "43437_cpf_220215_5460.sdg",
            "CampaignTrack": false,
            "DateTimeEnd": "20220217.114845",
            "DateTimeMiddle": "20220217.114405",
            "DateTimeStart": "20220217.113935",
            "MaximumElevation": 27,
            "Object_NORAD": "43437",
            "Object_Name": "SENTINEL3B",
            "Pass": "NO/SO-CCW"
        },
        {
            "AzimuthEnd": 317,
            "AzimuthMiddle": 265,
            "AzimuthStart": 212,
            "CPFSource": "43186_cpf_220215_5460.sdg",
            "CampaignTrack": false,
            "DateTimeEnd": "20220217.121205",
            "DateTimeMiddle": "20220217.120845",
            "DateTimeStart": "20220217.120525",
            "MaximumElevation": 20,
            "Object_NORAD": "43186",
            "Object_Name": "SNETD",
            "Pass": "SO/NO-CW"
        },
        {
            "AzimuthEnd": 318,
            "AzimuthMiddle": 264,
            "AzimuthStart": 214,
            "CPFSource": "43187_cpf_220215_5460.sdg",
            "CampaignTrack": false,
            "DateTimeEnd": "20220217.121215",
            "DateTimeMiddle": "20220217.120845",
            "DateTimeStart": "20220217.120535",
            "MaximumElevation": 20,
            "Object_NORAD": "43187",
            "Object_Name": "SNETB",
            "Pass": "SO/NO-CW"
        },
        {
            "AzimuthEnd": 318,
            "AzimuthMiddle": 264,
            "AzimuthStart": 214,
            "CPFSource": "43188_cpf_220215_5460.sdg",
            "CampaignTrack": false,
            "DateTimeEnd": "20220217.121235",
            "DateTimeMiddle": "20220217.120905",
            "DateTimeStart": "20220217.120555",
            "MaximumElevation": 20,
            "Object_NORAD": "43188",
            "Object_Name": "SNETA",
            "Pass": "SO/NO-CW"
        },
        {
            "AzimuthEnd": 316,
            "AzimuthMiddle": 265,
            "AzimuthStart": 215,
            "CPFSource": "43189_cpf_220215_5460.sdg",
            "CampaignTrack": false,
            "DateTimeEnd": "20220217.121315",
            "DateTimeMiddle": "20220217.120955",
            "DateTimeStart": "20220217.120645",
            "MaximumElevation": 20,
            "Object_NORAD": "43189",
            "Object_Name": "SNETC",
            "Pass": "SO/NO-CW"
        },
        {
            "AzimuthEnd": 80,
            "AzimuthMiddle": 141,
            "AzimuthStart": 201,
            "CPFSource": "1328_cpf_220215_5460.sdg",
            "CampaignTrack": false,
            "DateTimeEnd": "20220217.123455",
            "DateTimeMiddle": "20220217.122855",
            "DateTimeStart": "20220217.122325",
            "MaximumElevation": 30,
            "Object_NORAD": "1328",
            "Object_Name": "EXPLORER27",
            "Pass": "SO/NE-CCW"
        },
        {
            "AzimuthEnd": 152,
            "AzimuthMiddle": 62,
            "AzimuthStart": 332,
            "CPFSource": "46984_cpf_220215_5460.sdg",
            "CampaignTrack": false,
            "DateTimeEnd": "20220217.131525",
            "DateTimeMiddle": "20220217.130655",
            "DateTimeStart": "20220217.125825",
            "MaximumElevation": 86,
            "Object_NORAD": "46984",
            "Object_Name": "SENTINEL6A",
            "Pass": "NO/SE-CW"
        },
        {
            "AzimuthEnd": 91,
            "AzimuthMiddle": 20,
            "AzimuthStart": 313,
            "CPFSource": "7646_cpf_220215_5460.sdg",
            "CampaignTrack": false,
            "DateTimeEnd": "20220217.132845",
            "DateTimeMiddle": "20220217.132205",
            "DateTimeStart": "20220217.131525",
            "MaximumElevation": 39,
            "Object_NORAD": "7646",
            "Object_Name": "STARLETTE",
            "Pass": "NO/SE-CW"
        },
        {
            "AzimuthEnd": 164,
            "AzimuthMiddle": 95,
            "AzimuthStart": 31,
            "CPFSource": "27944_cpf_220215_5460.sdg",
            "CampaignTrack": false,
            "DateTimeEnd": "20220217.141755",
            "DateTimeMiddle": "20220217.141315",
            "DateTimeStart": "20220217.140855",
            "MaximumElevation": 33,
            "Object_NORAD": "27944",
            "Object_Name": "LARETS",
            "Pass": "NE/SE-CW"
        },
        {
            "AzimuthEnd": 55,
            "AzimuthMiddle": 132,
            "AzimuthStart": 214,
            "CPFSource": "16908_cpf_220215_5460.sdg",
            "CampaignTrack": false,
            "DateTimeEnd": "20220217.142805",
            "DateTimeMiddle": "20220217.141855",
            "DateTimeStart": "20220217.140945",
            "MaximumElevation": 64,
            "Object_NORAD": "16908",
            "Object_Name": "AJISAI",
            "Pass": "SO/NE-CCW"
        },
        {
            "AzimuthEnd": 331,
            "AzimuthMiddle": 249,
            "AzimuthStart": 170,
            "CPFSource": "8820_cpf_220215_5460.sdg",
            "CampaignTrack": false,
            "DateTimeEnd": "20220217.151345",
            "DateTimeMiddle": "20220217.144345",
            "DateTimeStart": "20220217.141505",
            "MaximumElevation": 59,
            "Object_NORAD": "8820",
            "Object_Name": "LAGEOS1",
            "Pass": "SE/NO-CW"
        },
        {
            "AzimuthEnd": 68,
            "AzimuthMiddle": 325,
            "AzimuthStart": 247,
            "CPFSource": "1328_cpf_220215_5460.sdg",
            "CampaignTrack": false,
            "DateTimeEnd": "20220217.142925",
            "DateTimeMiddle": "20220217.142205",
            "DateTimeStart": "20220217.141535",
            "MaximumElevation": 89,
            "Object_NORAD": "1328",
            "Object_Name": "EXPLORER27",
            "Pass": "SO/NE-CW"
        },
        {
            "AzimuthEnd": 175,
            "AzimuthMiddle": 245,
            "AzimuthStart": 311,
            "CPFSource": "22195_cpf_220215_5460.sdg",
            "CampaignTrack": false,
            "DateTimeEnd": "20220217.152145",
            "DateTimeMiddle": "20220217.145135",
            "DateTimeStart": "20220217.142105",
            "MaximumElevation": 49,
            "Object_NORAD": "22195",
            "Object_Name": "LAGEOS2",
            "Pass": "NO/SE-CCW"
        },
        {
            "AzimuthEnd": 138,
            "AzimuthMiddle": 218,
            "AzimuthStart": 305,
            "CPFSource": "7646_cpf_220215_5460.sdg",
            "CampaignTrack": false,
            "DateTimeEnd": "20220217.151835",
            "DateTimeMiddle": "20220217.151155",
            "DateTimeStart": "20220217.150445",
            "MaximumElevation": 73,
            "Object_NORAD": "7646",
            "Object_Name": "STARLETTE",
            "Pass": "NO/SE-CCW"
        },
        {
            "AzimuthEnd": 219,
            "AzimuthMiddle": 284,
            "AzimuthStart": 353,
            "CPFSource": "48900_cpf_220215_5460.sdg",
            "CampaignTrack": false,
            "DateTimeEnd": "20220217.152735",
            "DateTimeMiddle": "20220217.152355",
            "DateTimeStart": "20220217.152015",
            "MaximumElevation": 33,
            "Object_NORAD": "48900",
            "Object_Name": "TUBIN",
            "Pass": "NO/SO-CCW"
        },
        {
            "AzimuthEnd": 240,
            "AzimuthMiddle": 292,
            "AzimuthStart": 342,
            "CPFSource": "27944_cpf_220215_5460.sdg",
            "CampaignTrack": false,
            "DateTimeEnd": "20220217.155415",
            "DateTimeMiddle": "20220217.155025",
            "DateTimeStart": "20220217.154645",
            "MaximumElevation": 21,
            "Object_NORAD": "27944",
            "Object_Name": "LARETS",
            "Pass": "NO/SO-CCW"
        },
        {
            "AzimuthEnd": 78,
            "AzimuthMiddle": 358,
            "AzimuthStart": 278,
            "CPFSource": "1328_cpf_220215_5460.sdg",
            "CampaignTrack": false,
            "DateTimeEnd": "20220217.162355",
            "DateTimeMiddle": "20220217.161615",
            "DateTimeStart": "20220217.160925",
            "MaximumElevation": 59,
            "Object_NORAD": "1328",
            "Object_Name": "EXPLORER27",
            "Pass": "NO/NE-CW"
        },
        {
            "AzimuthEnd": 50,
            "AzimuthMiddle": 336,
            "AzimuthStart": 260,
            "CPFSource": "16908_cpf_220215_5460.sdg",
            "CampaignTrack": false,
            "DateTimeEnd": "20220217.163005",
            "DateTimeMiddle": "20220217.162105",
            "DateTimeStart": "20220217.161205",
            "MaximumElevation": 49,
            "Object_NORAD": "16908",
            "Object_Name": "AJISAI",
            "Pass": "SO/NE-CW"
        },
        {
            "AzimuthEnd": 5,
            "AzimuthMiddle": 65,
            "AzimuthStart": 128,
            "CPFSource": "37781_cpf_220215_5460.sdg",
            "CampaignTrack": false,
            "DateTimeEnd": "20220217.170425",
            "DateTimeMiddle": "20220217.165855",
            "DateTimeStart": "20220217.165325",
            "MaximumElevation": 32,
            "Object_NORAD": "37781",
            "Object_Name": "HAIYANG2A",
            "Pass": "SE/NE-CCW"
        },
        {
            "AzimuthEnd": 156,
            "AzimuthMiddle": 88,
            "AzimuthStart": 25,
            "CPFSource": "43613_cpf_220215_5460.sdg",
            "CampaignTrack": false,
            "DateTimeEnd": "20220217.171635",
            "DateTimeMiddle": "20220217.171305",
            "DateTimeStart": "20220217.170945",
            "MaximumElevation": 31,
            "Object_NORAD": "43613",
            "Object_Name": "ICESAT2",
            "Pass": "NE/SE-CW"
        },
        {
            "AzimuthEnd": 6,
            "AzimuthMiddle": 66,
            "AzimuthStart": 130,
            "CPFSource": "22824_cpf_220215_5460.sdg",
            "CampaignTrack": false,
            "DateTimeEnd": "20220217.175015",
            "DateTimeMiddle": "20220217.174525",
            "DateTimeStart": "20220217.174035",
            "MaximumElevation": 31,
            "Object_NORAD": "22824",
            "Object_Name": "STELLA",
            "Pass": "SE/NE-CCW"
        },
        {
            "AzimuthEnd": 5,
            "AzimuthMiddle": 85,
            "AzimuthStart": 167,
            "CPFSource": "43476_cpf_220215_5460.sdg",
            "CampaignTrack": false,
            "DateTimeEnd": "20220217.180835",
            "DateTimeMiddle": "20220217.180445",
            "DateTimeStart": "20220217.180105",
            "MaximumElevation": 60,
            "Object_NORAD": "43476",
            "Object_Name": "GRACEFO1",
            "Pass": "SE/NE-CCW"
        },
        {
            "AzimuthEnd": 351,
            "AzimuthMiddle": 78,
            "AzimuthStart": 155,
            "CPFSource": "41579_cpf_220215_5460.sdg",
            "CampaignTrack": false,
            "DateTimeEnd": "20220217.181335",
            "DateTimeMiddle": "20220217.180715",
            "DateTimeStart": "20220217.180115",
            "MaximumElevation": 68,
            "Object_NORAD": "41579",
            "Object_Name": "COSMOS2517",
            "Pass": "SE/NO-CW"
        },
        {
            "AzimuthEnd": 5,
            "AzimuthMiddle": 79,
            "AzimuthStart": 167,
            "CPFSource": "43477_cpf_220215_5460.sdg",
            "CampaignTrack": false,
            "DateTimeEnd": "20220217.180905",
            "DateTimeMiddle": "20220217.180515",
            "DateTimeStart": "20220217.180135",
            "MaximumElevation": 61,
            "Object_NORAD": "43477",
            "Object_Name": "GRACEFO2",
            "Pass": "SE/NE-CCW"
        },
        {
            "AzimuthEnd": 104,
            "AzimuthMiddle": 15,
            "AzimuthStart": 290,
            "CPFSource": "1328_cpf_220215_5460.sdg",
            "CampaignTrack": false,
            "DateTimeEnd": "20220217.181855",
            "DateTimeMiddle": "20220217.181035",
            "DateTimeStart": "20220217.180315",
            "MaximumElevation": 77,
            "Object_NORAD": "1328",
            "Object_Name": "EXPLORER27",
            "Pass": "NO/SE-CW"
        },
        {
            "AzimuthEnd": 346,
            "AzimuthMiddle": 231,
            "AzimuthStart": 170,
            "CPFSource": "36605_cpf_220215_5460.sdg",
            "CampaignTrack": false,
            "DateTimeEnd": "20220217.181105",
            "DateTimeMiddle": "20220217.180705",
            "DateTimeStart": "20220217.180325",
            "MaximumElevation": 81,
            "Object_NORAD": "36605",
            "Object_Name": "TANDEMX",
            "Pass": "SE/NO-CW"
        },
        {
            "AzimuthEnd": 346,
            "AzimuthMiddle": 277,
            "AzimuthStart": 170,
            "CPFSource": "31698_cpf_220215_5460.sdg",
            "CampaignTrack": false,
            "DateTimeEnd": "20220217.181115",
            "DateTimeMiddle": "20220217.180715",
            "DateTimeStart": "20220217.180325",
            "MaximumElevation": 81,
            "Object_NORAD": "31698",
            "Object_Name": "TERRASARX",
            "Pass": "SE/NO-CW"
        },
        {
            "AzimuthEnd": 65,
            "AzimuthMiddle": 0,
            "AzimuthStart": 296,
            "CPFSource": "16908_cpf_220215_5460.sdg",
            "CampaignTrack": false,
            "DateTimeEnd": "20220217.183315",
            "DateTimeMiddle": "20220217.182445",
            "DateTimeStart": "20220217.181625",
            "MaximumElevation": 34,
            "Object_NORAD": "16908",
            "Object_Name": "AJISAI",
            "Pass": "NO/NE-CW"
        },
        {
            "AzimuthEnd": 339,
            "AzimuthMiddle": 253,
            "AzimuthStart": 177,
            "CPFSource": "43655_cpf_220215_5460.sdg",
            "CampaignTrack": false,
            "DateTimeEnd": "20220217.182905",
            "DateTimeMiddle": "20220217.182245",
            "DateTimeStart": "20220217.181645",
            "MaximumElevation": 61,
            "Object_NORAD": "43655",
            "Object_Name": "HAIYANG2B",
            "Pass": "SE/NO-CW"
        },
        {
            "AzimuthEnd": 328,
            "AzimuthMiddle": 261,
            "AzimuthStart": 196,
            "CPFSource": "37781_cpf_220215_5460.sdg",
            "CampaignTrack": false,
            "DateTimeEnd": "20220217.184735",
            "DateTimeMiddle": "20220217.184145",
            "DateTimeStart": "20220217.183605",
            "MaximumElevation": 34,
            "Object_NORAD": "37781",
            "Object_Name": "HAIYANG2A",
            "Pass": "SO/NO-CW"
        },
        {
            "AzimuthEnd": 324,
            "AzimuthMiddle": 263,
            "AzimuthStart": 203,
            "CPFSource": "22824_cpf_220215_5460.sdg",
            "CampaignTrack": false,
            "DateTimeEnd": "20220217.192945",
            "DateTimeMiddle": "20220217.192455",
            "DateTimeStart": "20220217.192015",
            "MaximumElevation": 28,
            "Object_NORAD": "22824",
            "Object_Name": "STELLA",
            "Pass": "SO/NO-CW"
        },
        {
            "AzimuthEnd": 142,
            "AzimuthMiddle": 213,
            "AzimuthStart": 285,
            "CPFSource": "1328_cpf_220215_5460.sdg",
            "CampaignTrack": false,
            "DateTimeEnd": "20220217.201225",
            "DateTimeMiddle": "20220217.200425",
            "DateTimeStart": "20220217.195705",
            "MaximumElevation": 47,
            "Object_NORAD": "1328",
            "Object_Name": "EXPLORER27",
            "Pass": "NO/SE-CCW"
        },
        {
            "AzimuthEnd": 157,
            "AzimuthMiddle": 96,
            "AzimuthStart": 36,
            "CPFSource": "42829_cpf_220215_5460.sdg",
            "CampaignTrack": false,
            "DateTimeEnd": "20220217.201655",
            "DateTimeMiddle": "20220217.201305",
            "DateTimeStart": "20220217.200925",
            "MaximumElevation": 27,
            "Object_NORAD": "42829",
            "Object_Name": "TECHNOSAT",
            "Pass": "NE/SE-CW"
        },
        {
            "AzimuthEnd": 101,
            "AzimuthMiddle": 24,
            "AzimuthStart": 310,
            "CPFSource": "16908_cpf_220215_5460.sdg",
            "CampaignTrack": false,
            "DateTimeEnd": "20220217.203735",
            "DateTimeMiddle": "20220217.202825",
            "DateTimeStart": "20220217.201925",
            "MaximumElevation": 51,
            "Object_NORAD": "16908",
            "Object_Name": "AJISAI",
            "Pass": "NO/SE-CW"
        },
        {
            "AzimuthEnd": 2,
            "AzimuthMiddle": 71,
            "AzimuthStart": 138,
            "CPFSource": "43437_cpf_220215_5460.sdg",
            "CampaignTrack": false,
            "DateTimeEnd": "20220217.212655",
            "DateTimeMiddle": "20220217.212145",
            "DateTimeStart": "20220217.211645",
            "MaximumElevation": 39,
            "Object_NORAD": "43437",
            "Object_Name": "SENTINEL3B",
            "Pass": "SE/NE-CCW"
        },
        {
            "AzimuthEnd": 3,
            "AzimuthMiddle": 73,
            "AzimuthStart": 141,
            "CPFSource": "43798_cpf_220215_5460.sdg",
            "CampaignTrack": false,
            "DateTimeEnd": "20220217.214545",
            "DateTimeMiddle": "20220217.214135",
            "DateTimeStart": "20220217.213745",
            "MaximumElevation": 38,
            "Object_NORAD": "43798",
            "Object_Name": "ASTROCSTP1",
            "Pass": "SE/NE-CCW"
        },
        {
            "AzimuthEnd": 239,
            "AzimuthMiddle": 291,
            "AzimuthStart": 340,
            "CPFSource": "42829_cpf_220215_5460.sdg",
            "CampaignTrack": false,
            "DateTimeEnd": "20220217.215155",
            "DateTimeMiddle": "20220217.214825",
            "DateTimeStart": "20220217.214515",
            "MaximumElevation": 20,
            "Object_NORAD": "42829",
            "Object_Name": "TECHNOSAT",
            "Pass": "NO/SO-CCW"
        },
        {
            "AzimuthEnd": 346,
            "AzimuthMiddle": 238,
            "AzimuthStart": 166,
            "CPFSource": "41335_cpf_220215_5460.sdg",
            "CampaignTrack": false,
            "DateTimeEnd": "20220217.220615",
            "DateTimeMiddle": "20220217.220035",
            "DateTimeStart": "20220217.215515",
            "MaximumElevation": 87,
            "Object_NORAD": "41335",
            "Object_Name": "SENTINEL3A",
            "Pass": "SE/NO-CW"
        },
        {
            "AzimuthEnd": 320,
            "AzimuthMiddle": 263,
            "AzimuthStart": 209,
            "CPFSource": "44083_cpf_220215_5460.sdg",
            "CampaignTrack": false,
            "DateTimeEnd": "20220217.221835",
            "DateTimeMiddle": "20220217.221515",
            "DateTimeStart": "20220217.221215",
            "MaximumElevation": 22,
            "Object_NORAD": "44083",
            "Object_Name": "ASTROCSTP2",
            "Pass": "SO/NO-CW"
        },
        {
            "AzimuthEnd": 147,
            "AzimuthMiddle": 224,
            "AzimuthStart": 303,
            "CPFSource": "16908_cpf_220215_5460.sdg",
            "CampaignTrack": false,
            "DateTimeEnd": "20220217.223945",
            "DateTimeMiddle": "20220217.223035",
            "DateTimeStart": "20220217.222125",
            "MaximumElevation": 61,
            "Object_NORAD": "16908",
            "Object_Name": "AJISAI",
            "Pass": "NO/SE-CCW"
        },
        {
            "AzimuthEnd": 319,
            "AzimuthMiddle": 265,
            "AzimuthStart": 213,
            "CPFSource": "43437_cpf_220215_5460.sdg",
            "CampaignTrack": false,
            "DateTimeEnd": "20220217.230605",
            "DateTimeMiddle": "20220217.230135",
            "DateTimeStart": "20220217.225725",
            "MaximumElevation": 22,
            "Object_NORAD": "43437",
            "Object_Name": "SENTINEL3B",
            "Pass": "SO/NO-CW"
        },
        {
            "AzimuthEnd": 141,
            "AzimuthMiddle": 106,
            "AzimuthStart": 18,
            "CPFSource": "43187_cpf_220215_5460.sdg",
            "CampaignTrack": false,
            "DateTimeEnd": "20220217.235955",
            "DateTimeMiddle": "20220217.235125",
            "DateTimeStart": "20220217.234705",
            "MaximumElevation": 62,
            "Object_NORAD": "43187",
            "Object_Name": "SNETB",
            "Pass": "NE/SE-CW"
        },
        {
            "AzimuthEnd": 143,
            "AzimuthMiddle": 95,
            "AzimuthStart": 18,
            "CPFSource": "43186_cpf_220215_5460.sdg",
            "CampaignTrack": false,
            "DateTimeEnd": "20220217.235955",
            "DateTimeMiddle": "20220217.235115",
            "DateTimeStart": "20220217.234705",
            "MaximumElevation": 62,
            "Object_NORAD": "43186",
            "Object_Name": "SNETD",
            "Pass": "NE/SE-CW"
        },
        {
            "AzimuthEnd": 121,
            "AzimuthMiddle": 107,
            "AzimuthStart": 18,
            "CPFSource": "43188_cpf_220215_5460.sdg",
            "CampaignTrack": false,
            "DateTimeEnd": "20220217.235955",
            "DateTimeMiddle": "20220217.235145",
            "DateTimeStart": "20220217.234725",
            "MaximumElevation": 62,
            "Object_NORAD": "43188",
            "Object_Name": "SNETA",
            "Pass": "NE/SE-CW"
        },
        {
            "AzimuthEnd": 288,
            "AzimuthMiddle": 288,
            "AzimuthStart": 5,
            "CPFSource": "47944_cpf_220215_5460.sdg",
            "CampaignTrack": false,
            "DateTimeEnd": "20220217.235955",
            "DateTimeMiddle": "20220217.235955",
            "DateTimeStart": "20220217.234805",
            "MaximumElevation": 63,
            "Object_NORAD": "47944",
            "Object_Name": "ELSAD",
            "Pass": "NE/NO-CCW"
        },
        {
            "AzimuthEnd": 57,
            "AzimuthMiddle": 57,
            "AzimuthStart": 17,
            "CPFSource": "43189_cpf_220215_5460.sdg",
            "CampaignTrack": false,
            "DateTimeEnd": "20220217.235955",
            "DateTimeMiddle": "20220217.235955",
            "DateTimeStart": "20220217.234815",
            "MaximumElevation": 57,
            "Object_NORAD": "43189",
            "Object_Name": "SNETC",
            "Pass": "NE/NE-CW"
        }
    ]
}
