{
    "CreationDateTime": "20220411.095605",
    "PredictionsArray": [
        {
            "AzimuthEnd": 18,
            "AzimuthMiddle": 68,
            "AzimuthStart": 118,
            "CPFSource": "47944_cpf_220411_6010.sdg",
            "CampaignTrack": false,
            "DateTimeEnd": "20220411.100736",
            "DateTimeMiddle": "20220411.100426",
            "DateTimeStart": "20220411.100126",
            "MaximumElevation": 20,
            "Object_NORAD": "47944",
            "Object_Name": "ELSAD",
            "Pass": "SE/NE-CCW"
        },
        {
            "AzimuthEnd": 19,
            "AzimuthMiddle": 70,
            "AzimuthStart": 119,
            "CPFSource": "51288_cpf_220411_6010.sdg",
            "CampaignTrack": false,
            "DateTimeEnd": "20220411.100736",
            "DateTimeMiddle": "20220411.100426",
            "DateTimeStart": "20220411.100126",
            "MaximumElevation": 20,
            "Object_NORAD": "51288",
            "Object_Name": "ELSAD-C",
            "Pass": "SE/NE-CCW"
        },
        {
            "AzimuthEnd": 180,
            "AzimuthMiddle": 104,
            "AzimuthStart": 21,
            "CPFSource": "43437_cpf_220411_6010.sdg",
            "CampaignTrack": false,
            "DateTimeEnd": "20220411.103556",
            "DateTimeMiddle": "20220411.103036",
            "DateTimeStart": "20220411.102516",
            "MaximumElevation": 57,
            "Object_NORAD": "43437",
            "Object_Name": "SENTINEL3B",
            "Pass": "NE/S-CW"
        },
        {
            "AzimuthEnd": 211,
            "AzimuthMiddle": 282,
            "AzimuthStart": 358,
            "CPFSource": "44083_cpf_220411_6010.sdg",
            "CampaignTrack": false,
            "DateTimeEnd": "20220411.103936",
            "DateTimeMiddle": "20220411.103556",
            "DateTimeStart": "20220411.103216",
            "MaximumElevation": 43,
            "Object_NORAD": "44083",
            "Object_Name": "ASTROCSTP2",
            "Pass": "NO/SO-CCW"
        },
        {
            "AzimuthEnd": 207,
            "AzimuthMiddle": 286,
            "AzimuthStart": 5,
            "CPFSource": "41335_cpf_220411_6010.sdg",
            "CampaignTrack": false,
            "DateTimeEnd": "20220411.111456",
            "DateTimeMiddle": "20220411.110926",
            "DateTimeStart": "20220411.110406",
            "MaximumElevation": 59,
            "Object_NORAD": "41335",
            "Object_Name": "SENTINEL3A",
            "Pass": "NE/SO-CW"
        },
        {
            "AzimuthEnd": 207,
            "AzimuthMiddle": 290,
            "AzimuthStart": 2,
            "CPFSource": "43798_cpf_220411_6010.sdg",
            "CampaignTrack": false,
            "DateTimeEnd": "20220411.111526",
            "DateTimeMiddle": "20220411.111106",
            "DateTimeStart": "20220411.110706",
            "MaximumElevation": 53,
            "Object_NORAD": "43798",
            "Object_Name": "ASTROCSTP1",
            "Pass": "NE/SO-CW"
        },
        {
            "AzimuthEnd": 321,
            "AzimuthMiddle": 262,
            "AzimuthStart": 208,
            "CPFSource": "47944_cpf_220411_6010.sdg",
            "CampaignTrack": false,
            "DateTimeEnd": "20220411.114216",
            "DateTimeMiddle": "20220411.113846",
            "DateTimeStart": "20220411.113536",
            "MaximumElevation": 23,
            "Object_NORAD": "47944",
            "Object_Name": "ELSAD",
            "Pass": "SO/NO-CW"
        },
        {
            "AzimuthEnd": 321,
            "AzimuthMiddle": 264,
            "AzimuthStart": 209,
            "CPFSource": "51288_cpf_220411_6010.sdg",
            "CampaignTrack": false,
            "DateTimeEnd": "20220411.114226",
            "DateTimeMiddle": "20220411.113856",
            "DateTimeStart": "20220411.113546",
            "MaximumElevation": 23,
            "Object_NORAD": "51288",
            "Object_Name": "ELSAD-C",
            "Pass": "SO/NO-CW"
        },
        {
            "AzimuthEnd": 329,
            "AzimuthMiddle": 263,
            "AzimuthStart": 196,
            "CPFSource": "43186_cpf_220411_6010.sdg",
            "CampaignTrack": false,
            "DateTimeEnd": "20220411.115526",
            "DateTimeMiddle": "20220411.115126",
            "DateTimeStart": "20220411.114736",
            "MaximumElevation": 32,
            "Object_NORAD": "43186",
            "Object_Name": "SNETD",
            "Pass": "SO/NO-CW"
        },
        {
            "AzimuthEnd": 328,
            "AzimuthMiddle": 260,
            "AzimuthStart": 196,
            "CPFSource": "43187_cpf_220411_6010.sdg",
            "CampaignTrack": false,
            "DateTimeEnd": "20220411.115526",
            "DateTimeMiddle": "20220411.115126",
            "DateTimeStart": "20220411.114736",
            "MaximumElevation": 32,
            "Object_NORAD": "43187",
            "Object_Name": "SNETB",
            "Pass": "SO/NO-CW"
        },
        {
            "AzimuthEnd": 328,
            "AzimuthMiddle": 260,
            "AzimuthStart": 197,
            "CPFSource": "43188_cpf_220411_6010.sdg",
            "CampaignTrack": false,
            "DateTimeEnd": "20220411.115546",
            "DateTimeMiddle": "20220411.115146",
            "DateTimeStart": "20220411.114806",
            "MaximumElevation": 32,
            "Object_NORAD": "43188",
            "Object_Name": "SNETA",
            "Pass": "SO/NO-CW"
        },
        {
            "AzimuthEnd": 328,
            "AzimuthMiddle": 264,
            "AzimuthStart": 198,
            "CPFSource": "43189_cpf_220411_6010.sdg",
            "CampaignTrack": false,
            "DateTimeEnd": "20220411.115646",
            "DateTimeMiddle": "20220411.115246",
            "DateTimeStart": "20220411.114856",
            "MaximumElevation": 31,
            "Object_NORAD": "43189",
            "Object_Name": "SNETC",
            "Pass": "SO/NO-CW"
        },
        {
            "AzimuthEnd": 2,
            "AzimuthMiddle": 72,
            "AzimuthStart": 172,
            "CPFSource": "43476_cpf_220411_6010.sdg",
            "CampaignTrack": false,
            "DateTimeEnd": "20220411.141706",
            "DateTimeMiddle": "20220411.141316",
            "DateTimeStart": "20220411.140926",
            "MaximumElevation": 74,
            "Object_NORAD": "43476",
            "Object_Name": "GRACEFO1",
            "Pass": "SE/NE-CCW"
        },
        {
            "AzimuthEnd": 1,
            "AzimuthMiddle": 91,
            "AzimuthStart": 172,
            "CPFSource": "43477_cpf_220411_6010.sdg",
            "CampaignTrack": false,
            "DateTimeEnd": "20220411.141736",
            "DateTimeMiddle": "20220411.141336",
            "DateTimeStart": "20220411.140956",
            "MaximumElevation": 75,
            "Object_NORAD": "43477",
            "Object_Name": "GRACEFO2",
            "Pass": "SE/NE-CCW"
        },
        {
            "AzimuthEnd": 185,
            "AzimuthMiddle": 104,
            "AzimuthStart": 16,
            "CPFSource": "48900_cpf_220411_6010.sdg",
            "CampaignTrack": false,
            "DateTimeEnd": "20220411.144906",
            "DateTimeMiddle": "20220411.144506",
            "DateTimeStart": "20220411.144106",
            "MaximumElevation": 67,
            "Object_NORAD": "48900",
            "Object_Name": "TUBIN",
            "Pass": "NE/SO-CW"
        },
        {
            "AzimuthEnd": 30,
            "AzimuthMiddle": 115,
            "AzimuthStart": 199,
            "CPFSource": "46984_cpf_220411_6010.sdg",
            "CampaignTrack": false,
            "DateTimeEnd": "20220411.164836",
            "DateTimeMiddle": "20220411.164006",
            "DateTimeStart": "20220411.163146",
            "MaximumElevation": 77,
            "Object_NORAD": "46984",
            "Object_Name": "SENTINEL6A",
            "Pass": "SO/NE-CCW"
        },
        {
            "AzimuthEnd": 1,
            "AzimuthMiddle": 69,
            "AzimuthStart": 133,
            "CPFSource": "43655_cpf_220411_6010.sdg",
            "CampaignTrack": false,
            "DateTimeEnd": "20220411.172246",
            "DateTimeMiddle": "20220411.171656",
            "DateTimeStart": "20220411.171126",
            "MaximumElevation": 37,
            "Object_NORAD": "43655",
            "Object_Name": "HAIYANG2B",
            "Pass": "SE/NE-CCW"
        },
        {
            "AzimuthEnd": 80,
            "AzimuthMiddle": 137,
            "AzimuthStart": 192,
            "CPFSource": "1328_cpf_220411_6010.sdg",
            "CampaignTrack": false,
            "DateTimeEnd": "20220411.172856",
            "DateTimeMiddle": "20220411.172156",
            "DateTimeStart": "20220411.171546",
            "MaximumElevation": 27,
            "Object_NORAD": "1328",
            "Object_Name": "EXPLORER27",
            "Pass": "SO/NE-CCW"
        },
        {
            "AzimuthEnd": 355,
            "AzimuthMiddle": 72,
            "AzimuthStart": 146,
            "CPFSource": "41579_cpf_220411_6010.sdg",
            "CampaignTrack": false,
            "DateTimeEnd": "20220411.180015",
            "DateTimeMiddle": "20220411.175406",
            "DateTimeStart": "20220411.174816",
            "MaximumElevation": 52,
            "Object_NORAD": "41579",
            "Object_Name": "COSMOS2517",
            "Pass": "SE/NO-CW"
        },
        {
            "AzimuthEnd": 341,
            "AzimuthMiddle": 251,
            "AzimuthStart": 173,
            "CPFSource": "37781_cpf_220411_6010.sdg",
            "CampaignTrack": false,
            "DateTimeEnd": "20220411.181305",
            "DateTimeMiddle": "20220411.180635",
            "DateTimeStart": "20220411.180025",
            "MaximumElevation": 69,
            "Object_NORAD": "37781",
            "Object_Name": "HAIYANG2A",
            "Pass": "SE/NO-CW"
        },
        {
            "AzimuthEnd": 10,
            "AzimuthMiddle": 316,
            "AzimuthStart": 261,
            "CPFSource": "46984_cpf_220411_6010.sdg",
            "CampaignTrack": false,
            "DateTimeEnd": "20220411.184345",
            "DateTimeMiddle": "20220411.183655",
            "DateTimeStart": "20220411.183005",
            "MaximumElevation": 25,
            "Object_NORAD": "46984",
            "Object_Name": "SENTINEL6A",
            "Pass": "SO/NE-CW"
        },
        {
            "AzimuthEnd": 325,
            "AzimuthMiddle": 262,
            "AzimuthStart": 202,
            "CPFSource": "36605_cpf_220411_6010.sdg",
            "CampaignTrack": false,
            "DateTimeEnd": "20220411.184455",
            "DateTimeMiddle": "20220411.184125",
            "DateTimeStart": "20220411.183805",
            "MaximumElevation": 26,
            "Object_NORAD": "36605",
            "Object_Name": "TANDEMX",
            "Pass": "SO/NO-CW"
        },
        {
            "AzimuthEnd": 324,
            "AzimuthMiddle": 262,
            "AzimuthStart": 202,
            "CPFSource": "31698_cpf_220411_6010.sdg",
            "CampaignTrack": false,
            "DateTimeEnd": "20220411.184455",
            "DateTimeMiddle": "20220411.184125",
            "DateTimeStart": "20220411.183805",
            "MaximumElevation": 26,
            "Object_NORAD": "31698",
            "Object_Name": "TERRASARX",
            "Pass": "SO/NO-CW"
        },
        {
            "AzimuthEnd": 324,
            "AzimuthMiddle": 262,
            "AzimuthStart": 202,
            "CPFSource": "43655_cpf_220411_6010.sdg",
            "CampaignTrack": false,
            "DateTimeEnd": "20220411.190535",
            "DateTimeMiddle": "20220411.185955",
            "DateTimeStart": "20220411.185435",
            "MaximumElevation": 29,
            "Object_NORAD": "43655",
            "Object_Name": "HAIYANG2B",
            "Pass": "SO/NO-CW"
        },
        {
            "AzimuthEnd": 69,
            "AzimuthMiddle": 149,
            "AzimuthStart": 238,
            "CPFSource": "1328_cpf_220411_6010.sdg",
            "CampaignTrack": false,
            "DateTimeEnd": "20220411.192355",
            "DateTimeMiddle": "20220411.191515",
            "DateTimeStart": "20220411.190715",
            "MaximumElevation": 78,
            "Object_NORAD": "1328",
            "Object_Name": "EXPLORER27",
            "Pass": "SO/NE-CCW"
        },
        {
            "AzimuthEnd": 315,
            "AzimuthMiddle": 266,
            "AzimuthStart": 218,
            "CPFSource": "41579_cpf_220411_6010.sdg",
            "CampaignTrack": false,
            "DateTimeEnd": "20220411.194135",
            "DateTimeMiddle": "20220411.193655",
            "DateTimeStart": "20220411.193225",
            "MaximumElevation": 20,
            "Object_NORAD": "41579",
            "Object_Name": "COSMOS2517",
            "Pass": "SO/NO-CW"
        },
        {
            "AzimuthEnd": 161,
            "AzimuthMiddle": 97,
            "AzimuthStart": 33,
            "CPFSource": "42829_cpf_220411_6010.sdg",
            "CampaignTrack": false,
            "DateTimeEnd": "20220411.201215",
            "DateTimeMiddle": "20220411.200815",
            "DateTimeStart": "20220411.200425",
            "MaximumElevation": 30,
            "Object_NORAD": "42829",
            "Object_Name": "TECHNOSAT",
            "Pass": "NE/SE-CW"
        },
        {
            "AzimuthEnd": 75,
            "AzimuthMiddle": 352,
            "AzimuthStart": 271,
            "CPFSource": "1328_cpf_220411_6010.sdg",
            "CampaignTrack": false,
            "DateTimeEnd": "20220411.211815",
            "DateTimeMiddle": "20220411.210935",
            "DateTimeStart": "20220411.210125",
            "MaximumElevation": 65,
            "Object_NORAD": "1328",
            "Object_Name": "EXPLORER27",
            "Pass": "NO/NE-CW"
        },
        {
            "AzimuthEnd": 2,
            "AzimuthMiddle": 78,
            "AzimuthStart": 146,
            "CPFSource": "44083_cpf_220411_6010.sdg",
            "CampaignTrack": false,
            "DateTimeEnd": "20220411.211315",
            "DateTimeMiddle": "20220411.210935",
            "DateTimeStart": "20220411.210615",
            "MaximumElevation": 42,
            "Object_NORAD": "44083",
            "Object_Name": "ASTROCSTP2",
            "Pass": "SE/NE-CCW"
        },
        {
            "AzimuthEnd": 351,
            "AzimuthMiddle": 71,
            "AzimuthStart": 157,
            "CPFSource": "43437_cpf_220411_6010.sdg",
            "CampaignTrack": false,
            "DateTimeEnd": "20220411.215305",
            "DateTimeMiddle": "20220411.214735",
            "DateTimeStart": "20220411.214215",
            "MaximumElevation": 69,
            "Object_NORAD": "43437",
            "Object_Name": "SENTINEL3B",
            "Pass": "SE/NO-CW"
        },
        {
            "AzimuthEnd": 354,
            "AzimuthMiddle": 72,
            "AzimuthStart": 156,
            "CPFSource": "43798_cpf_220411_6010.sdg",
            "CampaignTrack": false,
            "DateTimeEnd": "20220411.220115",
            "DateTimeMiddle": "20220411.215655",
            "DateTimeStart": "20220411.215245",
            "MaximumElevation": 63,
            "Object_NORAD": "43798",
            "Object_Name": "ASTROCSTP1",
            "Pass": "SE/NO-CW"
        },
        {
            "AzimuthEnd": 336,
            "AzimuthMiddle": 257,
            "AzimuthStart": 184,
            "CPFSource": "41335_cpf_220411_6010.sdg",
            "CampaignTrack": false,
            "DateTimeEnd": "20220411.223155",
            "DateTimeMiddle": "20220411.222625",
            "DateTimeStart": "20220411.222115",
            "MaximumElevation": 49,
            "Object_NORAD": "41335",
            "Object_Name": "SENTINEL3A",
            "Pass": "SO/NO-CW"
        },
        {
            "AzimuthEnd": 98,
            "AzimuthMiddle": 13,
            "AzimuthStart": 288,
            "CPFSource": "1328_cpf_220411_6010.sdg",
            "CampaignTrack": false,
            "DateTimeEnd": "20220411.231305",
            "DateTimeMiddle": "20220411.230425",
            "DateTimeStart": "20220411.225555",
            "MaximumElevation": 71,
            "Object_NORAD": "1328",
            "Object_Name": "EXPLORER27",
            "Pass": "NO/SE-CW"
        },
        {
            "AzimuthEnd": 173,
            "AzimuthMiddle": 99,
            "AzimuthStart": 24,
            "CPFSource": "47944_cpf_220411_6010.sdg",
            "CampaignTrack": false,
            "DateTimeEnd": "20220411.232045",
            "DateTimeMiddle": "20220411.231645",
            "DateTimeStart": "20220411.231245",
            "MaximumElevation": 44,
            "Object_NORAD": "47944",
            "Object_Name": "ELSAD",
            "Pass": "NE/SE-CW"
        },
        {
            "AzimuthEnd": 173,
            "AzimuthMiddle": 102,
            "AzimuthStart": 25,
            "CPFSource": "51288_cpf_220411_6010.sdg",
            "CampaignTrack": false,
            "DateTimeEnd": "20220411.232055",
            "DateTimeMiddle": "20220411.231655",
            "DateTimeStart": "20220411.231255",
            "MaximumElevation": 44,
            "Object_NORAD": "51288",
            "Object_Name": "ELSAD-C",
            "Pass": "NE/SE-CW"
        },
        {
            "AzimuthEnd": 168,
            "AzimuthMiddle": 99,
            "AzimuthStart": 29,
            "CPFSource": "43186_cpf_220411_6010.sdg",
            "CampaignTrack": false,
            "DateTimeEnd": "20220411.233755",
            "DateTimeMiddle": "20220411.233355",
            "DateTimeStart": "20220411.233005",
            "MaximumElevation": 37,
            "Object_NORAD": "43186",
            "Object_Name": "SNETD",
            "Pass": "NE/SE-CW"
        },
        {
            "AzimuthEnd": 169,
            "AzimuthMiddle": 95,
            "AzimuthStart": 28,
            "CPFSource": "43187_cpf_220411_6010.sdg",
            "CampaignTrack": false,
            "DateTimeEnd": "20220411.233805",
            "DateTimeMiddle": "20220411.233355",
            "DateTimeStart": "20220411.233005",
            "MaximumElevation": 37,
            "Object_NORAD": "43187",
            "Object_Name": "SNETB",
            "Pass": "NE/SE-CW"
        },
        {
            "AzimuthEnd": 169,
            "AzimuthMiddle": 101,
            "AzimuthStart": 28,
            "CPFSource": "43188_cpf_220411_6010.sdg",
            "CampaignTrack": false,
            "DateTimeEnd": "20220411.233825",
            "DateTimeMiddle": "20220411.233425",
            "DateTimeStart": "20220411.233025",
            "MaximumElevation": 37,
            "Object_NORAD": "43188",
            "Object_Name": "SNETA",
            "Pass": "NE/SE-CW"
        },
        {
            "AzimuthEnd": 169,
            "AzimuthMiddle": 99,
            "AzimuthStart": 27,
            "CPFSource": "43189_cpf_220411_6010.sdg",
            "CampaignTrack": false,
            "DateTimeEnd": "20220411.233915",
            "DateTimeMiddle": "20220411.233515",
            "DateTimeStart": "20220411.233115",
            "MaximumElevation": 39,
            "Object_NORAD": "43189",
            "Object_Name": "SNETC",
            "Pass": "NE/SE-CW"
        },
        {
            "AzimuthEnd": 103,
            "AzimuthMiddle": 45,
            "AzimuthStart": 348,
            "CPFSource": "46984_cpf_220411_6010.sdg",
            "CampaignTrack": false,
            "DateTimeEnd": "20220412.004435",
            "DateTimeMiddle": "20220412.003725",
            "DateTimeStart": "20220412.003025",
            "MaximumElevation": 27,
            "Object_NORAD": "46984",
            "Object_Name": "SENTINEL6A",
            "Pass": "NO/SE-CW"
        },
        {
            "AzimuthEnd": 133,
            "AzimuthMiddle": 211,
            "AzimuthStart": 289,
            "CPFSource": "1328_cpf_220411_6010.sdg",
            "CampaignTrack": false,
            "DateTimeEnd": "20220412.010645",
            "DateTimeMiddle": "20220412.005835",
            "DateTimeStart": "20220412.005015",
            "MaximumElevation": 61,
            "Object_NORAD": "1328",
            "Object_Name": "EXPLORER27",
            "Pass": "NO/SE-CCW"
        },
        {
            "AzimuthEnd": 15,
            "AzimuthMiddle": 71,
            "AzimuthStart": 123,
            "CPFSource": "48900_cpf_220411_6010.sdg",
            "CampaignTrack": false,
            "DateTimeEnd": "20220412.012715",
            "DateTimeMiddle": "20220412.012355",
            "DateTimeStart": "20220412.012055",
            "MaximumElevation": 22,
            "Object_NORAD": "48900",
            "Object_Name": "TUBIN",
            "Pass": "SE/NE-CCW"
        },
        {
            "AzimuthEnd": 156,
            "AzimuthMiddle": 86,
            "AzimuthStart": 19,
            "CPFSource": "43476_cpf_220411_6010.sdg",
            "CampaignTrack": false,
            "DateTimeEnd": "20220412.014635",
            "DateTimeMiddle": "20220412.014255",
            "DateTimeStart": "20220412.013925",
            "MaximumElevation": 34,
            "Object_NORAD": "43476",
            "Object_Name": "GRACEFO1",
            "Pass": "NE/SE-CW"
        },
        {
            "AzimuthEnd": 157,
            "AzimuthMiddle": 89,
            "AzimuthStart": 19,
            "CPFSource": "43477_cpf_220411_6010.sdg",
            "CampaignTrack": false,
            "DateTimeEnd": "20220412.014705",
            "DateTimeMiddle": "20220412.014325",
            "DateTimeStart": "20220412.013955",
            "MaximumElevation": 35,
            "Object_NORAD": "43477",
            "Object_Name": "GRACEFO2",
            "Pass": "NE/SE-CW"
        },
        {
            "AzimuthEnd": 163,
            "AzimuthMiddle": 245,
            "AzimuthStart": 327,
            "CPFSource": "46984_cpf_220411_6010.sdg",
            "CampaignTrack": false,
            "DateTimeEnd": "20220412.024235",
            "DateTimeMiddle": "20220412.023405",
            "DateTimeStart": "20220412.022545",
            "MaximumElevation": 70,
            "Object_NORAD": "46984",
            "Object_Name": "SENTINEL6A",
            "Pass": "NO/SE-CCW"
        },
        {
            "AzimuthEnd": 316,
            "AzimuthMiddle": 264,
            "AzimuthStart": 214,
            "CPFSource": "48900_cpf_220411_6010.sdg",
            "CampaignTrack": false,
            "DateTimeEnd": "20220412.030115",
            "DateTimeMiddle": "20220412.025805",
            "DateTimeStart": "20220412.025505",
            "MaximumElevation": 20,
            "Object_NORAD": "48900",
            "Object_Name": "TUBIN",
            "Pass": "SO/NO-CW"
        },
        {
            "AzimuthEnd": 156,
            "AzimuthMiddle": 96,
            "AzimuthStart": 37,
            "CPFSource": "43655_cpf_220411_6010.sdg",
            "CampaignTrack": false,
            "DateTimeEnd": "20220412.060415",
            "DateTimeMiddle": "20220412.055845",
            "DateTimeStart": "20220412.055325",
            "MaximumElevation": 28,
            "Object_NORAD": "43655",
            "Object_Name": "HAIYANG2B",
            "Pass": "NE/SE-CW"
        },
        {
            "AzimuthEnd": 161,
            "AzimuthMiddle": 97,
            "AzimuthStart": 33,
            "CPFSource": "36605_cpf_220411_6010.sdg",
            "CampaignTrack": false,
            "DateTimeEnd": "20220412.061735",
            "DateTimeMiddle": "20220412.061405",
            "DateTimeStart": "20220412.061035",
            "MaximumElevation": 29,
            "Object_NORAD": "36605",
            "Object_Name": "TANDEMX",
            "Pass": "NE/SE-CW"
        },
        {
            "AzimuthEnd": 161,
            "AzimuthMiddle": 97,
            "AzimuthStart": 34,
            "CPFSource": "31698_cpf_220411_6010.sdg",
            "CampaignTrack": false,
            "DateTimeEnd": "20220412.061735",
            "DateTimeMiddle": "20220412.061405",
            "DateTimeStart": "20220412.061045",
            "MaximumElevation": 29,
            "Object_NORAD": "31698",
            "Object_Name": "TERRASARX",
            "Pass": "NE/SE-CW"
        },
        {
            "AzimuthEnd": 166,
            "AzimuthMiddle": 99,
            "AzimuthStart": 30,
            "CPFSource": "41579_cpf_220411_6010.sdg",
            "CampaignTrack": false,
            "DateTimeEnd": "20220412.063815",
            "DateTimeMiddle": "20220412.063235",
            "DateTimeStart": "20220412.062655",
            "MaximumElevation": 37,
            "Object_NORAD": "41579",
            "Object_Name": "COSMOS2517",
            "Pass": "NE/SE-CW"
        },
        {
            "AzimuthEnd": 196,
            "AzimuthMiddle": 311,
            "AzimuthStart": 13,
            "CPFSource": "37781_cpf_220411_6010.sdg",
            "CampaignTrack": false,
            "DateTimeEnd": "20220412.065525",
            "DateTimeMiddle": "20220412.064905",
            "DateTimeStart": "20220412.064255",
            "MaximumElevation": 87,
            "Object_NORAD": "37781",
            "Object_Name": "HAIYANG2A",
            "Pass": "NE/SO-CW"
        },
        {
            "AzimuthEnd": 223,
            "AzimuthMiddle": 291,
            "AzimuthStart": 358,
            "CPFSource": "43655_cpf_220411_6010.sdg",
            "CampaignTrack": false,
            "DateTimeEnd": "20220412.074735",
            "DateTimeMiddle": "20220412.074145",
            "DateTimeStart": "20220412.073605",
            "MaximumElevation": 39,
            "Object_NORAD": "43655",
            "Object_Name": "HAIYANG2B",
            "Pass": "NO/SO-CCW"
        },
        {
            "AzimuthEnd": 233,
            "AzimuthMiddle": 292,
            "AzimuthStart": 352,
            "CPFSource": "41579_cpf_220411_6010.sdg",
            "CampaignTrack": false,
            "DateTimeEnd": "20220412.082015",
            "DateTimeMiddle": "20220412.081455",
            "DateTimeStart": "20220412.080935",
            "MaximumElevation": 29,
            "Object_NORAD": "41579",
            "Object_Name": "COSMOS2517",
            "Pass": "NO/SO-CCW"
        },
        {
            "AzimuthEnd": 333,
            "AzimuthMiddle": 261,
            "AzimuthStart": 192,
            "CPFSource": "42829_cpf_220411_6010.sdg",
            "CampaignTrack": false,
            "DateTimeEnd": "20220412.083605",
            "DateTimeMiddle": "20220412.083145",
            "DateTimeStart": "20220412.082745",
            "MaximumElevation": 38,
            "Object_NORAD": "42829",
            "Object_Name": "TECHNOSAT",
            "Pass": "SO/NO-CW"
        },
        {
            "AzimuthEnd": 161,
            "AzimuthMiddle": 97,
            "AzimuthStart": 33,
            "CPFSource": "43437_cpf_220411_6010.sdg",
            "CampaignTrack": false,
            "DateTimeEnd": "20220412.100935",
            "DateTimeMiddle": "20220412.100435",
            "DateTimeStart": "20220412.095945",
            "MaximumElevation": 31,
            "Object_NORAD": "43437",
            "Object_Name": "SENTINEL3B",
            "Pass": "NE/SE-CW"
        },
        {
            "AzimuthEnd": 191,
            "AzimuthMiddle": 147,
            "AzimuthStart": 12,
            "CPFSource": "44083_cpf_220411_6010.sdg",
            "CampaignTrack": false,
            "DateTimeEnd": "20220412.101655",
            "DateTimeMiddle": "20220412.101305",
            "DateTimeStart": "20220412.100915",
            "MaximumElevation": 84,
            "Object_NORAD": "44083",
            "Object_Name": "ASTROCSTP2",
            "Pass": "NE/SO-CW"
        },
        {
            "AzimuthEnd": 189,
            "AzimuthMiddle": 99,
            "AzimuthStart": 15,
            "CPFSource": "41335_cpf_220411_6010.sdg",
            "CampaignTrack": false,
            "DateTimeEnd": "20220412.104905",
            "DateTimeMiddle": "20220412.104335",
            "DateTimeStart": "20220412.103815",
            "MaximumElevation": 77,
            "Object_NORAD": "41335",
            "Object_Name": "SENTINEL3A",
            "Pass": "NE/SO-CW"
        },
        {
            "AzimuthEnd": 210,
            "AzimuthMiddle": 282,
            "AzimuthStart": 359,
            "CPFSource": "43798_cpf_220411_6010.sdg",
            "CampaignTrack": false,
            "DateTimeEnd": "20220412.111905",
            "DateTimeMiddle": "20220412.111455",
            "DateTimeStart": "20220412.111055",
            "MaximumElevation": 48,
            "Object_NORAD": "43798",
            "Object_Name": "ASTROCSTP1",
            "Pass": "NO/SO-CCW"
        },
        {
            "AzimuthEnd": 326,
            "AzimuthMiddle": 264,
            "AzimuthStart": 201,
            "CPFSource": "47944_cpf_220411_6010.sdg",
            "CampaignTrack": false,
            "DateTimeEnd": "20220412.113615",
            "DateTimeMiddle": "20220412.113235",
            "DateTimeStart": "20220412.112905",
            "MaximumElevation": 27,
            "Object_NORAD": "47944",
            "Object_Name": "ELSAD",
            "Pass": "SO/NO-CW"
        },
        {
            "AzimuthEnd": 325,
            "AzimuthMiddle": 265,
            "AzimuthStart": 202,
            "CPFSource": "51288_cpf_220411_6010.sdg",
            "CampaignTrack": false,
            "DateTimeEnd": "20220412.113615",
            "DateTimeMiddle": "20220412.113245",
            "DateTimeStart": "20220412.112915",
            "MaximumElevation": 27,
            "Object_NORAD": "51288",
            "Object_Name": "ELSAD-C",
            "Pass": "SO/NO-CW"
        },
        {
            "AzimuthEnd": 232,
            "AzimuthMiddle": 293,
            "AzimuthStart": 349,
            "CPFSource": "43437_cpf_220411_6010.sdg",
            "CampaignTrack": false,
            "DateTimeEnd": "20220412.114855",
            "DateTimeMiddle": "20220412.114405",
            "DateTimeStart": "20220412.113935",
            "MaximumElevation": 27,
            "Object_NORAD": "43437",
            "Object_Name": "SENTINEL3B",
            "Pass": "NO/SO-CCW"
        },
        {
            "AzimuthEnd": 326,
            "AzimuthMiddle": 264,
            "AzimuthStart": 199,
            "CPFSource": "43186_cpf_220411_6010.sdg",
            "CampaignTrack": false,
            "DateTimeEnd": "20220412.115825",
            "DateTimeMiddle": "20220412.115435",
            "DateTimeStart": "20220412.115045",
            "MaximumElevation": 30,
            "Object_NORAD": "43186",
            "Object_Name": "SNETD",
            "Pass": "SO/NO-CW"
        },
        {
            "AzimuthEnd": 327,
            "AzimuthMiddle": 261,
            "AzimuthStart": 200,
            "CPFSource": "43187_cpf_220411_6010.sdg",
            "CampaignTrack": false,
            "DateTimeEnd": "20220412.115835",
            "DateTimeMiddle": "20220412.115435",
            "DateTimeStart": "20220412.115055",
            "MaximumElevation": 29,
            "Object_NORAD": "43187",
            "Object_Name": "SNETB",
            "Pass": "SO/NO-CW"
        },
        {
            "AzimuthEnd": 327,
            "AzimuthMiddle": 260,
            "AzimuthStart": 199,
            "CPFSource": "43188_cpf_220411_6010.sdg",
            "CampaignTrack": false,
            "DateTimeEnd": "20220412.115855",
            "DateTimeMiddle": "20220412.115455",
            "DateTimeStart": "20220412.115115",
            "MaximumElevation": 29,
            "Object_NORAD": "43188",
            "Object_Name": "SNETA",
            "Pass": "SO/NO-CW"
        },
        {
            "AzimuthEnd": 326,
            "AzimuthMiddle": 264,
            "AzimuthStart": 201,
            "CPFSource": "43189_cpf_220411_6010.sdg",
            "CampaignTrack": false,
            "DateTimeEnd": "20220412.115945",
            "DateTimeMiddle": "20220412.115555",
            "DateTimeStart": "20220412.115215",
            "MaximumElevation": 28,
            "Object_NORAD": "43189",
            "Object_Name": "SNETC",
            "Pass": "SO/NO-CW"
        },
        {
            "AzimuthEnd": 12,
            "AzimuthMiddle": 85,
            "AzimuthStart": 155,
            "CPFSource": "43476_cpf_220411_6010.sdg",
            "CampaignTrack": false,
            "DateTimeEnd": "20220412.135445",
            "DateTimeMiddle": "20220412.135055",
            "DateTimeStart": "20220412.134725",
            "MaximumElevation": 40,
            "Object_NORAD": "43476",
            "Object_Name": "GRACEFO1",
            "Pass": "SE/NE-CCW"
        },
        {
            "AzimuthEnd": 13,
            "AzimuthMiddle": 81,
            "AzimuthStart": 155,
            "CPFSource": "43477_cpf_220411_6010.sdg",
            "CampaignTrack": false,
            "DateTimeEnd": "20220412.135505",
            "DateTimeMiddle": "20220412.135125",
            "DateTimeStart": "20220412.134745",
            "MaximumElevation": 40,
            "Object_NORAD": "43477",
            "Object_Name": "GRACEFO2",
            "Pass": "SE/NE-CCW"
        },
        {
            "AzimuthEnd": 175,
            "AzimuthMiddle": 99,
            "AzimuthStart": 24,
            "CPFSource": "48900_cpf_220411_6010.sdg",
            "CampaignTrack": false,
            "DateTimeEnd": "20220412.143725",
            "DateTimeMiddle": "20220412.143325",
            "DateTimeStart": "20220412.142935",
            "MaximumElevation": 46,
            "Object_NORAD": "48900",
            "Object_Name": "TUBIN",
            "Pass": "NE/SE-CW"
        },
        {
            "AzimuthEnd": 52,
            "AzimuthMiddle": 103,
            "AzimuthStart": 153,
            "CPFSource": "46984_cpf_220411_6010.sdg",
            "CampaignTrack": false,
            "DateTimeEnd": "20220412.151405",
            "DateTimeMiddle": "20220412.150735",
            "DateTimeStart": "20220412.150115",
            "MaximumElevation": 23,
            "Object_NORAD": "46984",
            "Object_Name": "SENTINEL6A",
            "Pass": "SE/NE-CCW"
        },
        {
            "AzimuthEnd": 88,
            "AzimuthMiddle": 134,
            "AzimuthStart": 179,
            "CPFSource": "1328_cpf_220411_6010.sdg",
            "CampaignTrack": false,
            "DateTimeEnd": "20220412.164335",
            "DateTimeMiddle": "20220412.163745",
            "DateTimeStart": "20220412.163225",
            "MaximumElevation": 20,
            "Object_NORAD": "1328",
            "Object_Name": "EXPLORER27",
            "Pass": "SE/NE-CCW"
        },
        {
            "AzimuthEnd": 9,
            "AzimuthMiddle": 66,
            "AzimuthStart": 120,
            "CPFSource": "37781_cpf_220411_6010.sdg",
            "CampaignTrack": false,
            "DateTimeEnd": "20220412.165155",
            "DateTimeMiddle": "20220412.164635",
            "DateTimeStart": "20220412.164135",
            "MaximumElevation": 26,
            "Object_NORAD": "37781",
            "Object_Name": "HAIYANG2A",
            "Pass": "SE/NE-CCW"
        },
        {
            "AzimuthEnd": 24,
            "AzimuthMiddle": 302,
            "AzimuthStart": 217,
            "CPFSource": "46984_cpf_220411_6010.sdg",
            "CampaignTrack": false,
            "DateTimeEnd": "20220412.171115",
            "DateTimeMiddle": "20220412.170245",
            "DateTimeStart": "20220412.165425",
            "MaximumElevation": 68,
            "Object_NORAD": "46984",
            "Object_Name": "SENTINEL6A",
            "Pass": "SO/NE-CW"
        },
        {
            "AzimuthEnd": 354,
            "AzimuthMiddle": 71,
            "AzimuthStart": 148,
            "CPFSource": "43655_cpf_220411_6010.sdg",
            "CampaignTrack": false,
            "DateTimeEnd": "20220412.174505",
            "DateTimeMiddle": "20220412.173855",
            "DateTimeStart": "20220412.173255",
            "MaximumElevation": 57,
            "Object_NORAD": "43655",
            "Object_Name": "HAIYANG2B",
            "Pass": "SE/NO-CW"
        },
        {
            "AzimuthEnd": 350,
            "AzimuthMiddle": 76,
            "AzimuthStart": 156,
            "CPFSource": "41579_cpf_220411_6010.sdg",
            "CampaignTrack": false,
            "DateTimeEnd": "20220412.181535",
            "DateTimeMiddle": "20220412.180915",
            "DateTimeStart": "20220412.180315",
            "MaximumElevation": 71,
            "Object_NORAD": "41579",
            "Object_Name": "COSMOS2517",
            "Pass": "SE/NO-CW"
        },
        {
            "AzimuthEnd": 336,
            "AzimuthMiddle": 257,
            "AzimuthStart": 185,
            "CPFSource": "36605_cpf_220411_6010.sdg",
            "CampaignTrack": false,
            "DateTimeEnd": "20220412.182805",
            "DateTimeMiddle": "20220412.182415",
            "DateTimeStart": "20220412.182035",
            "MaximumElevation": 45,
            "Object_NORAD": "36605",
            "Object_Name": "TANDEMX",
            "Pass": "SO/NO-CW"
        },
        {
            "AzimuthEnd": 336,
            "AzimuthMiddle": 265,
            "AzimuthStart": 186,
            "CPFSource": "31698_cpf_220411_6010.sdg",
            "CampaignTrack": false,
            "DateTimeEnd": "20220412.182815",
            "DateTimeMiddle": "20220412.182425",
            "DateTimeStart": "20220412.182045",
            "MaximumElevation": 45,
            "Object_NORAD": "31698",
            "Object_Name": "TERRASARX",
            "Pass": "SO/NO-CW"
        },
        {
            "AzimuthEnd": 69,
            "AzimuthMiddle": 148,
            "AzimuthStart": 230,
            "CPFSource": "1328_cpf_220411_6010.sdg",
            "CampaignTrack": false,
            "DateTimeEnd": "20220412.183915",
            "DateTimeMiddle": "20220412.183045",
            "DateTimeStart": "20220412.182305",
            "MaximumElevation": 65,
            "Object_NORAD": "1328",
            "Object_Name": "EXPLORER27",
            "Pass": "SO/NE-CCW"
        },
        {
            "AzimuthEnd": 332,
            "AzimuthMiddle": 261,
            "AzimuthStart": 189,
            "CPFSource": "37781_cpf_220411_6010.sdg",
            "CampaignTrack": false,
            "DateTimeEnd": "20220412.183525",
            "DateTimeMiddle": "20220412.182925",
            "DateTimeStart": "20220412.182335",
            "MaximumElevation": 44,
            "Object_NORAD": "37781",
            "Object_Name": "HAIYANG2A",
            "Pass": "SO/NO-CW"
        },
        {
            "AzimuthEnd": 168,
            "AzimuthMiddle": 96,
            "AzimuthStart": 27,
            "CPFSource": "42829_cpf_220411_6010.sdg",
            "CampaignTrack": false,
            "DateTimeEnd": "20220412.202115",
            "DateTimeMiddle": "20220412.201705",
            "DateTimeStart": "20220412.201305",
            "MaximumElevation": 38,
            "Object_NORAD": "42829",
            "Object_Name": "TECHNOSAT",
            "Pass": "NE/SE-CW"
        },
        {
            "AzimuthEnd": 72,
            "AzimuthMiddle": 349,
            "AzimuthStart": 265,
            "CPFSource": "1328_cpf_220411_6010.sdg",
            "CampaignTrack": false,
            "DateTimeEnd": "20220412.203335",
            "DateTimeMiddle": "20220412.202455",
            "DateTimeStart": "20220412.201645",
            "MaximumElevation": 68,
            "Object_NORAD": "1328",
            "Object_Name": "EXPLORER27",
            "Pass": "SO/NE-CW"
        },
        {
            "AzimuthEnd": 17,
            "AzimuthMiddle": 69,
            "AzimuthStart": 123,
            "CPFSource": "44083_cpf_220411_6010.sdg",
            "CampaignTrack": false,
            "DateTimeEnd": "20220412.204955",
            "DateTimeMiddle": "20220412.204655",
            "DateTimeStart": "20220412.204355",
            "MaximumElevation": 21,
            "Object_NORAD": "44083",
            "Object_Name": "ASTROCSTP2",
            "Pass": "SE/NE-CCW"
        },
        {
            "AzimuthEnd": 2,
            "AzimuthMiddle": 72,
            "AzimuthStart": 138,
            "CPFSource": "43437_cpf_220411_6010.sdg",
            "CampaignTrack": false,
            "DateTimeEnd": "20220412.212655",
            "DateTimeMiddle": "20220412.212145",
            "DateTimeStart": "20220412.211655",
            "MaximumElevation": 39,
            "Object_NORAD": "43437",
            "Object_Name": "SENTINEL3B",
            "Pass": "SE/NE-CCW"
        },
        {
            "AzimuthEnd": 346,
            "AzimuthMiddle": 238,
            "AzimuthStart": 166,
            "CPFSource": "41335_cpf_220411_6010.sdg",
            "CampaignTrack": false,
            "DateTimeEnd": "20220412.220615",
            "DateTimeMiddle": "20220412.220035",
            "DateTimeStart": "20220412.215515",
            "MaximumElevation": 87,
            "Object_NORAD": "41335",
            "Object_Name": "SENTINEL3A",
            "Pass": "SE/NO-CW"
        },
        {
            "AzimuthEnd": 352,
            "AzimuthMiddle": 75,
            "AzimuthStart": 159,
            "CPFSource": "43798_cpf_220411_6010.sdg",
            "CampaignTrack": false,
            "DateTimeEnd": "20220412.220455",
            "DateTimeMiddle": "20220412.220035",
            "DateTimeStart": "20220412.215625",
            "MaximumElevation": 70,
            "Object_NORAD": "43798",
            "Object_Name": "ASTROCSTP1",
            "Pass": "SE/NO-CW"
        },
        {
            "AzimuthEnd": 92,
            "AzimuthMiddle": 10,
            "AzimuthStart": 286,
            "CPFSource": "1328_cpf_220411_6010.sdg",
            "CampaignTrack": false,
            "DateTimeEnd": "20220412.222825",
            "DateTimeMiddle": "20220412.221945",
            "DateTimeStart": "20220412.221125",
            "MaximumElevation": 67,
            "Object_NORAD": "1328",
            "Object_Name": "EXPLORER27",
            "Pass": "NO/SE-CW"
        },
        {
            "AzimuthEnd": 318,
            "AzimuthMiddle": 264,
            "AzimuthStart": 213,
            "CPFSource": "43437_cpf_220411_6010.sdg",
            "CampaignTrack": false,
            "DateTimeEnd": "20220412.230605",
            "DateTimeMiddle": "20220412.230135",
            "DateTimeStart": "20220412.225725",
            "MaximumElevation": 22,
            "Object_NORAD": "43437",
            "Object_Name": "SENTINEL3B",
            "Pass": "SO/NO-CW"
        },
        {
            "AzimuthEnd": 167,
            "AzimuthMiddle": 95,
            "AzimuthStart": 29,
            "CPFSource": "47944_cpf_220411_6010.sdg",
            "CampaignTrack": false,
            "DateTimeEnd": "20220412.231425",
            "DateTimeMiddle": "20220412.231025",
            "DateTimeStart": "20220412.230645",
            "MaximumElevation": 36,
            "Object_NORAD": "47944",
            "Object_Name": "ELSAD",
            "Pass": "NE/SE-CW"
        },
        {
            "AzimuthEnd": 168,
            "AzimuthMiddle": 96,
            "AzimuthStart": 28,
            "CPFSource": "51288_cpf_220411_6010.sdg",
            "CampaignTrack": false,
            "DateTimeEnd": "20220412.231435",
            "DateTimeMiddle": "20220412.231035",
            "DateTimeStart": "20220412.230645",
            "MaximumElevation": 36,
            "Object_NORAD": "51288",
            "Object_Name": "ELSAD-C",
            "Pass": "NE/SE-CW"
        },
        {
            "AzimuthEnd": 171,
            "AzimuthMiddle": 100,
            "AzimuthStart": 26,
            "CPFSource": "43186_cpf_220411_6010.sdg",
            "CampaignTrack": false,
            "DateTimeEnd": "20220412.234105",
            "DateTimeMiddle": "20220412.233705",
            "DateTimeStart": "20220412.233305",
            "MaximumElevation": 41,
            "Object_NORAD": "43186",
            "Object_Name": "SNETD",
            "Pass": "NE/SE-CW"
        },
        {
            "AzimuthEnd": 171,
            "AzimuthMiddle": 96,
            "AzimuthStart": 26,
            "CPFSource": "43187_cpf_220411_6010.sdg",
            "CampaignTrack": false,
            "DateTimeEnd": "20220412.234115",
            "DateTimeMiddle": "20220412.233705",
            "DateTimeStart": "20220412.233315",
            "MaximumElevation": 41,
            "Object_NORAD": "43187",
            "Object_Name": "SNETB",
            "Pass": "NE/SE-CW"
        },
        {
            "AzimuthEnd": 171,
            "AzimuthMiddle": 102,
            "AzimuthStart": 26,
            "CPFSource": "43188_cpf_220411_6010.sdg",
            "CampaignTrack": false,
            "DateTimeEnd": "20220412.234135",
            "DateTimeMiddle": "20220412.233735",
            "DateTimeStart": "20220412.233335",
            "MaximumElevation": 41,
            "Object_NORAD": "43188",
            "Object_Name": "SNETA",
            "Pass": "NE/SE-CW"
        },
        {
            "AzimuthEnd": 172,
            "AzimuthMiddle": 100,
            "AzimuthStart": 25,
            "CPFSource": "43189_cpf_220411_6010.sdg",
            "CampaignTrack": false,
            "DateTimeEnd": "20220412.234225",
            "DateTimeMiddle": "20220412.233825",
            "DateTimeStart": "20220412.233425",
            "MaximumElevation": 43,
            "Object_NORAD": "43189",
            "Object_Name": "SNETC",
            "Pass": "NE/SE-CW"
        },
        {
            "AzimuthEnd": 125,
            "AzimuthMiddle": 208,
            "AzimuthStart": 290,
            "CPFSource": "1328_cpf_220411_6010.sdg",
            "CampaignTrack": false,
            "DateTimeEnd": "20220413.002235",
            "DateTimeMiddle": "20220413.001405",
            "DateTimeStart": "20220413.000535",
            "MaximumElevation": 73,
            "Object_NORAD": "1328",
            "Object_Name": "EXPLORER27",
            "Pass": "NO/SE-CCW"
        },
        {
            "AzimuthEnd": 122,
            "AzimuthMiddle": 52,
            "AzimuthStart": 343,
            "CPFSource": "46984_cpf_220411_6010.sdg",
            "CampaignTrack": false,
            "DateTimeEnd": "20220413.010835",
            "DateTimeMiddle": "20220413.010035",
            "DateTimeStart": "20220413.005245",
            "MaximumElevation": 41,
            "Object_NORAD": "46984",
            "Object_Name": "SENTINEL6A",
            "Pass": "NO/SE-CW"
        },
        {
            "AzimuthEnd": 137,
            "AzimuthMiddle": 85,
            "AzimuthStart": 33,
            "CPFSource": "43476_cpf_220411_6010.sdg",
            "CampaignTrack": false,
            "DateTimeEnd": "20220413.012335",
            "DateTimeMiddle": "20220413.012035",
            "DateTimeStart": "20220413.011735",
            "MaximumElevation": 20,
            "Object_NORAD": "43476",
            "Object_Name": "GRACEFO1",
            "Pass": "NE/SE-CW"
        },
        {
            "AzimuthEnd": 138,
            "AzimuthMiddle": 82,
            "AzimuthStart": 33,
            "CPFSource": "43477_cpf_220411_6010.sdg",
            "CampaignTrack": false,
            "DateTimeEnd": "20220413.012405",
            "DateTimeMiddle": "20220413.012055",
            "DateTimeStart": "20220413.011805",
            "MaximumElevation": 20,
            "Object_NORAD": "43477",
            "Object_Name": "GRACEFO2",
            "Pass": "NE/SE-CW"
        },
        {
            "AzimuthEnd": 170,
            "AzimuthMiddle": 223,
            "AzimuthStart": 276,
            "CPFSource": "1328_cpf_220411_6010.sdg",
            "CampaignTrack": false,
            "DateTimeEnd": "20220413.021355",
            "DateTimeMiddle": "20220413.020725",
            "DateTimeStart": "20220413.020035",
            "MaximumElevation": 25,
            "Object_NORAD": "1328",
            "Object_Name": "EXPLORER27",
            "Pass": "NO/SE-CCW"
        },
        {
            "AzimuthEnd": 326,
            "AzimuthMiddle": 262,
            "AzimuthStart": 202,
            "CPFSource": "48900_cpf_220411_6010.sdg",
            "CampaignTrack": false,
            "DateTimeEnd": "20220413.025005",
            "DateTimeMiddle": "20220413.024625",
            "DateTimeStart": "20220413.024305",
            "MaximumElevation": 27,
            "Object_NORAD": "48900",
            "Object_Name": "TUBIN",
            "Pass": "SO/NO-CW"
        },
        {
            "AzimuthEnd": 181,
            "AzimuthMiddle": 251,
            "AzimuthStart": 318,
            "CPFSource": "46984_cpf_220411_6010.sdg",
            "CampaignTrack": false,
            "DateTimeEnd": "20220413.030425",
            "DateTimeMiddle": "20220413.025625",
            "DateTimeStart": "20220413.024845",
            "MaximumElevation": 43,
            "Object_NORAD": "46984",
            "Object_Name": "SENTINEL6A",
            "Pass": "NO/SO-CCW"
        },
        {
            "AzimuthEnd": 171,
            "AzimuthMiddle": 98,
            "AzimuthStart": 27,
            "CPFSource": "43655_cpf_220411_6010.sdg",
            "CampaignTrack": false,
            "DateTimeEnd": "20220413.062655",
            "DateTimeMiddle": "20220413.062055",
            "DateTimeStart": "20220413.061505",
            "MaximumElevation": 43,
            "Object_NORAD": "43655",
            "Object_Name": "HAIYANG2B",
            "Pass": "NE/SE-CW"
        },
        {
            "AzimuthEnd": 176,
            "AzimuthMiddle": 98,
            "AzimuthStart": 24,
            "CPFSource": "41579_cpf_220411_6010.sdg",
            "CampaignTrack": false,
            "DateTimeEnd": "20220413.065355",
            "DateTimeMiddle": "20220413.064745",
            "DateTimeStart": "20220413.064155",
            "MaximumElevation": 51,
            "Object_NORAD": "41579",
            "Object_Name": "COSMOS2517",
            "Pass": "NE/SE-CW"
        },
        {
            "AzimuthEnd": 210,
            "AzimuthMiddle": 287,
            "AzimuthStart": 5,
            "CPFSource": "37781_cpf_220411_6010.sdg",
            "CampaignTrack": false,
            "DateTimeEnd": "20220413.071755",
            "DateTimeMiddle": "20220413.071145",
            "DateTimeStart": "20220413.070535",
            "MaximumElevation": 57,
            "Object_NORAD": "37781",
            "Object_Name": "HAIYANG2A",
            "Pass": "NE/SO-CW"
        },
        {
            "AzimuthEnd": 231,
            "AzimuthMiddle": 288,
            "AzimuthStart": 344,
            "CPFSource": "36605_cpf_220411_6010.sdg",
            "CampaignTrack": false,
            "DateTimeEnd": "20220413.073405",
            "DateTimeMiddle": "20220413.073045",
            "DateTimeStart": "20220413.072735",
            "MaximumElevation": 23,
            "Object_NORAD": "36605",
            "Object_Name": "TANDEMX",
            "Pass": "NO/SO-CCW"
        },
        {
            "AzimuthEnd": 231,
            "AzimuthMiddle": 289,
            "AzimuthStart": 344,
            "CPFSource": "31698_cpf_220411_6010.sdg",
            "CampaignTrack": false,
            "DateTimeEnd": "20220413.073405",
            "DateTimeMiddle": "20220413.073045",
            "DateTimeStart": "20220413.072735",
            "MaximumElevation": 23,
            "Object_NORAD": "31698",
            "Object_Name": "TERRASARX",
            "Pass": "NO/SO-CCW"
        },
        {
            "AzimuthEnd": 238,
            "AzimuthMiddle": 296,
            "AzimuthStart": 349,
            "CPFSource": "43655_cpf_220411_6010.sdg",
            "CampaignTrack": false,
            "DateTimeEnd": "20220413.080855",
            "DateTimeMiddle": "20220413.080335",
            "DateTimeStart": "20220413.075835",
            "MaximumElevation": 26,
            "Object_NORAD": "43655",
            "Object_Name": "HAIYANG2B",
            "Pass": "NO/SO-CCW"
        },
        {
            "AzimuthEnd": 245,
            "AzimuthMiddle": 296,
            "AzimuthStart": 345,
            "CPFSource": "41579_cpf_220411_6010.sdg",
            "CampaignTrack": false,
            "DateTimeEnd": "20220413.083445",
            "DateTimeMiddle": "20220413.082955",
            "DateTimeStart": "20220413.082515",
            "MaximumElevation": 22,
            "Object_NORAD": "41579",
            "Object_Name": "COSMOS2517",
            "Pass": "NO/SO-CCW"
        },
        {
            "AzimuthEnd": 327,
            "AzimuthMiddle": 261,
            "AzimuthStart": 200,
            "CPFSource": "42829_cpf_220411_6010.sdg",
            "CampaignTrack": false,
            "DateTimeEnd": "20220413.084445",
            "DateTimeMiddle": "20220413.084035",
            "DateTimeStart": "20220413.083645",
            "MaximumElevation": 29,
            "Object_NORAD": "42829",
            "Object_Name": "TECHNOSAT",
            "Pass": "SO/NO-CW"
        },
        {
            "AzimuthEnd": 170,
            "AzimuthMiddle": 99,
            "AzimuthStart": 27,
            "CPFSource": "44083_cpf_220411_6010.sdg",
            "CampaignTrack": false,
            "DateTimeEnd": "20220413.095345",
            "DateTimeMiddle": "20220413.095005",
            "DateTimeStart": "20220413.094635",
            "MaximumElevation": 39,
            "Object_NORAD": "44083",
            "Object_Name": "ASTROCSTP2",
            "Pass": "NE/SE-CW"
        },
        {
            "AzimuthEnd": 171,
            "AzimuthMiddle": 100,
            "AzimuthStart": 27,
            "CPFSource": "41335_cpf_220411_6010.sdg",
            "CampaignTrack": false,
            "DateTimeEnd": "20220413.102255",
            "DateTimeMiddle": "20220413.101745",
            "DateTimeStart": "20220413.101235",
            "MaximumElevation": 42,
            "Object_NORAD": "41335",
            "Object_Name": "SENTINEL3A",
            "Pass": "NE/SE-CW"
        },
        {
            "AzimuthEnd": 18,
            "AzimuthMiddle": 68,
            "AzimuthStart": 118,
            "CPFSource": "43189_cpf_220411_6010.sdg",
            "CampaignTrack": false,
            "DateTimeEnd": "20220413.102725",
            "DateTimeMiddle": "20220413.102405",
            "DateTimeStart": "20220413.102055",
            "MaximumElevation": 20,
            "Object_NORAD": "43189",
            "Object_Name": "SNETC",
            "Pass": "SE/NE-CCW"
        },
        {
            "AzimuthEnd": 214,
            "AzimuthMiddle": 289,
            "AzimuthStart": 1,
            "CPFSource": "43437_cpf_220411_6010.sdg",
            "CampaignTrack": false,
            "DateTimeEnd": "20220413.112345",
            "DateTimeMiddle": "20220413.111825",
            "DateTimeStart": "20220413.111315",
            "MaximumElevation": 48,
            "Object_NORAD": "43437",
            "Object_Name": "SENTINEL3B",
            "Pass": "NE/SO-CW"
        },
        {
            "AzimuthEnd": 213,
            "AzimuthMiddle": 284,
            "AzimuthStart": 358,
            "CPFSource": "43798_cpf_220411_6010.sdg",
            "CampaignTrack": false,
            "DateTimeEnd": "20220413.112235",
            "DateTimeMiddle": "20220413.111835",
            "DateTimeStart": "20220413.111435",
            "MaximumElevation": 43,
            "Object_NORAD": "43798",
            "Object_Name": "ASTROCSTP1",
            "Pass": "NO/SO-CCW"
        },
        {
            "AzimuthEnd": 329,
            "AzimuthMiddle": 261,
            "AzimuthStart": 196,
            "CPFSource": "47944_cpf_220411_6010.sdg",
            "CampaignTrack": false,
            "DateTimeEnd": "20220413.113005",
            "DateTimeMiddle": "20220413.112615",
            "DateTimeStart": "20220413.112245",
            "MaximumElevation": 33,
            "Object_NORAD": "47944",
            "Object_Name": "ELSAD",
            "Pass": "SO/NO-CW"
        },
        {
            "AzimuthEnd": 329,
            "AzimuthMiddle": 260,
            "AzimuthStart": 196,
            "CPFSource": "51288_cpf_220411_6010.sdg",
            "CampaignTrack": false,
            "DateTimeEnd": "20220413.113015",
            "DateTimeMiddle": "20220413.112625",
            "DateTimeStart": "20220413.112255",
            "MaximumElevation": 33,
            "Object_NORAD": "51288",
            "Object_Name": "ELSAD-C",
            "Pass": "SO/NO-CW"
        },
        {
            "AzimuthEnd": 244,
            "AzimuthMiddle": 294,
            "AzimuthStart": 342,
            "CPFSource": "41335_cpf_220411_6010.sdg",
            "CampaignTrack": false,
            "DateTimeEnd": "20220413.120115",
            "DateTimeMiddle": "20220413.115705",
            "DateTimeStart": "20220413.115305",
            "MaximumElevation": 21,
            "Object_NORAD": "41335",
            "Object_Name": "SENTINEL3A",
            "Pass": "NO/SO-CCW"
        },
        {
            "AzimuthEnd": 325,
            "AzimuthMiddle": 264,
            "AzimuthStart": 202,
            "CPFSource": "43186_cpf_220411_6010.sdg",
            "CampaignTrack": false,
            "DateTimeEnd": "20220413.120135",
            "DateTimeMiddle": "20220413.115745",
            "DateTimeStart": "20220413.115405",
            "MaximumElevation": 27,
            "Object_NORAD": "43186",
            "Object_Name": "SNETD",
            "Pass": "SO/NO-CW"
        },
        {
            "AzimuthEnd": 324,
            "AzimuthMiddle": 261,
            "AzimuthStart": 202,
            "CPFSource": "43187_cpf_220411_6010.sdg",
            "CampaignTrack": false,
            "DateTimeEnd": "20220413.120135",
            "DateTimeMiddle": "20220413.115745",
            "DateTimeStart": "20220413.115405",
            "MaximumElevation": 27,
            "Object_NORAD": "43187",
            "Object_Name": "SNETB",
            "Pass": "SO/NO-CW"
        },
        {
            "AzimuthEnd": 324,
            "AzimuthMiddle": 261,
            "AzimuthStart": 203,
            "CPFSource": "43188_cpf_220411_6010.sdg",
            "CampaignTrack": false,
            "DateTimeEnd": "20220413.120155",
            "DateTimeMiddle": "20220413.115805",
            "DateTimeStart": "20220413.115435",
            "MaximumElevation": 27,
            "Object_NORAD": "43188",
            "Object_Name": "SNETA",
            "Pass": "SO/NO-CW"
        },
        {
            "AzimuthEnd": 323,
            "AzimuthMiddle": 264,
            "AzimuthStart": 204,
            "CPFSource": "43189_cpf_220411_6010.sdg",
            "CampaignTrack": false,
            "DateTimeEnd": "20220413.120245",
            "DateTimeMiddle": "20220413.115905",
            "DateTimeStart": "20220413.115525",
            "MaximumElevation": 26,
            "Object_NORAD": "43189",
            "Object_Name": "SNETC",
            "Pass": "SO/NO-CW"
        },
        {
            "AzimuthEnd": 24,
            "AzimuthMiddle": 81,
            "AzimuthStart": 137,
            "CPFSource": "43476_cpf_220411_6010.sdg",
            "CampaignTrack": false,
            "DateTimeEnd": "20220413.133205",
            "DateTimeMiddle": "20220413.132845",
            "DateTimeStart": "20220413.132535",
            "MaximumElevation": 23,
            "Object_NORAD": "43476",
            "Object_Name": "GRACEFO1",
            "Pass": "SE/NE-CCW"
        },
        {
            "AzimuthEnd": 25,
            "AzimuthMiddle": 83,
            "AzimuthStart": 137,
            "CPFSource": "43477_cpf_220411_6010.sdg",
            "CampaignTrack": false,
            "DateTimeEnd": "20220413.133225",
            "DateTimeMiddle": "20220413.132905",
            "DateTimeStart": "20220413.132605",
            "MaximumElevation": 23,
            "Object_NORAD": "43477",
            "Object_Name": "GRACEFO2",
            "Pass": "SE/NE-CCW"
        },
        {
            "AzimuthEnd": 163,
            "AzimuthMiddle": 97,
            "AzimuthStart": 31,
            "CPFSource": "48900_cpf_220411_6010.sdg",
            "CampaignTrack": false,
            "DateTimeEnd": "20220413.142525",
            "DateTimeMiddle": "20220413.142145",
            "DateTimeStart": "20220413.141805",
            "MaximumElevation": 32,
            "Object_NORAD": "48900",
            "Object_Name": "TUBIN",
            "Pass": "NE/SE-CW"
        },
        {
            "AzimuthEnd": 41,
            "AzimuthMiddle": 108,
            "AzimuthStart": 175,
            "CPFSource": "46984_cpf_220411_6010.sdg",
            "CampaignTrack": false,
            "DateTimeEnd": "20220413.153735",
            "DateTimeMiddle": "20220413.152945",
            "DateTimeStart": "20220413.152205",
            "MaximumElevation": 40,
            "Object_NORAD": "46984",
            "Object_Name": "SENTINEL6A",
            "Pass": "SE/NE-CCW"
        },
        {
            "AzimuthEnd": 0,
            "AzimuthMiddle": 69,
            "AzimuthStart": 135,
            "CPFSource": "37781_cpf_220411_6010.sdg",
            "CampaignTrack": false,
            "DateTimeEnd": "20220413.171505",
            "DateTimeMiddle": "20220413.170905",
            "DateTimeStart": "20220413.170325",
            "MaximumElevation": 39,
            "Object_NORAD": "37781",
            "Object_Name": "HAIYANG2A",
            "Pass": "SE/N-CCW"
        },
        {
            "AzimuthEnd": 18,
            "AzimuthMiddle": 307,
            "AzimuthStart": 235,
            "CPFSource": "46984_cpf_220411_6010.sdg",
            "CampaignTrack": false,
            "DateTimeEnd": "20220413.173345",
            "DateTimeMiddle": "20220413.172535",
            "DateTimeStart": "20220413.171735",
            "MaximumElevation": 43,
            "Object_NORAD": "46984",
            "Object_Name": "SENTINEL6A",
            "Pass": "SO/NE-CW"
        },
        {
            "AzimuthEnd": 71,
            "AzimuthMiddle": 148,
            "AzimuthStart": 220,
            "CPFSource": "1328_cpf_220411_6010.sdg",
            "CampaignTrack": false,
            "DateTimeEnd": "20220413.175425",
            "DateTimeMiddle": "20220413.174615",
            "DateTimeStart": "20220413.173905",
            "MaximumElevation": 53,
            "Object_NORAD": "1328",
            "Object_Name": "EXPLORER27",
            "Pass": "SO/NE-CCW"
        },
        {
            "AzimuthEnd": 346,
            "AzimuthMiddle": 87,
            "AzimuthStart": 163,
            "CPFSource": "43655_cpf_220411_6010.sdg",
            "CampaignTrack": false,
            "DateTimeEnd": "20220413.180715",
            "DateTimeMiddle": "20220413.180055",
            "DateTimeStart": "20220413.175445",
            "MaximumElevation": 87,
            "Object_NORAD": "43655",
            "Object_Name": "HAIYANG2B",
            "Pass": "SE/NO-CW"
        },
        {
            "AzimuthEnd": 346,
            "AzimuthMiddle": 271,
            "AzimuthStart": 170,
            "CPFSource": "36605_cpf_220411_6010.sdg",
            "CampaignTrack": false,
            "DateTimeEnd": "20220413.181115",
            "DateTimeMiddle": "20220413.180715",
            "DateTimeStart": "20220413.180325",
            "MaximumElevation": 81,
            "Object_NORAD": "36605",
            "Object_Name": "TANDEMX",
            "Pass": "SE/NO-CW"
        },
        {
            "AzimuthEnd": 346,
            "AzimuthMiddle": 254,
            "AzimuthStart": 170,
            "CPFSource": "31698_cpf_220411_6010.sdg",
            "CampaignTrack": false,
            "DateTimeEnd": "20220413.181115",
            "DateTimeMiddle": "20220413.180715",
            "DateTimeStart": "20220413.180325",
            "MaximumElevation": 81,
            "Object_NORAD": "31698",
            "Object_Name": "TERRASARX",
            "Pass": "SE/NO-CW"
        },
        {
            "AzimuthEnd": 345,
            "AzimuthMiddle": 227,
            "AzimuthStart": 166,
            "CPFSource": "41579_cpf_220411_6010.sdg",
            "CampaignTrack": false,
            "DateTimeEnd": "20220413.183045",
            "DateTimeMiddle": "20220413.182425",
            "DateTimeStart": "20220413.181825",
            "MaximumElevation": 85,
            "Object_NORAD": "41579",
            "Object_Name": "COSMOS2517",
            "Pass": "SE/NO-CW"
        },
        {
            "AzimuthEnd": 323,
            "AzimuthMiddle": 264,
            "AzimuthStart": 205,
            "CPFSource": "37781_cpf_220411_6010.sdg",
            "CampaignTrack": false,
            "DateTimeEnd": "20220413.185745",
            "DateTimeMiddle": "20220413.185215",
            "DateTimeStart": "20220413.184655",
            "MaximumElevation": 28,
            "Object_NORAD": "37781",
            "Object_Name": "HAIYANG2A",
            "Pass": "SO/NO-CW"
        },
        {
            "AzimuthEnd": 70,
            "AzimuthMiddle": 344,
            "AzimuthStart": 259,
            "CPFSource": "1328_cpf_220411_6010.sdg",
            "CampaignTrack": false,
            "DateTimeEnd": "20220413.194855",
            "DateTimeMiddle": "20220413.194015",
            "DateTimeStart": "20220413.193215",
            "MaximumElevation": 74,
            "Object_NORAD": "1328",
            "Object_Name": "EXPLORER27",
            "Pass": "SO/NE-CW"
        },
        {
            "AzimuthEnd": 176,
            "AzimuthMiddle": 95,
            "AzimuthStart": 22,
            "CPFSource": "42829_cpf_220411_6010.sdg",
            "CampaignTrack": false,
            "DateTimeEnd": "20220413.203015",
            "DateTimeMiddle": "20220413.202555",
            "DateTimeStart": "20220413.202145",
            "MaximumElevation": 50,
            "Object_NORAD": "42829",
            "Object_Name": "TECHNOSAT",
            "Pass": "NE/SE-CW"
        },
        {
            "AzimuthEnd": 13,
            "AzimuthMiddle": 65,
            "AzimuthStart": 118,
            "CPFSource": "43437_cpf_220411_6010.sdg",
            "CampaignTrack": false,
            "DateTimeEnd": "20220413.210035",
            "DateTimeMiddle": "20220413.205615",
            "DateTimeStart": "20220413.205155",
            "MaximumElevation": 22,
            "Object_NORAD": "43437",
            "Object_Name": "SENTINEL3B",
            "Pass": "SE/NE-CCW"
        },
        {
            "AzimuthEnd": 86,
            "AzimuthMiddle": 1,
            "AzimuthStart": 283,
            "CPFSource": "1328_cpf_220411_6010.sdg",
            "CampaignTrack": false,
            "DateTimeEnd": "20220413.214335",
            "DateTimeMiddle": "20220413.213455",
            "DateTimeStart": "20220413.212645",
            "MaximumElevation": 64,
            "Object_NORAD": "1328",
            "Object_Name": "EXPLORER27",
            "Pass": "NO/NE-CW"
        },
        {
            "AzimuthEnd": 356,
            "AzimuthMiddle": 75,
            "AzimuthStart": 147,
            "CPFSource": "41335_cpf_220411_6010.sdg",
            "CampaignTrack": false,
            "DateTimeEnd": "20220413.214015",
            "DateTimeMiddle": "20220413.213445",
            "DateTimeStart": "20220413.212935",
            "MaximumElevation": 52,
            "Object_NORAD": "41335",
            "Object_Name": "SENTINEL3A",
            "Pass": "SE/NO-CW"
        },
        {
            "AzimuthEnd": 332,
            "AzimuthMiddle": 260,
            "AzimuthStart": 193,
            "CPFSource": "44083_cpf_220411_6010.sdg",
            "CampaignTrack": false,
            "DateTimeEnd": "20220413.220055",
            "DateTimeMiddle": "20220413.215715",
            "DateTimeStart": "20220413.215355",
            "MaximumElevation": 36,
            "Object_NORAD": "44083",
            "Object_Name": "ASTROCSTP2",
            "Pass": "SO/NO-CW"
        },
        {
            "AzimuthEnd": 350,
            "AzimuthMiddle": 83,
            "AzimuthStart": 163,
            "CPFSource": "43798_cpf_220411_6010.sdg",
            "CampaignTrack": false,
            "DateTimeEnd": "20220413.220835",
            "DateTimeMiddle": "20220413.220415",
            "DateTimeStart": "20220413.220005",
            "MaximumElevation": 79,
            "Object_NORAD": "43798",
            "Object_Name": "ASTROCSTP1",
            "Pass": "SE/NO-CW"
        },
        {
            "AzimuthEnd": 332,
            "AzimuthMiddle": 260,
            "AzimuthStart": 191,
            "CPFSource": "43437_cpf_220411_6010.sdg",
            "CampaignTrack": false,
            "DateTimeEnd": "20220413.224055",
            "DateTimeMiddle": "20220413.223535",
            "DateTimeStart": "20220413.223035",
            "MaximumElevation": 39,
            "Object_NORAD": "43437",
            "Object_Name": "SENTINEL3B",
            "Pass": "SO/NO-CW"
        },
        {
            "AzimuthEnd": 162,
            "AzimuthMiddle": 98,
            "AzimuthStart": 33,
            "CPFSource": "47944_cpf_220411_6010.sdg",
            "CampaignTrack": false,
            "DateTimeEnd": "20220413.230805",
            "DateTimeMiddle": "20220413.230415",
            "DateTimeStart": "20220413.230035",
            "MaximumElevation": 30,
            "Object_NORAD": "47944",
            "Object_Name": "ELSAD",
            "Pass": "NE/SE-CW"
        },
        {
            "AzimuthEnd": 162,
            "AzimuthMiddle": 97,
            "AzimuthStart": 33,
            "CPFSource": "51288_cpf_220411_6010.sdg",
            "CampaignTrack": false,
            "DateTimeEnd": "20220413.230815",
            "DateTimeMiddle": "20220413.230425",
            "DateTimeStart": "20220413.230045",
            "MaximumElevation": 30,
            "Object_NORAD": "51288",
            "Object_Name": "ELSAD-C",
            "Pass": "NE/SE-CW"
        },
        {
            "AzimuthEnd": 117,
            "AzimuthMiddle": 195,
            "AzimuthStart": 290,
            "CPFSource": "1328_cpf_220411_6010.sdg",
            "CampaignTrack": false,
            "DateTimeEnd": "20220413.233805",
            "DateTimeMiddle": "20220413.232935",
            "DateTimeStart": "20220413.232105",
            "MaximumElevation": 84,
            "Object_NORAD": "1328",
            "Object_Name": "EXPLORER27",
            "Pass": "NO/SE-CCW"
        },
        {
            "AzimuthEnd": 173,
            "AzimuthMiddle": 101,
            "AzimuthStart": 25,
            "CPFSource": "43186_cpf_220411_6010.sdg",
            "CampaignTrack": false,
            "DateTimeEnd": "20220413.234415",
            "DateTimeMiddle": "20220413.234015",
            "DateTimeStart": "20220413.233615",
            "MaximumElevation": 45,
            "Object_NORAD": "43186",
            "Object_Name": "SNETD",
            "Pass": "NE/SE-CW"
        },
        {
            "AzimuthEnd": 174,
            "AzimuthMiddle": 96,
            "AzimuthStart": 24,
            "CPFSource": "43187_cpf_220411_6010.sdg",
            "CampaignTrack": false,
            "DateTimeEnd": "20220413.234425",
            "DateTimeMiddle": "20220413.234015",
            "DateTimeStart": "20220413.233615",
            "MaximumElevation": 45,
            "Object_NORAD": "43187",
            "Object_Name": "SNETB",
            "Pass": "NE/SE-CW"
        },
        {
            "AzimuthEnd": 174,
            "AzimuthMiddle": 95,
            "AzimuthStart": 24,
            "CPFSource": "43188_cpf_220411_6010.sdg",
            "CampaignTrack": false,
            "DateTimeEnd": "20220413.234445",
            "DateTimeMiddle": "20220413.234035",
            "DateTimeStart": "20220413.233635",
            "MaximumElevation": 45,
            "Object_NORAD": "43188",
            "Object_Name": "SNETA",
            "Pass": "NE/SE-CW"
        },
        {
            "AzimuthEnd": 175,
            "AzimuthMiddle": 101,
            "AzimuthStart": 24,
            "CPFSource": "43189_cpf_220411_6010.sdg",
            "CampaignTrack": false,
            "DateTimeEnd": "20220413.234545",
            "DateTimeMiddle": "20220413.234135",
            "DateTimeStart": "20220413.233735",
            "MaximumElevation": 47,
            "Object_NORAD": "43189",
            "Object_Name": "SNETC",
            "Pass": "NE/SE-CW"
        }
    ]
}
