{
    "CreationDateTime": "20220516.112024",
    "PredictionsArray": [
        {
            "AzimuthEnd": 234,
            "AzimuthMiddle": 288,
            "AzimuthStart": 344,
            "CPFSource": "43798_cpf_220516_6360.sdg",
            "CampaignTrack": false,
            "DateTimeEnd": "20220516.114352",
            "DateTimeMiddle": "20220516.114022",
            "DateTimeStart": "20220516.113652",
            "MaximumElevation": 23,
            "Object_NORAD": "43798",
            "Object_Name": "ASTROCSTP1",
            "Pass": "NO/SO-CCW"
        },
        {
            "AzimuthEnd": 320,
            "AzimuthMiddle": 262,
            "AzimuthStart": 209,
            "CPFSource": "43186_cpf_220516_6360.sdg",
            "CampaignTrack": false,
            "DateTimeEnd": "20220516.120742",
            "DateTimeMiddle": "20220516.120402",
            "DateTimeStart": "20220516.120042",
            "MaximumElevation": 22,
            "Object_NORAD": "43186",
            "Object_Name": "SNETD",
            "Pass": "SO/NO-CW"
        },
        {
            "AzimuthEnd": 319,
            "AzimuthMiddle": 263,
            "AzimuthStart": 210,
            "CPFSource": "43187_cpf_220516_6360.sdg",
            "CampaignTrack": false,
            "DateTimeEnd": "20220516.120742",
            "DateTimeMiddle": "20220516.120412",
            "DateTimeStart": "20220516.120052",
            "MaximumElevation": 22,
            "Object_NORAD": "43187",
            "Object_Name": "SNETB",
            "Pass": "SO/NO-CW"
        },
        {
            "AzimuthEnd": 320,
            "AzimuthMiddle": 266,
            "AzimuthStart": 211,
            "CPFSource": "43188_cpf_220516_6360.sdg",
            "CampaignTrack": false,
            "DateTimeEnd": "20220516.120812",
            "DateTimeMiddle": "20220516.120442",
            "DateTimeStart": "20220516.120122",
            "MaximumElevation": 22,
            "Object_NORAD": "43188",
            "Object_Name": "SNETA",
            "Pass": "SO/NO-CW"
        },
        {
            "AzimuthEnd": 318,
            "AzimuthMiddle": 263,
            "AzimuthStart": 212,
            "CPFSource": "43189_cpf_220516_6360.sdg",
            "CampaignTrack": false,
            "DateTimeEnd": "20220516.120902",
            "DateTimeMiddle": "20220516.120532",
            "DateTimeStart": "20220516.120222",
            "MaximumElevation": 21,
            "Object_NORAD": "43189",
            "Object_Name": "SNETC",
            "Pass": "SO/NO-CW"
        },
        {
            "AzimuthEnd": 340,
            "AzimuthMiddle": 270,
            "AzimuthStart": 206,
            "CPFSource": "43476_cpf_220516_6360.sdg",
            "CampaignTrack": false,
            "DateTimeEnd": "20220516.121452",
            "DateTimeMiddle": "20220516.121112",
            "DateTimeStart": "20220516.120752",
            "MaximumElevation": 33,
            "Object_NORAD": "43476",
            "Object_Name": "GRACEFO1",
            "Pass": "SO/NO-CW"
        },
        {
            "AzimuthEnd": 339,
            "AzimuthMiddle": 273,
            "AzimuthStart": 205,
            "CPFSource": "43477_cpf_220516_6360.sdg",
            "CampaignTrack": false,
            "DateTimeEnd": "20220516.121512",
            "DateTimeMiddle": "20220516.121142",
            "DateTimeStart": "20220516.120812",
            "MaximumElevation": 32,
            "Object_NORAD": "43477",
            "Object_Name": "GRACEFO2",
            "Pass": "SO/NO-CW"
        },
        {
            "AzimuthEnd": 122,
            "AzimuthMiddle": 208,
            "AzimuthStart": 289,
            "CPFSource": "1328_cpf_220516_6360.sdg",
            "CampaignTrack": false,
            "DateTimeEnd": "20220516.122612",
            "DateTimeMiddle": "20220516.121932",
            "DateTimeStart": "20220516.121312",
            "MaximumElevation": 73,
            "Object_NORAD": "1328",
            "Object_Name": "EXPLORER27",
            "Pass": "NO/SE-CCW"
        },
        {
            "AzimuthEnd": 150,
            "AzimuthMiddle": 94,
            "AzimuthStart": 42,
            "CPFSource": "48900_cpf_220516_6360.sdg",
            "CampaignTrack": false,
            "DateTimeEnd": "20220516.141232",
            "DateTimeMiddle": "20220516.140912",
            "DateTimeStart": "20220516.140612",
            "MaximumElevation": 21,
            "Object_NORAD": "48900",
            "Object_Name": "TUBIN",
            "Pass": "NE/SE-CW"
        },
        {
            "AzimuthEnd": 170,
            "AzimuthMiddle": 220,
            "AzimuthStart": 269,
            "CPFSource": "1328_cpf_220516_6360.sdg",
            "CampaignTrack": false,
            "DateTimeEnd": "20220516.141742",
            "DateTimeMiddle": "20220516.141232",
            "DateTimeStart": "20220516.140742",
            "MaximumElevation": 21,
            "Object_NORAD": "1328",
            "Object_Name": "EXPLORER27",
            "Pass": "SO/SE-CCW"
        },
        {
            "AzimuthEnd": 237,
            "AzimuthMiddle": 289,
            "AzimuthStart": 340,
            "CPFSource": "48900_cpf_220516_6360.sdg",
            "CampaignTrack": false,
            "DateTimeEnd": "20220516.154632",
            "DateTimeMiddle": "20220516.154322",
            "DateTimeStart": "20220516.154022",
            "MaximumElevation": 20,
            "Object_NORAD": "48900",
            "Object_Name": "TUBIN",
            "Pass": "NO/SO-CCW"
        },
        {
            "AzimuthEnd": 351,
            "AzimuthMiddle": 73,
            "AzimuthStart": 153,
            "CPFSource": "37781_cpf_220516_6360.sdg",
            "CampaignTrack": false,
            "DateTimeEnd": "20220516.174202",
            "DateTimeMiddle": "20220516.173542",
            "DateTimeStart": "20220516.172932",
            "MaximumElevation": 66,
            "Object_NORAD": "37781",
            "Object_Name": "HAIYANG2A",
            "Pass": "SE/NO-CW"
        },
        {
            "AzimuthEnd": 344,
            "AzimuthMiddle": 247,
            "AzimuthStart": 167,
            "CPFSource": "43655_cpf_220516_6360.sdg",
            "CampaignTrack": false,
            "DateTimeEnd": "20220516.181452",
            "DateTimeMiddle": "20220516.180822",
            "DateTimeStart": "20220516.180212",
            "MaximumElevation": 81,
            "Object_NORAD": "43655",
            "Object_Name": "HAIYANG2B",
            "Pass": "SE/NO-CW"
        },
        {
            "AzimuthEnd": 346,
            "AzimuthMiddle": 282,
            "AzimuthStart": 170,
            "CPFSource": "31698_cpf_220516_6360.sdg",
            "CampaignTrack": false,
            "DateTimeEnd": "20220516.181112",
            "DateTimeMiddle": "20220516.180722",
            "DateTimeStart": "20220516.180332",
            "MaximumElevation": 81,
            "Object_NORAD": "31698",
            "Object_Name": "TERRASARX",
            "Pass": "SE/NO-CW"
        },
        {
            "AzimuthEnd": 346,
            "AzimuthMiddle": 273,
            "AzimuthStart": 170,
            "CPFSource": "36605_cpf_220516_6360.sdg",
            "CampaignTrack": false,
            "DateTimeEnd": "20220516.181122",
            "DateTimeMiddle": "20220516.180722",
            "DateTimeStart": "20220516.180332",
            "MaximumElevation": 81,
            "Object_NORAD": "36605",
            "Object_Name": "TANDEMX",
            "Pass": "SE/NO-CW"
        },
        {
            "AzimuthEnd": 348,
            "AzimuthMiddle": 64,
            "AzimuthStart": 159,
            "CPFSource": "41579_cpf_220516_6360.sdg",
            "CampaignTrack": false,
            "DateTimeEnd": "20220516.182032",
            "DateTimeMiddle": "20220516.181422",
            "DateTimeStart": "20220516.180812",
            "MaximumElevation": 78,
            "Object_NORAD": "41579",
            "Object_Name": "COSMOS2517",
            "Pass": "SE/NO-CW"
        },
        {
            "AzimuthEnd": 134,
            "AzimuthMiddle": 58,
            "AzimuthStart": 338,
            "CPFSource": "46984_cpf_220516_6360.sdg",
            "CampaignTrack": false,
            "DateTimeEnd": "20220516.183922",
            "DateTimeMiddle": "20220516.183102",
            "DateTimeStart": "20220516.182242",
            "MaximumElevation": 55,
            "Object_NORAD": "46984",
            "Object_Name": "SENTINEL6A",
            "Pass": "NO/SE-CW"
        },
        {
            "AzimuthEnd": 194,
            "AzimuthMiddle": 254,
            "AzimuthStart": 311,
            "CPFSource": "46984_cpf_220516_6360.sdg",
            "CampaignTrack": false,
            "DateTimeEnd": "20220516.203341",
            "DateTimeMiddle": "20220516.202621",
            "DateTimeStart": "20220516.201921",
            "MaximumElevation": 30,
            "Object_NORAD": "46984",
            "Object_Name": "SENTINEL6A",
            "Pass": "NO/SO-CCW"
        },
        {
            "AzimuthEnd": 184,
            "AzimuthMiddle": 98,
            "AzimuthStart": 17,
            "CPFSource": "42829_cpf_220516_6360.sdg",
            "CampaignTrack": false,
            "DateTimeEnd": "20220516.203351",
            "DateTimeMiddle": "20220516.202931",
            "DateTimeStart": "20220516.202521",
            "MaximumElevation": 66,
            "Object_NORAD": "42829",
            "Object_Name": "TECHNOSAT",
            "Pass": "NE/SO-CW"
        },
        {
            "AzimuthEnd": 354,
            "AzimuthMiddle": 70,
            "AzimuthStart": 151,
            "CPFSource": "43437_cpf_220516_6360.sdg",
            "CampaignTrack": false,
            "DateTimeEnd": "20220516.214541",
            "DateTimeMiddle": "20220516.214021",
            "DateTimeStart": "20220516.213501",
            "MaximumElevation": 59,
            "Object_NORAD": "43437",
            "Object_Name": "SENTINEL3B",
            "Pass": "SE/NO-CW"
        },
        {
            "AzimuthEnd": 342,
            "AzimuthMiddle": 263,
            "AzimuthStart": 177,
            "CPFSource": "44083_cpf_220516_6360.sdg",
            "CampaignTrack": false,
            "DateTimeEnd": "20220516.214441",
            "DateTimeMiddle": "20220516.214051",
            "DateTimeStart": "20220516.213711",
            "MaximumElevation": 63,
            "Object_NORAD": "44083",
            "Object_Name": "ASTROCSTP2",
            "Pass": "SE/NO-CW"
        },
        {
            "AzimuthEnd": 339,
            "AzimuthMiddle": 254,
            "AzimuthStart": 179,
            "CPFSource": "41335_cpf_220516_6360.sdg",
            "CampaignTrack": false,
            "DateTimeEnd": "20220516.222431",
            "DateTimeMiddle": "20220516.221901",
            "DateTimeStart": "20220516.221351",
            "MaximumElevation": 58,
            "Object_NORAD": "41335",
            "Object_Name": "SENTINEL3A",
            "Pass": "SE/NO-CW"
        },
        {
            "AzimuthEnd": 338,
            "AzimuthMiddle": 262,
            "AzimuthStart": 183,
            "CPFSource": "43798_cpf_220516_6360.sdg",
            "CampaignTrack": false,
            "DateTimeEnd": "20220516.223011",
            "DateTimeMiddle": "20220516.222601",
            "DateTimeStart": "20220516.222201",
            "MaximumElevation": 51,
            "Object_NORAD": "43798",
            "Object_Name": "ASTROCSTP1",
            "Pass": "SO/NO-CW"
        },
        {
            "AzimuthEnd": 188,
            "AzimuthMiddle": 261,
            "AzimuthStart": 356,
            "CPFSource": "43476_cpf_220516_6360.sdg",
            "CampaignTrack": false,
            "DateTimeEnd": "20220516.234441",
            "DateTimeMiddle": "20220516.234051",
            "DateTimeStart": "20220516.233711",
            "MaximumElevation": 71,
            "Object_NORAD": "43476",
            "Object_Name": "GRACEFO1",
            "Pass": "NO/SO-CCW"
        },
        {
            "AzimuthEnd": 188,
            "AzimuthMiddle": 276,
            "AzimuthStart": 356,
            "CPFSource": "43477_cpf_220516_6360.sdg",
            "CampaignTrack": false,
            "DateTimeEnd": "20220516.234501",
            "DateTimeMiddle": "20220516.234111",
            "DateTimeStart": "20220516.233731",
            "MaximumElevation": 70,
            "Object_NORAD": "43477",
            "Object_Name": "GRACEFO2",
            "Pass": "NO/SO-CCW"
        },
        {
            "AzimuthEnd": 179,
            "AzimuthMiddle": 103,
            "AzimuthStart": 20,
            "CPFSource": "43186_cpf_220516_6360.sdg",
            "CampaignTrack": false,
            "DateTimeEnd": "20220516.235041",
            "DateTimeMiddle": "20220516.234631",
            "DateTimeStart": "20220516.234221",
            "MaximumElevation": 56,
            "Object_NORAD": "43186",
            "Object_Name": "SNETD",
            "Pass": "NE/SE-CW"
        },
        {
            "AzimuthEnd": 180,
            "AzimuthMiddle": 105,
            "AzimuthStart": 20,
            "CPFSource": "43187_cpf_220516_6360.sdg",
            "CampaignTrack": false,
            "DateTimeEnd": "20220516.235051",
            "DateTimeMiddle": "20220516.234641",
            "DateTimeStart": "20220516.234231",
            "MaximumElevation": 56,
            "Object_NORAD": "43187",
            "Object_Name": "SNETB",
            "Pass": "NE/S-CW"
        },
        {
            "AzimuthEnd": 180,
            "AzimuthMiddle": 102,
            "AzimuthStart": 20,
            "CPFSource": "43188_cpf_220516_6360.sdg",
            "CampaignTrack": false,
            "DateTimeEnd": "20220516.235111",
            "DateTimeMiddle": "20220516.234701",
            "DateTimeStart": "20220516.234251",
            "MaximumElevation": 57,
            "Object_NORAD": "43188",
            "Object_Name": "SNETA",
            "Pass": "NE/S-CW"
        },
        {
            "AzimuthEnd": 181,
            "AzimuthMiddle": 94,
            "AzimuthStart": 19,
            "CPFSource": "43189_cpf_220516_6360.sdg",
            "CampaignTrack": false,
            "DateTimeEnd": "20220516.235211",
            "DateTimeMiddle": "20220516.234751",
            "DateTimeStart": "20220516.234351",
            "MaximumElevation": 59,
            "Object_NORAD": "43189",
            "Object_Name": "SNETC",
            "Pass": "NE/SO-CW"
        },
        {
            "AzimuthEnd": 226,
            "AzimuthMiddle": 289,
            "AzimuthStart": 349,
            "CPFSource": "51288_cpf_220516_6360.sdg",
            "CampaignTrack": false,
            "DateTimeEnd": "20220517.002031",
            "DateTimeMiddle": "20220517.001651",
            "DateTimeStart": "20220517.001321",
            "MaximumElevation": 28,
            "Object_NORAD": "51288",
            "Object_Name": "ELSAD-C",
            "Pass": "NO/SO-CCW"
        },
        {
            "AzimuthEnd": 231,
            "AzimuthMiddle": 289,
            "AzimuthStart": 345,
            "CPFSource": "47944_cpf_220516_6360.sdg",
            "CampaignTrack": false,
            "DateTimeEnd": "20220517.002511",
            "DateTimeMiddle": "20220517.002141",
            "DateTimeStart": "20220517.001821",
            "MaximumElevation": 25,
            "Object_NORAD": "47944",
            "Object_Name": "ELSAD",
            "Pass": "NO/SO-CCW"
        },
        {
            "AzimuthEnd": 341,
            "AzimuthMiddle": 264,
            "AzimuthStart": 177,
            "CPFSource": "48900_cpf_220516_6360.sdg",
            "CampaignTrack": false,
            "DateTimeEnd": "20220517.022611",
            "DateTimeMiddle": "20220517.022211",
            "DateTimeStart": "20220517.021811",
            "MaximumElevation": 61,
            "Object_NORAD": "48900",
            "Object_Name": "TUBIN",
            "Pass": "SE/NO-CW"
        },
        {
            "AzimuthEnd": 75,
            "AzimuthMiddle": 146,
            "AzimuthStart": 217,
            "CPFSource": "1328_cpf_220516_6360.sdg",
            "CampaignTrack": false,
            "DateTimeEnd": "20220517.060011",
            "DateTimeMiddle": "20220517.055351",
            "DateTimeStart": "20220517.054711",
            "MaximumElevation": 45,
            "Object_NORAD": "1328",
            "Object_Name": "EXPLORER27",
            "Pass": "SO/NE-CCW"
        },
        {
            "AzimuthEnd": 177,
            "AzimuthMiddle": 97,
            "AzimuthStart": 24,
            "CPFSource": "37781_cpf_220516_6360.sdg",
            "CampaignTrack": false,
            "DateTimeEnd": "20220517.062421",
            "DateTimeMiddle": "20220517.061801",
            "DateTimeStart": "20220517.061201",
            "MaximumElevation": 51,
            "Object_NORAD": "37781",
            "Object_Name": "HAIYANG2A",
            "Pass": "NE/SE-CW"
        },
        {
            "AzimuthEnd": 190,
            "AzimuthMiddle": 97,
            "AzimuthStart": 16,
            "CPFSource": "43655_cpf_220516_6360.sdg",
            "CampaignTrack": false,
            "DateTimeEnd": "20220517.065651",
            "DateTimeMiddle": "20220517.065031",
            "DateTimeStart": "20220517.064421",
            "MaximumElevation": 78,
            "Object_NORAD": "43655",
            "Object_Name": "HAIYANG2B",
            "Pass": "NE/SO-CW"
        },
        {
            "AzimuthEnd": 180,
            "AzimuthMiddle": 101,
            "AzimuthStart": 22,
            "CPFSource": "41579_cpf_220516_6360.sdg",
            "CampaignTrack": false,
            "DateTimeEnd": "20220517.065901",
            "DateTimeMiddle": "20220517.065251",
            "DateTimeStart": "20220517.064651",
            "MaximumElevation": 56,
            "Object_NORAD": "41579",
            "Object_Name": "COSMOS2517",
            "Pass": "NE/S-CW"
        },
        {
            "AzimuthEnd": 215,
            "AzimuthMiddle": 285,
            "AzimuthStart": 356,
            "CPFSource": "31698_cpf_220516_6360.sdg",
            "CampaignTrack": false,
            "DateTimeEnd": "20220517.071731",
            "DateTimeMiddle": "20220517.071351",
            "DateTimeStart": "20220517.071011",
            "MaximumElevation": 38,
            "Object_NORAD": "31698",
            "Object_Name": "TERRASARX",
            "Pass": "NO/SO-CCW"
        },
        {
            "AzimuthEnd": 216,
            "AzimuthMiddle": 287,
            "AzimuthStart": 355,
            "CPFSource": "36605_cpf_220516_6360.sdg",
            "CampaignTrack": false,
            "DateTimeEnd": "20220517.071731",
            "DateTimeMiddle": "20220517.071351",
            "DateTimeStart": "20220517.071021",
            "MaximumElevation": 38,
            "Object_NORAD": "36605",
            "Object_Name": "TANDEMX",
            "Pass": "NO/SO-CCW"
        },
        {
            "AzimuthEnd": 8,
            "AzimuthMiddle": 74,
            "AzimuthStart": 133,
            "CPFSource": "42829_cpf_220516_6360.sdg",
            "CampaignTrack": false,
            "DateTimeEnd": "20220517.072131",
            "DateTimeMiddle": "20220517.071731",
            "DateTimeStart": "20220517.071351",
            "MaximumElevation": 30,
            "Object_NORAD": "42829",
            "Object_Name": "TECHNOSAT",
            "Pass": "SE/NE-CCW"
        },
        {
            "AzimuthEnd": 68,
            "AzimuthMiddle": 344,
            "AzimuthStart": 257,
            "CPFSource": "1328_cpf_220516_6360.sdg",
            "CampaignTrack": false,
            "DateTimeEnd": "20220517.075351",
            "DateTimeMiddle": "20220517.074721",
            "DateTimeStart": "20220517.074031",
            "MaximumElevation": 73,
            "Object_NORAD": "1328",
            "Object_Name": "EXPLORER27",
            "Pass": "SO/NE-CW"
        },
        {
            "AzimuthEnd": 244,
            "AzimuthMiddle": 296,
            "AzimuthStart": 346,
            "CPFSource": "37781_cpf_220516_6360.sdg",
            "CampaignTrack": false,
            "DateTimeEnd": "20220517.080541",
            "DateTimeMiddle": "20220517.080041",
            "DateTimeStart": "20220517.075601",
            "MaximumElevation": 22,
            "Object_NORAD": "37781",
            "Object_Name": "HAIYANG2A",
            "Pass": "NO/SO-CCW"
        },
        {
            "AzimuthEnd": 249,
            "AzimuthMiddle": 297,
            "AzimuthStart": 342,
            "CPFSource": "41579_cpf_220516_6360.sdg",
            "CampaignTrack": false,
            "DateTimeEnd": "20220517.083921",
            "DateTimeMiddle": "20220517.083451",
            "DateTimeStart": "20220517.083031",
            "MaximumElevation": 20,
            "Object_NORAD": "41579",
            "Object_Name": "COSMOS2517",
            "Pass": "NO/SO-CCW"
        },
        {
            "AzimuthEnd": 35,
            "AzimuthMiddle": 112,
            "AzimuthStart": 187,
            "CPFSource": "46984_cpf_220516_6360.sdg",
            "CampaignTrack": false,
            "DateTimeEnd": "20220517.090801",
            "DateTimeMiddle": "20220517.085941",
            "DateTimeStart": "20220517.085141",
            "MaximumElevation": 56,
            "Object_NORAD": "46984",
            "Object_Name": "SENTINEL6A",
            "Pass": "SO/NE-CCW"
        },
        {
            "AzimuthEnd": 82,
            "AzimuthMiddle": 1,
            "AzimuthStart": 284,
            "CPFSource": "1328_cpf_220516_6360.sdg",
            "CampaignTrack": false,
            "DateTimeEnd": "20220517.094741",
            "DateTimeMiddle": "20220517.094121",
            "DateTimeStart": "20220517.093501",
            "MaximumElevation": 56,
            "Object_NORAD": "1328",
            "Object_Name": "EXPLORER27",
            "Pass": "NO/NE-CW"
        },
        {
            "AzimuthEnd": 155,
            "AzimuthMiddle": 94,
            "AzimuthStart": 37,
            "CPFSource": "43437_cpf_220516_6360.sdg",
            "CampaignTrack": false,
            "DateTimeEnd": "20220517.100201",
            "DateTimeMiddle": "20220517.095711",
            "DateTimeStart": "20220517.095241",
            "MaximumElevation": 27,
            "Object_NORAD": "43437",
            "Object_Name": "SENTINEL3B",
            "Pass": "NE/SE-CW"
        },
        {
            "AzimuthEnd": 155,
            "AzimuthMiddle": 97,
            "AzimuthStart": 38,
            "CPFSource": "43798_cpf_220516_6360.sdg",
            "CampaignTrack": false,
            "DateTimeEnd": "20220517.101221",
            "DateTimeMiddle": "20220517.100841",
            "DateTimeStart": "20220517.100501",
            "MaximumElevation": 25,
            "Object_NORAD": "43798",
            "Object_Name": "ASTROCSTP1",
            "Pass": "NE/SE-CW"
        },
        {
            "AzimuthEnd": 13,
            "AzimuthMiddle": 69,
            "AzimuthStart": 127,
            "CPFSource": "43186_cpf_220516_6360.sdg",
            "CampaignTrack": false,
            "DateTimeEnd": "20220517.103531",
            "DateTimeMiddle": "20220517.103201",
            "DateTimeStart": "20220517.102831",
            "MaximumElevation": 24,
            "Object_NORAD": "43186",
            "Object_Name": "SNETD",
            "Pass": "SE/NE-CCW"
        },
        {
            "AzimuthEnd": 13,
            "AzimuthMiddle": 68,
            "AzimuthStart": 127,
            "CPFSource": "43187_cpf_220516_6360.sdg",
            "CampaignTrack": false,
            "DateTimeEnd": "20220517.103541",
            "DateTimeMiddle": "20220517.103211",
            "DateTimeStart": "20220517.102841",
            "MaximumElevation": 24,
            "Object_NORAD": "43187",
            "Object_Name": "SNETB",
            "Pass": "SE/NE-CCW"
        },
        {
            "AzimuthEnd": 12,
            "AzimuthMiddle": 70,
            "AzimuthStart": 127,
            "CPFSource": "43188_cpf_220516_6360.sdg",
            "CampaignTrack": false,
            "DateTimeEnd": "20220517.103611",
            "DateTimeMiddle": "20220517.103231",
            "DateTimeStart": "20220517.102901",
            "MaximumElevation": 25,
            "Object_NORAD": "43188",
            "Object_Name": "SNETA",
            "Pass": "SE/NE-CCW"
        },
        {
            "AzimuthEnd": 12,
            "AzimuthMiddle": 72,
            "AzimuthStart": 127,
            "CPFSource": "43189_cpf_220516_6360.sdg",
            "CampaignTrack": false,
            "DateTimeEnd": "20220517.103701",
            "DateTimeMiddle": "20220517.103321",
            "DateTimeStart": "20220517.103001",
            "MaximumElevation": 25,
            "Object_NORAD": "43189",
            "Object_Name": "SNETC",
            "Pass": "SE/NE-CCW"
        },
        {
            "AzimuthEnd": 184,
            "AzimuthMiddle": 99,
            "AzimuthStart": 19,
            "CPFSource": "41335_cpf_220516_6360.sdg",
            "CampaignTrack": false,
            "DateTimeEnd": "20220517.104141",
            "DateTimeMiddle": "20220517.103611",
            "DateTimeStart": "20220517.103051",
            "MaximumElevation": 65,
            "Object_NORAD": "41335",
            "Object_Name": "SENTINEL3A",
            "Pass": "NE/SO-CW"
        },
        {
            "AzimuthEnd": 220,
            "AzimuthMiddle": 288,
            "AzimuthStart": 351,
            "CPFSource": "44083_cpf_220516_6360.sdg",
            "CampaignTrack": false,
            "DateTimeEnd": "20220517.104721",
            "DateTimeMiddle": "20220517.104351",
            "DateTimeStart": "20220517.104031",
            "MaximumElevation": 32,
            "Object_NORAD": "44083",
            "Object_Name": "ASTROCSTP2",
            "Pass": "NO/SO-CCW"
        },
        {
            "AzimuthEnd": 14,
            "AzimuthMiddle": 311,
            "AzimuthStart": 248,
            "CPFSource": "46984_cpf_220516_6360.sdg",
            "CampaignTrack": false,
            "DateTimeEnd": "20220517.110341",
            "DateTimeMiddle": "20220517.105601",
            "DateTimeStart": "20220517.104831",
            "MaximumElevation": 33,
            "Object_NORAD": "46984",
            "Object_Name": "SENTINEL6A",
            "Pass": "SO/NE-CW"
        },
        {
            "AzimuthEnd": 346,
            "AzimuthMiddle": 268,
            "AzimuthStart": 170,
            "CPFSource": "51288_cpf_220516_6360.sdg",
            "CampaignTrack": false,
            "DateTimeEnd": "20220517.110211",
            "DateTimeMiddle": "20220517.105801",
            "DateTimeStart": "20220517.105401",
            "MaximumElevation": 80,
            "Object_NORAD": "51288",
            "Object_Name": "ELSAD-C",
            "Pass": "SE/NO-CW"
        },
        {
            "AzimuthEnd": 343,
            "AzimuthMiddle": 250,
            "AzimuthStart": 174,
            "CPFSource": "47944_cpf_220516_6360.sdg",
            "CampaignTrack": false,
            "DateTimeEnd": "20220517.110711",
            "DateTimeMiddle": "20220517.110251",
            "DateTimeStart": "20220517.105851",
            "MaximumElevation": 68,
            "Object_NORAD": "47944",
            "Object_Name": "ELSAD",
            "Pass": "SE/NO-CW"
        },
        {
            "AzimuthEnd": 114,
            "AzimuthMiddle": 250,
            "AzimuthStart": 291,
            "CPFSource": "1328_cpf_220516_6360.sdg",
            "CampaignTrack": false,
            "DateTimeEnd": "20220517.114151",
            "DateTimeMiddle": "20220517.113511",
            "DateTimeStart": "20220517.112851",
            "MaximumElevation": 87,
            "Object_NORAD": "1328",
            "Object_Name": "EXPLORER27",
            "Pass": "NO/SE-CCW"
        },
        {
            "AzimuthEnd": 227,
            "AzimuthMiddle": 292,
            "AzimuthStart": 353,
            "CPFSource": "43437_cpf_220516_6360.sdg",
            "CampaignTrack": false,
            "DateTimeEnd": "20220517.114151",
            "DateTimeMiddle": "20220517.113651",
            "DateTimeStart": "20220517.113211",
            "MaximumElevation": 32,
            "Object_NORAD": "43437",
            "Object_Name": "SENTINEL3B",
            "Pass": "NO/SO-CCW"
        },
        {
            "AzimuthEnd": 237,
            "AzimuthMiddle": 290,
            "AzimuthStart": 342,
            "CPFSource": "43798_cpf_220516_6360.sdg",
            "CampaignTrack": false,
            "DateTimeEnd": "20220517.114711",
            "DateTimeMiddle": "20220517.114341",
            "DateTimeStart": "20220517.114021",
            "MaximumElevation": 21,
            "Object_NORAD": "43798",
            "Object_Name": "ASTROCSTP1",
            "Pass": "NO/SO-CCW"
        },
        {
            "AzimuthEnd": 351,
            "AzimuthMiddle": 263,
            "AzimuthStart": 187,
            "CPFSource": "43476_cpf_220516_6360.sdg",
            "CampaignTrack": false,
            "DateTimeEnd": "20220517.115231",
            "DateTimeMiddle": "20220517.114841",
            "DateTimeStart": "20220517.114501",
            "MaximumElevation": 61,
            "Object_NORAD": "43476",
            "Object_Name": "GRACEFO1",
            "Pass": "SO/NO-CW"
        },
        {
            "AzimuthEnd": 351,
            "AzimuthMiddle": 270,
            "AzimuthStart": 188,
            "CPFSource": "43477_cpf_220516_6360.sdg",
            "CampaignTrack": false,
            "DateTimeEnd": "20220517.115301",
            "DateTimeMiddle": "20220517.114911",
            "DateTimeStart": "20220517.114531",
            "MaximumElevation": 60,
            "Object_NORAD": "43477",
            "Object_Name": "GRACEFO2",
            "Pass": "SO/NO-CW"
        },
        {
            "AzimuthEnd": 317,
            "AzimuthMiddle": 266,
            "AzimuthStart": 213,
            "CPFSource": "43186_cpf_220516_6360.sdg",
            "CampaignTrack": false,
            "DateTimeEnd": "20220517.121031",
            "DateTimeMiddle": "20220517.120711",
            "DateTimeStart": "20220517.120351",
            "MaximumElevation": 20,
            "Object_NORAD": "43186",
            "Object_Name": "SNETD",
            "Pass": "SO/NO-CW"
        },
        {
            "AzimuthEnd": 317,
            "AzimuthMiddle": 263,
            "AzimuthStart": 213,
            "CPFSource": "43187_cpf_220516_6360.sdg",
            "CampaignTrack": false,
            "DateTimeEnd": "20220517.121041",
            "DateTimeMiddle": "20220517.120711",
            "DateTimeStart": "20220517.120401",
            "MaximumElevation": 20,
            "Object_NORAD": "43187",
            "Object_Name": "SNETB",
            "Pass": "SO/NO-CW"
        },
        {
            "AzimuthEnd": 317,
            "AzimuthMiddle": 266,
            "AzimuthStart": 214,
            "CPFSource": "43188_cpf_220516_6360.sdg",
            "CampaignTrack": false,
            "DateTimeEnd": "20220517.121101",
            "DateTimeMiddle": "20220517.120741",
            "DateTimeStart": "20220517.120431",
            "MaximumElevation": 20,
            "Object_NORAD": "43188",
            "Object_Name": "SNETA",
            "Pass": "SO/NO-CW"
        },
        {
            "AzimuthEnd": 158,
            "AzimuthMiddle": 218,
            "AzimuthStart": 276,
            "CPFSource": "1328_cpf_220516_6360.sdg",
            "CampaignTrack": false,
            "DateTimeEnd": "20220517.133411",
            "DateTimeMiddle": "20220517.132821",
            "DateTimeStart": "20220517.132301",
            "MaximumElevation": 28,
            "Object_NORAD": "1328",
            "Object_Name": "EXPLORER27",
            "Pass": "NO/SE-CCW"
        },
        {
            "AzimuthEnd": 225,
            "AzimuthMiddle": 286,
            "AzimuthStart": 349,
            "CPFSource": "48900_cpf_220516_6360.sdg",
            "CampaignTrack": false,
            "DateTimeEnd": "20220517.153501",
            "DateTimeMiddle": "20220517.153131",
            "DateTimeStart": "20220517.152801",
            "MaximumElevation": 28,
            "Object_NORAD": "48900",
            "Object_Name": "TUBIN",
            "Pass": "NO/SO-CCW"
        },
        {
            "AzimuthEnd": 12,
            "AzimuthMiddle": 62,
            "AzimuthStart": 112,
            "CPFSource": "43655_cpf_220516_6360.sdg",
            "CampaignTrack": false,
            "DateTimeEnd": "20220517.165251",
            "DateTimeMiddle": "20220517.164801",
            "DateTimeStart": "20220517.164321",
            "MaximumElevation": 22,
            "Object_NORAD": "43655",
            "Object_Name": "HAIYANG2B",
            "Pass": "SE/NE-CCW"
        },
        {
            "AzimuthEnd": 89,
            "AzimuthMiddle": 40,
            "AzimuthStart": 353,
            "CPFSource": "46984_cpf_220516_6360.sdg",
            "CampaignTrack": false,
            "DateTimeEnd": "20220517.170251",
            "DateTimeMiddle": "20220517.165631",
            "DateTimeStart": "20220517.165021",
            "MaximumElevation": 20,
            "Object_NORAD": "46984",
            "Object_Name": "SENTINEL6A",
            "Pass": "NO/NE-CW"
        },
        {
            "AzimuthEnd": 356,
            "AzimuthMiddle": 79,
            "AzimuthStart": 154,
            "CPFSource": "31698_cpf_220516_6360.sdg",
            "CampaignTrack": false,
            "DateTimeEnd": "20220517.175411",
            "DateTimeMiddle": "20220517.175011",
            "DateTimeStart": "20220517.174631",
            "MaximumElevation": 56,
            "Object_NORAD": "31698",
            "Object_Name": "TERRASARX",
            "Pass": "SE/NO-CW"
        },
        {
            "AzimuthEnd": 356,
            "AzimuthMiddle": 71,
            "AzimuthStart": 154,
            "CPFSource": "36605_cpf_220516_6360.sdg",
            "CampaignTrack": false,
            "DateTimeEnd": "20220517.175411",
            "DateTimeMiddle": "20220517.175021",
            "DateTimeStart": "20220517.174631",
            "MaximumElevation": 56,
            "Object_NORAD": "36605",
            "Object_Name": "TANDEMX",
            "Pass": "SE/NO-CW"
        },
        {
            "AzimuthEnd": 344,
            "AzimuthMiddle": 260,
            "AzimuthStart": 168,
            "CPFSource": "37781_cpf_220516_6360.sdg",
            "CampaignTrack": false,
            "DateTimeEnd": "20220517.180441",
            "DateTimeMiddle": "20220517.175821",
            "DateTimeStart": "20220517.175211",
            "MaximumElevation": 80,
            "Object_NORAD": "37781",
            "Object_Name": "HAIYANG2A",
            "Pass": "SE/NO-CW"
        },
        {
            "AzimuthEnd": 343,
            "AzimuthMiddle": 259,
            "AzimuthStart": 169,
            "CPFSource": "41579_cpf_220516_6360.sdg",
            "CampaignTrack": false,
            "DateTimeEnd": "20220517.183551",
            "DateTimeMiddle": "20220517.182931",
            "DateTimeStart": "20220517.182321",
            "MaximumElevation": 78,
            "Object_NORAD": "41579",
            "Object_Name": "COSMOS2517",
            "Pass": "SE/NO-CW"
        },
        {
            "AzimuthEnd": 336,
            "AzimuthMiddle": 259,
            "AzimuthStart": 182,
            "CPFSource": "43655_cpf_220516_6360.sdg",
            "CampaignTrack": false,
            "DateTimeEnd": "20220517.183641",
            "DateTimeMiddle": "20220517.183031",
            "DateTimeStart": "20220517.182431",
            "MaximumElevation": 53,
            "Object_NORAD": "43655",
            "Object_Name": "HAIYANG2B",
            "Pass": "SO/NO-CW"
        },
        {
            "AzimuthEnd": 152,
            "AzimuthMiddle": 72,
            "AzimuthStart": 332,
            "CPFSource": "46984_cpf_220516_6360.sdg",
            "CampaignTrack": false,
            "DateTimeEnd": "20220517.190211",
            "DateTimeMiddle": "20220517.185341",
            "DateTimeStart": "20220517.184511",
            "MaximumElevation": 85,
            "Object_NORAD": "46984",
            "Object_Name": "SENTINEL6A",
            "Pass": "NO/SE-CW"
        },
        {
            "AzimuthEnd": 191,
            "AzimuthMiddle": 141,
            "AzimuthStart": 12,
            "CPFSource": "42829_cpf_220516_6360.sdg",
            "CampaignTrack": false,
            "DateTimeEnd": "20220517.204241",
            "DateTimeMiddle": "20220517.203821",
            "DateTimeStart": "20220517.203401",
            "MaximumElevation": 85,
            "Object_NORAD": "42829",
            "Object_Name": "TECHNOSAT",
            "Pass": "NE/SO-CW"
        },
        {
            "AzimuthEnd": 5,
            "AzimuthMiddle": 70,
            "AzimuthStart": 132,
            "CPFSource": "43437_cpf_220516_6360.sdg",
            "CampaignTrack": false,
            "DateTimeEnd": "20220517.211931",
            "DateTimeMiddle": "20220517.211431",
            "DateTimeStart": "20220517.210951",
            "MaximumElevation": 33,
            "Object_NORAD": "43437",
            "Object_Name": "SENTINEL3B",
            "Pass": "SE/NE-CCW"
        },
        {
            "AzimuthEnd": 356,
            "AzimuthMiddle": 70,
            "AzimuthStart": 155,
            "CPFSource": "44083_cpf_220516_6360.sdg",
            "CampaignTrack": false,
            "DateTimeEnd": "20220517.212121",
            "DateTimeMiddle": "20220517.211731",
            "DateTimeStart": "20220517.211351",
            "MaximumElevation": 57,
            "Object_NORAD": "44083",
            "Object_Name": "ASTROCSTP2",
            "Pass": "SE/NO-CW"
        },
        {
            "AzimuthEnd": 349,
            "AzimuthMiddle": 83,
            "AzimuthStart": 160,
            "CPFSource": "41335_cpf_220516_6360.sdg",
            "CampaignTrack": false,
            "DateTimeEnd": "20220517.215851",
            "DateTimeMiddle": "20220517.215311",
            "DateTimeStart": "20220517.214751",
            "MaximumElevation": 78,
            "Object_NORAD": "41335",
            "Object_Name": "SENTINEL3A",
            "Pass": "SE/NO-CW"
        },
        {
            "AzimuthEnd": 336,
            "AzimuthMiddle": 259,
            "AzimuthStart": 185,
            "CPFSource": "43798_cpf_220516_6360.sdg",
            "CampaignTrack": false,
            "DateTimeEnd": "20220517.223331",
            "DateTimeMiddle": "20220517.222921",
            "DateTimeStart": "20220517.222521",
            "MaximumElevation": 46,
            "Object_NORAD": "43798",
            "Object_Name": "ASTROCSTP1",
            "Pass": "SO/NO-CW"
        },
        {
            "AzimuthEnd": 322,
            "AzimuthMiddle": 265,
            "AzimuthStart": 207,
            "CPFSource": "43437_cpf_220516_6360.sdg",
            "CampaignTrack": false,
            "DateTimeEnd": "20220517.225901",
            "DateTimeMiddle": "20220517.225421",
            "DateTimeStart": "20220517.224951",
            "MaximumElevation": 26,
            "Object_NORAD": "43437",
            "Object_Name": "SENTINEL3B",
            "Pass": "SO/NO-CW"
        },
        {
            "AzimuthEnd": 171,
            "AzimuthMiddle": 91,
            "AzimuthStart": 8,
            "CPFSource": "43476_cpf_220516_6360.sdg",
            "CampaignTrack": false,
            "DateTimeEnd": "20220517.232211",
            "DateTimeMiddle": "20220517.231821",
            "DateTimeStart": "20220517.231441",
            "MaximumElevation": 60,
            "Object_NORAD": "43476",
            "Object_Name": "GRACEFO1",
            "Pass": "NE/SE-CW"
        },
        {
            "AzimuthEnd": 172,
            "AzimuthMiddle": 82,
            "AzimuthStart": 8,
            "CPFSource": "43477_cpf_220516_6360.sdg",
            "CampaignTrack": false,
            "DateTimeEnd": "20220517.232231",
            "DateTimeMiddle": "20220517.231841",
            "DateTimeStart": "20220517.231511",
            "MaximumElevation": 60,
            "Object_NORAD": "43477",
            "Object_Name": "GRACEFO2",
            "Pass": "NE/SE-CW"
        },
        {
            "AzimuthEnd": 182,
            "AzimuthMiddle": 104,
            "AzimuthStart": 19,
            "CPFSource": "43186_cpf_220516_6360.sdg",
            "CampaignTrack": false,
            "DateTimeEnd": "20220517.235351",
            "DateTimeMiddle": "20220517.234931",
            "DateTimeStart": "20220517.234521",
            "MaximumElevation": 61,
            "Object_NORAD": "43186",
            "Object_Name": "SNETD",
            "Pass": "NE/SO-CW"
        },
        {
            "AzimuthEnd": 182,
            "AzimuthMiddle": 107,
            "AzimuthStart": 18,
            "CPFSource": "43187_cpf_220516_6360.sdg",
            "CampaignTrack": false,
            "DateTimeEnd": "20220517.235351",
            "DateTimeMiddle": "20220517.234941",
            "DateTimeStart": "20220517.234531",
            "MaximumElevation": 62,
            "Object_NORAD": "43187",
            "Object_Name": "SNETB",
            "Pass": "NE/SO-CW"
        },
        {
            "AzimuthEnd": 183,
            "AzimuthMiddle": 103,
            "AzimuthStart": 18,
            "CPFSource": "43188_cpf_220516_6360.sdg",
            "CampaignTrack": false,
            "DateTimeEnd": "20220517.235421",
            "DateTimeMiddle": "20220517.235001",
            "DateTimeStart": "20220517.234551",
            "MaximumElevation": 62,
            "Object_NORAD": "43188",
            "Object_Name": "SNETA",
            "Pass": "NE/SO-CW"
        },
        {
            "AzimuthEnd": 183,
            "AzimuthMiddle": 93,
            "AzimuthStart": 18,
            "CPFSource": "43189_cpf_220516_6360.sdg",
            "CampaignTrack": false,
            "DateTimeEnd": "20220517.235511",
            "DateTimeMiddle": "20220517.235051",
            "DateTimeStart": "20220517.234651",
            "MaximumElevation": 65,
            "Object_NORAD": "43189",
            "Object_Name": "SNETC",
            "Pass": "NE/SO-CW"
        },
        {
            "AzimuthEnd": 220,
            "AzimuthMiddle": 289,
            "AzimuthStart": 353,
            "CPFSource": "51288_cpf_220516_6360.sdg",
            "CampaignTrack": false,
            "DateTimeEnd": "20220518.001411",
            "DateTimeMiddle": "20220518.001021",
            "DateTimeStart": "20220518.000641",
            "MaximumElevation": 33,
            "Object_NORAD": "51288",
            "Object_Name": "ELSAD-C",
            "Pass": "NO/SO-CCW"
        },
        {
            "AzimuthEnd": 224,
            "AzimuthMiddle": 285,
            "AzimuthStart": 349,
            "CPFSource": "47944_cpf_220516_6360.sdg",
            "CampaignTrack": false,
            "DateTimeEnd": "20220518.001911",
            "DateTimeMiddle": "20220518.001531",
            "DateTimeStart": "20220518.001151",
            "MaximumElevation": 29,
            "Object_NORAD": "47944",
            "Object_Name": "ELSAD",
            "Pass": "NO/SO-CCW"
        },
        {
            "AzimuthEnd": 348,
            "AzimuthMiddle": 248,
            "AzimuthStart": 167,
            "CPFSource": "48900_cpf_220516_6360.sdg",
            "CampaignTrack": false,
            "DateTimeEnd": "20220518.021421",
            "DateTimeMiddle": "20220518.021011",
            "DateTimeStart": "20220518.020611",
            "MaximumElevation": 89,
            "Object_NORAD": "48900",
            "Object_Name": "TUBIN",
            "Pass": "SE/NO-CW"
        },
        {
            "AzimuthEnd": 78,
            "AzimuthMiddle": 145,
            "AzimuthStart": 208,
            "CPFSource": "1328_cpf_220516_6360.sdg",
            "CampaignTrack": false,
            "DateTimeEnd": "20220518.051551",
            "DateTimeMiddle": "20220518.050931",
            "DateTimeStart": "20220518.050301",
            "MaximumElevation": 35,
            "Object_NORAD": "1328",
            "Object_Name": "EXPLORER27",
            "Pass": "SO/NE-CCW"
        },
        {
            "AzimuthEnd": 191,
            "AzimuthMiddle": 111,
            "AzimuthStart": 16,
            "CPFSource": "37781_cpf_220516_6360.sdg",
            "CampaignTrack": false,
            "DateTimeEnd": "20220518.064711",
            "DateTimeMiddle": "20220518.064051",
            "DateTimeStart": "20220518.063431",
            "MaximumElevation": 80,
            "Object_NORAD": "37781",
            "Object_Name": "HAIYANG2A",
            "Pass": "NE/SO-CW"
        },
        {
            "AzimuthEnd": 200,
            "AzimuthMiddle": 277,
            "AzimuthStart": 6,
            "CPFSource": "31698_cpf_220516_6360.sdg",
            "CampaignTrack": false,
            "DateTimeEnd": "20220518.070041",
            "DateTimeMiddle": "20220518.065651",
            "DateTimeStart": "20220518.065301",
            "MaximumElevation": 68,
            "Object_NORAD": "31698",
            "Object_Name": "TERRASARX",
            "Pass": "NE/SO-CW"
        },
        {
            "AzimuthEnd": 200,
            "AzimuthMiddle": 289,
            "AzimuthStart": 6,
            "CPFSource": "36605_cpf_220516_6360.sdg",
            "CampaignTrack": false,
            "DateTimeEnd": "20220518.070051",
            "DateTimeMiddle": "20220518.065651",
            "DateTimeStart": "20220518.065311",
            "MaximumElevation": 67,
            "Object_NORAD": "36605",
            "Object_Name": "TANDEMX",
            "Pass": "NE/SO-CW"
        },
        {
            "AzimuthEnd": 68,
            "AzimuthMiddle": 351,
            "AzimuthStart": 250,
            "CPFSource": "1328_cpf_220516_6360.sdg",
            "CampaignTrack": false,
            "DateTimeEnd": "20220518.070931",
            "DateTimeMiddle": "20220518.070301",
            "DateTimeStart": "20220518.065601",
            "MaximumElevation": 84,
            "Object_NORAD": "1328",
            "Object_Name": "EXPLORER27",
            "Pass": "SO/NE-CW"
        },
        {
            "AzimuthEnd": 190,
            "AzimuthMiddle": 95,
            "AzimuthStart": 16,
            "CPFSource": "41579_cpf_220516_6360.sdg",
            "CampaignTrack": false,
            "DateTimeEnd": "20220518.071421",
            "DateTimeMiddle": "20220518.070801",
            "DateTimeStart": "20220518.070201",
            "MaximumElevation": 77,
            "Object_NORAD": "41579",
            "Object_Name": "COSMOS2517",
            "Pass": "NE/SO-CW"
        },
        {
            "AzimuthEnd": 204,
            "AzimuthMiddle": 281,
            "AzimuthStart": 8,
            "CPFSource": "43655_cpf_220516_6360.sdg",
            "CampaignTrack": false,
            "DateTimeEnd": "20220518.071851",
            "DateTimeMiddle": "20220518.071241",
            "DateTimeStart": "20220518.070631",
            "MaximumElevation": 69,
            "Object_NORAD": "43655",
            "Object_Name": "HAIYANG2B",
            "Pass": "NE/SO-CW"
        },
        {
            "AzimuthEnd": 4,
            "AzimuthMiddle": 70,
            "AzimuthStart": 141,
            "CPFSource": "42829_cpf_220516_6360.sdg",
            "CampaignTrack": false,
            "DateTimeEnd": "20220518.073021",
            "DateTimeMiddle": "20220518.072621",
            "DateTimeStart": "20220518.072221",
            "MaximumElevation": 38,
            "Object_NORAD": "42829",
            "Object_Name": "TECHNOSAT",
            "Pass": "SE/NE-CCW"
        },
        {
            "AzimuthEnd": 77,
            "AzimuthMiddle": 1,
            "AzimuthStart": 280,
            "CPFSource": "1328_cpf_220516_6360.sdg",
            "CampaignTrack": false,
            "DateTimeEnd": "20220518.090321",
            "DateTimeMiddle": "20220518.085701",
            "DateTimeStart": "20220518.085031",
            "MaximumElevation": 55,
            "Object_NORAD": "1328",
            "Object_Name": "EXPLORER27",
            "Pass": "NO/NE-CW"
        },
        {
            "AzimuthEnd": 28,
            "AzimuthMiddle": 142,
            "AzimuthStart": 205,
            "CPFSource": "46984_cpf_220516_6360.sdg",
            "CampaignTrack": false,
            "DateTimeEnd": "20220518.093051",
            "DateTimeMiddle": "20220518.092211",
            "DateTimeStart": "20220518.091351",
            "MaximumElevation": 89,
            "Object_NORAD": "46984",
            "Object_Name": "SENTINEL6A",
            "Pass": "SO/NE-CCW"
        },
        {
            "AzimuthEnd": 165,
            "AzimuthMiddle": 99,
            "AzimuthStart": 30,
            "CPFSource": "41335_cpf_220516_6360.sdg",
            "CampaignTrack": false,
            "DateTimeEnd": "20220518.101521",
            "DateTimeMiddle": "20220518.101021",
            "DateTimeStart": "20220518.100521",
            "MaximumElevation": 36,
            "Object_NORAD": "41335",
            "Object_Name": "SENTINEL3A",
            "Pass": "NE/SE-CW"
        },
        {
            "AzimuthEnd": 158,
            "AzimuthMiddle": 96,
            "AzimuthStart": 36,
            "CPFSource": "43798_cpf_220516_6360.sdg",
            "CampaignTrack": false,
            "DateTimeEnd": "20220518.101551",
            "DateTimeMiddle": "20220518.101201",
            "DateTimeStart": "20220518.100821",
            "MaximumElevation": 27,
            "Object_NORAD": "43798",
            "Object_Name": "ASTROCSTP1",
            "Pass": "NE/SE-CW"
        },
        {
            "AzimuthEnd": 198,
            "AzimuthMiddle": 293,
            "AzimuthStart": 7,
            "CPFSource": "44083_cpf_220516_6360.sdg",
            "CampaignTrack": false,
            "DateTimeEnd": "20220518.102421",
            "DateTimeMiddle": "20220518.102031",
            "DateTimeStart": "20220518.101651",
            "MaximumElevation": 71,
            "Object_NORAD": "44083",
            "Object_Name": "ASTROCSTP2",
            "Pass": "NE/SO-CW"
        },
        {
            "AzimuthEnd": 10,
            "AzimuthMiddle": 72,
            "AzimuthStart": 130,
            "CPFSource": "43187_cpf_220516_6360.sdg",
            "CampaignTrack": false,
            "DateTimeEnd": "20220518.103851",
            "DateTimeMiddle": "20220518.103501",
            "DateTimeStart": "20220518.103131",
            "MaximumElevation": 26,
            "Object_NORAD": "43187",
            "Object_Name": "SNETB",
            "Pass": "SE/NE-CCW"
        },
        {
            "AzimuthEnd": 11,
            "AzimuthMiddle": 69,
            "AzimuthStart": 129,
            "CPFSource": "43186_cpf_220516_6360.sdg",
            "CampaignTrack": false,
            "DateTimeEnd": "20220518.103841",
            "DateTimeMiddle": "20220518.103501",
            "DateTimeStart": "20220518.103131",
            "MaximumElevation": 26,
            "Object_NORAD": "43186",
            "Object_Name": "SNETD",
            "Pass": "SE/NE-CCW"
        },
        {
            "AzimuthEnd": 11,
            "AzimuthMiddle": 69,
            "AzimuthStart": 130,
            "CPFSource": "43188_cpf_220516_6360.sdg",
            "CampaignTrack": false,
            "DateTimeEnd": "20220518.103911",
            "DateTimeMiddle": "20220518.103531",
            "DateTimeStart": "20220518.103151",
            "MaximumElevation": 27,
            "Object_NORAD": "43188",
            "Object_Name": "SNETA",
            "Pass": "SE/NE-CCW"
        },
        {
            "AzimuthEnd": 10,
            "AzimuthMiddle": 72,
            "AzimuthStart": 131,
            "CPFSource": "43189_cpf_220516_6360.sdg",
            "CampaignTrack": false,
            "DateTimeEnd": "20220518.104011",
            "DateTimeMiddle": "20220518.103621",
            "DateTimeStart": "20220518.103251",
            "MaximumElevation": 27,
            "Object_NORAD": "43189",
            "Object_Name": "SNETC",
            "Pass": "SE/NE-CCW"
        },
        {
            "AzimuthEnd": 106,
            "AzimuthMiddle": 27,
            "AzimuthStart": 291,
            "CPFSource": "1328_cpf_220516_6360.sdg",
            "CampaignTrack": false,
            "DateTimeEnd": "20220518.105731",
            "DateTimeMiddle": "20220518.105101",
            "DateTimeStart": "20220518.104431",
            "MaximumElevation": 79,
            "Object_NORAD": "1328",
            "Object_Name": "EXPLORER27",
            "Pass": "NO/SE-CW"
        },
        {
            "AzimuthEnd": 349,
            "AzimuthMiddle": 49,
            "AzimuthStart": 164,
            "CPFSource": "51288_cpf_220516_6360.sdg",
            "CampaignTrack": false,
            "DateTimeEnd": "20220518.105541",
            "DateTimeMiddle": "20220518.105131",
            "DateTimeStart": "20220518.104721",
            "MaximumElevation": 82,
            "Object_NORAD": "51288",
            "Object_Name": "ELSAD-C",
            "Pass": "SE/NO-CW"
        },
        {
            "AzimuthEnd": 346,
            "AzimuthMiddle": 284,
            "AzimuthStart": 169,
            "CPFSource": "47944_cpf_220516_6360.sdg",
            "CampaignTrack": false,
            "DateTimeEnd": "20220518.110051",
            "DateTimeMiddle": "20220518.105641",
            "DateTimeStart": "20220518.105231",
            "MaximumElevation": 82,
            "Object_NORAD": "47944",
            "Object_Name": "ELSAD",
            "Pass": "SE/NO-CW"
        },
        {
            "AzimuthEnd": 208,
            "AzimuthMiddle": 288,
            "AzimuthStart": 4,
            "CPFSource": "43437_cpf_220516_6360.sdg",
            "CampaignTrack": false,
            "DateTimeEnd": "20220518.111641",
            "DateTimeMiddle": "20220518.111111",
            "DateTimeStart": "20220518.110601",
            "MaximumElevation": 57,
            "Object_NORAD": "43437",
            "Object_Name": "SENTINEL3B",
            "Pass": "NE/SO-CW"
        },
        {
            "AzimuthEnd": 8,
            "AzimuthMiddle": 317,
            "AzimuthStart": 268,
            "CPFSource": "46984_cpf_220516_6360.sdg",
            "CampaignTrack": false,
            "DateTimeEnd": "20220518.112541",
            "DateTimeMiddle": "20220518.111911",
            "DateTimeStart": "20220518.111251",
            "MaximumElevation": 21,
            "Object_NORAD": "46984",
            "Object_Name": "SENTINEL6A",
            "Pass": "SO/NE-CW"
        },
        {
            "AzimuthEnd": 3,
            "AzimuthMiddle": 80,
            "AzimuthStart": 170,
            "CPFSource": "43476_cpf_220516_6360.sdg",
            "CampaignTrack": false,
            "DateTimeEnd": "20220518.113011",
            "DateTimeMiddle": "20220518.112621",
            "DateTimeStart": "20220518.112241",
            "MaximumElevation": 70,
            "Object_NORAD": "43476",
            "Object_Name": "GRACEFO1",
            "Pass": "SE/NE-CCW"
        },
        {
            "AzimuthEnd": 3,
            "AzimuthMiddle": 95,
            "AzimuthStart": 171,
            "CPFSource": "43477_cpf_220516_6360.sdg",
            "CampaignTrack": false,
            "DateTimeEnd": "20220518.113031",
            "DateTimeMiddle": "20220518.112641",
            "DateTimeStart": "20220518.112301",
            "MaximumElevation": 71,
            "Object_NORAD": "43477",
            "Object_Name": "GRACEFO2",
            "Pass": "SE/NE-CCW"
        },
        {
            "AzimuthEnd": 237,
            "AzimuthMiddle": 291,
            "AzimuthStart": 347,
            "CPFSource": "41335_cpf_220516_6360.sdg",
            "CampaignTrack": false,
            "DateTimeEnd": "20220518.115421",
            "DateTimeMiddle": "20220518.114951",
            "DateTimeStart": "20220518.114521",
            "MaximumElevation": 24,
            "Object_NORAD": "41335",
            "Object_Name": "SENTINEL3A",
            "Pass": "NO/SO-CCW"
        },
        {
            "AzimuthEnd": 148,
            "AzimuthMiddle": 216,
            "AzimuthStart": 281,
            "CPFSource": "1328_cpf_220516_6360.sdg",
            "CampaignTrack": false,
            "DateTimeEnd": "20220518.125021",
            "DateTimeMiddle": "20220518.124411",
            "DateTimeStart": "20220518.123831",
            "MaximumElevation": 37,
            "Object_NORAD": "1328",
            "Object_Name": "EXPLORER27",
            "Pass": "NO/SE-CCW"
        },
        {
            "AzimuthEnd": 215,
            "AzimuthMiddle": 289,
            "AzimuthStart": 356,
            "CPFSource": "48900_cpf_220516_6360.sdg",
            "CampaignTrack": false,
            "DateTimeEnd": "20220518.152321",
            "DateTimeMiddle": "20220518.151931",
            "DateTimeStart": "20220518.151551",
            "MaximumElevation": 40,
            "Object_NORAD": "48900",
            "Object_Name": "TUBIN",
            "Pass": "NO/SO-CCW"
        },
        {
            "AzimuthEnd": 12,
            "AzimuthMiddle": 64,
            "AzimuthStart": 113,
            "CPFSource": "37781_cpf_220516_6360.sdg",
            "CampaignTrack": false,
            "DateTimeEnd": "20220518.164321",
            "DateTimeMiddle": "20220518.163821",
            "DateTimeStart": "20220518.163341",
            "MaximumElevation": 22,
            "Object_NORAD": "37781",
            "Object_Name": "HAIYANG2A",
            "Pass": "SE/NE-CCW"
        },
        {
            "AzimuthEnd": 4,
            "AzimuthMiddle": 66,
            "AzimuthStart": 129,
            "CPFSource": "43655_cpf_220516_6360.sdg",
            "CampaignTrack": false,
            "DateTimeEnd": "20220518.171531",
            "DateTimeMiddle": "20220518.170951",
            "DateTimeStart": "20220518.170421",
            "MaximumElevation": 32,
            "Object_NORAD": "43655",
            "Object_Name": "HAIYANG2B",
            "Pass": "SE/NE-CCW"
        },
        {
            "AzimuthEnd": 110,
            "AzimuthMiddle": 48,
            "AzimuthStart": 347,
            "CPFSource": "46984_cpf_220516_6360.sdg",
            "CampaignTrack": false,
            "DateTimeEnd": "20220518.172721",
            "DateTimeMiddle": "20220518.171951",
            "DateTimeStart": "20220518.171231",
            "MaximumElevation": 31,
            "Object_NORAD": "46984",
            "Object_Name": "SENTINEL6A",
            "Pass": "NO/SE-CW"
        },
        {
            "AzimuthEnd": 6,
            "AzimuthMiddle": 73,
            "AzimuthStart": 138,
            "CPFSource": "31698_cpf_220516_6360.sdg",
            "CampaignTrack": false,
            "DateTimeEnd": "20220518.173651",
            "DateTimeMiddle": "20220518.173311",
            "DateTimeStart": "20220518.172941",
            "MaximumElevation": 32,
            "Object_NORAD": "31698",
            "Object_Name": "TERRASARX",
            "Pass": "SE/NE-CCW"
        },
        {
            "AzimuthEnd": 6,
            "AzimuthMiddle": 72,
            "AzimuthStart": 138,
            "CPFSource": "36605_cpf_220516_6360.sdg",
            "CampaignTrack": false,
            "DateTimeEnd": "20220518.173701",
            "DateTimeMiddle": "20220518.173321",
            "DateTimeStart": "20220518.172951",
            "MaximumElevation": 32,
            "Object_NORAD": "36605",
            "Object_Name": "TANDEMX",
            "Pass": "SE/NE-CCW"
        },
        {
            "AzimuthEnd": 335,
            "AzimuthMiddle": 259,
            "AzimuthStart": 183,
            "CPFSource": "37781_cpf_220516_6360.sdg",
            "CampaignTrack": false,
            "DateTimeEnd": "20220518.182711",
            "DateTimeMiddle": "20220518.182101",
            "DateTimeStart": "20220518.181501",
            "MaximumElevation": 51,
            "Object_NORAD": "37781",
            "Object_Name": "HAIYANG2A",
            "Pass": "SO/NO-CW"
        },
        {
            "AzimuthEnd": 338,
            "AzimuthMiddle": 256,
            "AzimuthStart": 179,
            "CPFSource": "41579_cpf_220516_6360.sdg",
            "CampaignTrack": false,
            "DateTimeEnd": "20220518.185051",
            "DateTimeMiddle": "20220518.184441",
            "DateTimeStart": "20220518.183851",
            "MaximumElevation": 57,
            "Object_NORAD": "41579",
            "Object_Name": "COSMOS2517",
            "Pass": "SE/NO-CW"
        },
        {
            "AzimuthEnd": 328,
            "AzimuthMiddle": 262,
            "AzimuthStart": 197,
            "CPFSource": "43655_cpf_220516_6360.sdg",
            "CampaignTrack": false,
            "DateTimeEnd": "20220518.185831",
            "DateTimeMiddle": "20220518.185241",
            "DateTimeStart": "20220518.184701",
            "MaximumElevation": 34,
            "Object_NORAD": "43655",
            "Object_Name": "HAIYANG2B",
            "Pass": "SO/NO-CW"
        },
        {
            "AzimuthEnd": 169,
            "AzimuthMiddle": 246,
            "AzimuthStart": 324,
            "CPFSource": "46984_cpf_220516_6360.sdg",
            "CampaignTrack": false,
            "DateTimeEnd": "20220518.192431",
            "DateTimeMiddle": "20220518.191611",
            "DateTimeStart": "20220518.190801",
            "MaximumElevation": 60,
            "Object_NORAD": "46984",
            "Object_Name": "SENTINEL6A",
            "Pass": "NO/SE-CCW"
        },
        {
            "AzimuthEnd": 198,
            "AzimuthMiddle": 282,
            "AzimuthStart": 7,
            "CPFSource": "42829_cpf_220516_6360.sdg",
            "CampaignTrack": false,
            "DateTimeEnd": "20220518.205121",
            "DateTimeMiddle": "20220518.204701",
            "DateTimeStart": "20220518.204251",
            "MaximumElevation": 73,
            "Object_NORAD": "42829",
            "Object_Name": "TECHNOSAT",
            "Pass": "NE/SO-CW"
        },
        {
            "AzimuthEnd": 11,
            "AzimuthMiddle": 71,
            "AzimuthStart": 133,
            "CPFSource": "44083_cpf_220516_6360.sdg",
            "CampaignTrack": false,
            "DateTimeEnd": "20220518.205731",
            "DateTimeMiddle": "20220518.205411",
            "DateTimeStart": "20220518.205051",
            "MaximumElevation": 27,
            "Object_NORAD": "44083",
            "Object_Name": "ASTROCSTP2",
            "Pass": "SE/NE-CCW"
        },
        {
            "AzimuthEnd": 359,
            "AzimuthMiddle": 69,
            "AzimuthStart": 142,
            "CPFSource": "41335_cpf_220516_6360.sdg",
            "CampaignTrack": false,
            "DateTimeEnd": "20220518.213241",
            "DateTimeMiddle": "20220518.212731",
            "DateTimeStart": "20220518.212221",
            "MaximumElevation": 44,
            "Object_NORAD": "41335",
            "Object_Name": "SENTINEL3A",
            "Pass": "SE/NO-CW"
        },
        {
            "AzimuthEnd": 335,
            "AzimuthMiddle": 262,
            "AzimuthStart": 186,
            "CPFSource": "43437_cpf_220516_6360.sdg",
            "CampaignTrack": false,
            "DateTimeEnd": "20220518.223341",
            "DateTimeMiddle": "20220518.222821",
            "DateTimeStart": "20220518.222311",
            "MaximumElevation": 46,
            "Object_NORAD": "43437",
            "Object_Name": "SENTINEL3B",
            "Pass": "SO/NO-CW"
        },
        {
            "AzimuthEnd": 334,
            "AzimuthMiddle": 257,
            "AzimuthStart": 189,
            "CPFSource": "43798_cpf_220516_6360.sdg",
            "CampaignTrack": false,
            "DateTimeEnd": "20220518.223651",
            "DateTimeMiddle": "20220518.223241",
            "DateTimeStart": "20220518.222851",
            "MaximumElevation": 41,
            "Object_NORAD": "43798",
            "Object_Name": "ASTROCSTP1",
            "Pass": "SO/NO-CW"
        },
        {
            "AzimuthEnd": 154,
            "AzimuthMiddle": 87,
            "AzimuthStart": 21,
            "CPFSource": "43476_cpf_220516_6360.sdg",
            "CampaignTrack": false,
            "DateTimeEnd": "20220518.225921",
            "DateTimeMiddle": "20220518.225551",
            "DateTimeStart": "20220518.225231",
            "MaximumElevation": 32,
            "Object_NORAD": "43476",
            "Object_Name": "GRACEFO1",
            "Pass": "NE/SE-CW"
        },
        {
            "AzimuthEnd": 155,
            "AzimuthMiddle": 90,
            "AzimuthStart": 20,
            "CPFSource": "43477_cpf_220516_6360.sdg",
            "CampaignTrack": false,
            "DateTimeEnd": "20220518.225951",
            "DateTimeMiddle": "20220518.225621",
            "DateTimeStart": "20220518.225251",
            "MaximumElevation": 32,
            "Object_NORAD": "43477",
            "Object_Name": "GRACEFO2",
            "Pass": "NE/SE-CW"
        },
        {
            "AzimuthEnd": 44,
            "AzimuthMiddle": 44,
            "AzimuthStart": 16,
            "CPFSource": "43187_cpf_220516_6360.sdg",
            "CampaignTrack": false,
            "DateTimeEnd": "20220518.235951",
            "DateTimeMiddle": "20220518.235951",
            "DateTimeStart": "20220518.234821",
            "MaximumElevation": 54,
            "Object_NORAD": "43187",
            "Object_Name": "SNETB",
            "Pass": "NE/NE-CW"
        },
        {
            "AzimuthEnd": 51,
            "AzimuthMiddle": 51,
            "AzimuthStart": 17,
            "CPFSource": "43186_cpf_220516_6360.sdg",
            "CampaignTrack": false,
            "DateTimeEnd": "20220518.235951",
            "DateTimeMiddle": "20220518.235951",
            "DateTimeStart": "20220518.234821",
            "MaximumElevation": 57,
            "Object_NORAD": "43186",
            "Object_Name": "SNETD",
            "Pass": "NE/NE-CW"
        },
        {
            "AzimuthEnd": 34,
            "AzimuthMiddle": 34,
            "AzimuthStart": 17,
            "CPFSource": "43188_cpf_220516_6360.sdg",
            "CampaignTrack": false,
            "DateTimeEnd": "20220518.235951",
            "DateTimeMiddle": "20220518.235951",
            "DateTimeStart": "20220518.234851",
            "MaximumElevation": 44,
            "Object_NORAD": "43188",
            "Object_Name": "SNETA",
            "Pass": "NE/NE-CW"
        },
        {
            "AzimuthEnd": 22,
            "AzimuthMiddle": 22,
            "AzimuthStart": 16,
            "CPFSource": "43189_cpf_220516_6360.sdg",
            "CampaignTrack": false,
            "DateTimeEnd": "20220518.235951",
            "DateTimeMiddle": "20220518.235951",
            "DateTimeStart": "20220518.234941",
            "MaximumElevation": 28,
            "Object_NORAD": "43189",
            "Object_Name": "SNETC",
            "Pass": "NE/NE-CW"
        }
    ]
}
