{
    "CreationDateTime": "20200819.110716",
    "PredictionsArray": [
        {
            "AzimuthEnd": 342,
            "AzimuthMiddle": 295,
            "AzimuthStart": 289,
            "CPFSource": "36508_cpf_200819_7320.sdg",
            "CampaignTrack": false,
            "DateTimeEnd": "20200819.110919",
            "DateTimeMiddle": "20200819.110509",
            "DateTimeStart": "20200819.110459",
            "MaximumElevation": 42,
            "Object_NORAD": "36508",
            "Object_Name": "CRYOSAT2",
            "Pass": "NO/NO-CW"
        },
        {
            "AzimuthEnd": 108,
            "AzimuthMiddle": 85,
            "AzimuthStart": 85,
            "CPFSource": "38250_cpf_200819_7320.sdg",
            "CampaignTrack": false,
            "DateTimeEnd": "20200819.115739",
            "DateTimeMiddle": "20200819.110509",
            "DateTimeStart": "20200819.110459",
            "MaximumElevation": 44,
            "Object_NORAD": "38250",
            "Object_Name": "BEIDOU12",
            "Pass": "NE/SE-CW"
        },
        {
            "AzimuthEnd": 334,
            "AzimuthMiddle": 48,
            "AzimuthStart": 125,
            "CPFSource": "8820_cpf_200819_7320.sdg",
            "CampaignTrack": false,
            "DateTimeEnd": "20200819.121459",
            "DateTimeMiddle": "20200819.114639",
            "DateTimeStart": "20200819.111829",
            "MaximumElevation": 66,
            "Object_NORAD": "8820",
            "Object_Name": "LAGEOS1",
            "Pass": "SE/NO-CW"
        },
        {
            "AzimuthEnd": 191,
            "AzimuthMiddle": 256,
            "AzimuthStart": 321,
            "CPFSource": "38077_cpf_200819_7320.sdg",
            "CampaignTrack": false,
            "DateTimeEnd": "20200819.122449",
            "DateTimeMiddle": "20200819.121639",
            "DateTimeStart": "20200819.120839",
            "MaximumElevation": 38,
            "Object_NORAD": "38077",
            "Object_Name": "LARES",
            "Pass": "NO/SO-CCW"
        },
        {
            "AzimuthEnd": 74,
            "AzimuthMiddle": 147,
            "AzimuthStart": 219,
            "CPFSource": "1328_cpf_200819_7320.sdg",
            "CampaignTrack": false,
            "DateTimeEnd": "20200819.131059",
            "DateTimeMiddle": "20200819.130439",
            "DateTimeStart": "20200819.125839",
            "MaximumElevation": 47,
            "Object_NORAD": "1328",
            "Object_Name": "EXPLORER27",
            "Pass": "SO/NE-CCW"
        },
        {
            "AzimuthEnd": 167,
            "AzimuthMiddle": 96,
            "AzimuthStart": 29,
            "CPFSource": "27944_cpf_200819_7320.sdg",
            "CampaignTrack": false,
            "DateTimeEnd": "20200819.141409",
            "DateTimeMiddle": "20200819.140929",
            "DateTimeStart": "20200819.140509",
            "MaximumElevation": 37,
            "Object_NORAD": "27944",
            "Object_Name": "LARETS",
            "Pass": "NE/SE-CW"
        },
        {
            "AzimuthEnd": 47,
            "AzimuthMiddle": 122,
            "AzimuthStart": 202,
            "CPFSource": "22195_cpf_200819_7320.sdg",
            "CampaignTrack": false,
            "DateTimeEnd": "20200819.153709",
            "DateTimeMiddle": "20200819.150419",
            "DateTimeStart": "20200819.143229",
            "MaximumElevation": 69,
            "Object_NORAD": "22195",
            "Object_Name": "LAGEOS2",
            "Pass": "SO/NE-CCW"
        },
        {
            "AzimuthEnd": 69,
            "AzimuthMiddle": 346,
            "AzimuthStart": 260,
            "CPFSource": "1328_cpf_200819_7320.sdg",
            "CampaignTrack": false,
            "DateTimeEnd": "20200819.150459",
            "DateTimeMiddle": "20200819.145809",
            "DateTimeStart": "20200819.145149",
            "MaximumElevation": 70,
            "Object_NORAD": "1328",
            "Object_Name": "EXPLORER27",
            "Pass": "SO/NE-CW"
        },
        {
            "AzimuthEnd": 325,
            "AzimuthMiddle": 257,
            "AzimuthStart": 193,
            "CPFSource": "8820_cpf_200819_7320.sdg",
            "CampaignTrack": false,
            "DateTimeEnd": "20200819.154649",
            "DateTimeMiddle": "20200819.152009",
            "DateTimeStart": "20200819.145449",
            "MaximumElevation": 36,
            "Object_NORAD": "8820",
            "Object_Name": "LAGEOS1",
            "Pass": "SO/NO-CW"
        },
        {
            "AzimuthEnd": 245,
            "AzimuthMiddle": 292,
            "AzimuthStart": 339,
            "CPFSource": "27944_cpf_200819_7320.sdg",
            "CampaignTrack": false,
            "DateTimeEnd": "20200819.155009",
            "DateTimeMiddle": "20200819.154639",
            "DateTimeStart": "20200819.154309",
            "MaximumElevation": 19,
            "Object_NORAD": "27944",
            "Object_Name": "LARETS",
            "Pass": "NO/SO-CCW"
        },
        {
            "AzimuthEnd": 39,
            "AzimuthMiddle": 108,
            "AzimuthStart": 180,
            "CPFSource": "33105_cpf_200819_7320.sdg",
            "CampaignTrack": false,
            "DateTimeEnd": "20200819.164409",
            "DateTimeMiddle": "20200819.163619",
            "DateTimeStart": "20200819.162829",
            "MaximumElevation": 46,
            "Object_NORAD": "33105",
            "Object_Name": "JASON2",
            "Pass": "S/NE-CCW"
        },
        {
            "AzimuthEnd": 77,
            "AzimuthMiddle": 121,
            "AzimuthStart": 165,
            "CPFSource": "16908_cpf_200819_7320.sdg",
            "CampaignTrack": false,
            "DateTimeEnd": "20200819.164529",
            "DateTimeMiddle": "20200819.163859",
            "DateTimeStart": "20200819.163239",
            "MaximumElevation": 19,
            "Object_NORAD": "16908",
            "Object_Name": "EGS",
            "Pass": "SE/NE-CCW"
        },
        {
            "AzimuthEnd": 85,
            "AzimuthMiddle": 6,
            "AzimuthStart": 285,
            "CPFSource": "1328_cpf_200819_7320.sdg",
            "CampaignTrack": false,
            "DateTimeEnd": "20200819.165929",
            "DateTimeMiddle": "20200819.165219",
            "DateTimeStart": "20200819.164549",
            "MaximumElevation": 58,
            "Object_NORAD": "1328",
            "Object_Name": "EXPLORER27",
            "Pass": "NO/NE-CW"
        },
        {
            "AzimuthEnd": 18,
            "AzimuthMiddle": 70,
            "AzimuthStart": 119,
            "CPFSource": "31698_cpf_200819_7320.sdg",
            "CampaignTrack": false,
            "DateTimeEnd": "20200819.171919",
            "DateTimeMiddle": "20200819.171609",
            "DateTimeStart": "20200819.171319",
            "MaximumElevation": 20,
            "Object_NORAD": "31698",
            "Object_Name": "TERRASARX",
            "Pass": "SE/NE-CCW"
        },
        {
            "AzimuthEnd": 18,
            "AzimuthMiddle": 70,
            "AzimuthStart": 119,
            "CPFSource": "36605_cpf_200819_7320.sdg",
            "CampaignTrack": false,
            "DateTimeEnd": "20200819.171919",
            "DateTimeMiddle": "20200819.171609",
            "DateTimeStart": "20200819.171319",
            "MaximumElevation": 20,
            "Object_NORAD": "36605",
            "Object_Name": "TANDEMX",
            "Pass": "SE/NE-CCW"
        },
        {
            "AzimuthEnd": 16,
            "AzimuthMiddle": 308,
            "AzimuthStart": 241,
            "CPFSource": "33105_cpf_200819_7320.sdg",
            "CampaignTrack": false,
            "DateTimeEnd": "20200819.183929",
            "DateTimeMiddle": "20200819.183139",
            "DateTimeStart": "20200819.182409",
            "MaximumElevation": 38,
            "Object_NORAD": "33105",
            "Object_Name": "JASON2",
            "Pass": "SO/NE-CW"
        },
        {
            "AzimuthEnd": 53,
            "AzimuthMiddle": 138,
            "AzimuthStart": 221,
            "CPFSource": "16908_cpf_200819_7320.sdg",
            "CampaignTrack": false,
            "DateTimeEnd": "20200819.184908",
            "DateTimeMiddle": "20200819.183939",
            "DateTimeStart": "20200819.183019",
            "MaximumElevation": 77,
            "Object_NORAD": "16908",
            "Object_Name": "EGS",
            "Pass": "SO/NE-CCW"
        },
        {
            "AzimuthEnd": 64,
            "AzimuthMiddle": 131,
            "AzimuthStart": 196,
            "CPFSource": "7646_cpf_200819_7320.sdg",
            "CampaignTrack": false,
            "DateTimeEnd": "20200819.184539",
            "DateTimeMiddle": "20200819.183839",
            "DateTimeStart": "20200819.183209",
            "MaximumElevation": 38,
            "Object_NORAD": "7646",
            "Object_Name": "STARLETTE",
            "Pass": "SO/NE-CCW"
        },
        {
            "AzimuthEnd": 74,
            "AzimuthMiddle": 350,
            "AzimuthStart": 267,
            "CPFSource": "22195_cpf_200819_7320.sdg",
            "CampaignTrack": false,
            "DateTimeEnd": "20200819.194708",
            "DateTimeMiddle": "20200819.191158",
            "DateTimeStart": "20200819.183839",
            "MaximumElevation": 58,
            "Object_NORAD": "22195",
            "Object_Name": "LAGEOS2",
            "Pass": "SO/NE-CW"
        },
        {
            "AzimuthEnd": 116,
            "AzimuthMiddle": 201,
            "AzimuthStart": 290,
            "CPFSource": "1328_cpf_200819_7320.sdg",
            "CampaignTrack": false,
            "DateTimeEnd": "20200819.185358",
            "DateTimeMiddle": "20200819.184619",
            "DateTimeStart": "20200819.183929",
            "MaximumElevation": 84,
            "Object_NORAD": "1328",
            "Object_Name": "EXPLORER27",
            "Pass": "NO/SE-CCW"
        },
        {
            "AzimuthEnd": 318,
            "AzimuthMiddle": 265,
            "AzimuthStart": 212,
            "CPFSource": "31698_cpf_200819_7320.sdg",
            "CampaignTrack": false,
            "DateTimeEnd": "20200819.185309",
            "DateTimeMiddle": "20200819.184959",
            "DateTimeStart": "20200819.184659",
            "MaximumElevation": 21,
            "Object_NORAD": "31698",
            "Object_Name": "TERRASARX",
            "Pass": "SO/NO-CW"
        },
        {
            "AzimuthEnd": 318,
            "AzimuthMiddle": 265,
            "AzimuthStart": 212,
            "CPFSource": "36605_cpf_200819_7320.sdg",
            "CampaignTrack": false,
            "DateTimeEnd": "20200819.185309",
            "DateTimeMiddle": "20200819.184959",
            "DateTimeStart": "20200819.184659",
            "MaximumElevation": 21,
            "Object_NORAD": "36605",
            "Object_Name": "TANDEMX",
            "Pass": "SO/NO-CW"
        },
        {
            "AzimuthEnd": 200,
            "AzimuthMiddle": 294,
            "AzimuthStart": 9,
            "CPFSource": "39086_cpf_200819_7320.sdg",
            "CampaignTrack": false,
            "DateTimeEnd": "20200819.185929",
            "DateTimeMiddle": "20200819.185358",
            "DateTimeStart": "20200819.184849",
            "MaximumElevation": 74,
            "Object_NORAD": "39086",
            "Object_Name": "SARAL",
            "Pass": "NE/SO-CW"
        },
        {
            "AzimuthEnd": 37,
            "AzimuthMiddle": 81,
            "AzimuthStart": 125,
            "CPFSource": "39451_cpf_200819_7320.sdg",
            "CampaignTrack": false,
            "DateTimeEnd": "20200819.191018",
            "DateTimeMiddle": "20200819.190739",
            "DateTimeStart": "20200819.190458",
            "MaximumElevation": 16,
            "Object_NORAD": "39451",
            "Object_Name": "SWARMB",
            "Pass": "SE/NE-CCW"
        },
        {
            "AzimuthEnd": 48,
            "AzimuthMiddle": 326,
            "AzimuthStart": 246,
            "CPFSource": "7646_cpf_200819_7320.sdg",
            "CampaignTrack": false,
            "DateTimeEnd": "20200819.203518",
            "DateTimeMiddle": "20200819.202748",
            "DateTimeStart": "20200819.202038",
            "MaximumElevation": 62,
            "Object_NORAD": "7646",
            "Object_Name": "STARLETTE",
            "Pass": "SO/NE-CW"
        },
        {
            "AzimuthEnd": 51,
            "AzimuthMiddle": 339,
            "AzimuthStart": 267,
            "CPFSource": "16908_cpf_200819_7320.sdg",
            "CampaignTrack": false,
            "DateTimeEnd": "20200819.205108",
            "DateTimeMiddle": "20200819.204208",
            "DateTimeStart": "20200819.203318",
            "MaximumElevation": 44,
            "Object_NORAD": "16908",
            "Object_Name": "EGS",
            "Pass": "SO/NE-CW"
        },
        {
            "AzimuthEnd": 159,
            "AzimuthMiddle": 218,
            "AzimuthStart": 277,
            "CPFSource": "1328_cpf_200819_7320.sdg",
            "CampaignTrack": false,
            "DateTimeEnd": "20200819.204628",
            "DateTimeMiddle": "20200819.203938",
            "DateTimeStart": "20200819.203328",
            "MaximumElevation": 30,
            "Object_NORAD": "1328",
            "Object_Name": "EXPLORER27",
            "Pass": "NO/SE-CCW"
        },
        {
            "AzimuthEnd": 332,
            "AzimuthMiddle": 274,
            "AzimuthStart": 221,
            "CPFSource": "39451_cpf_200819_7320.sdg",
            "CampaignTrack": false,
            "DateTimeEnd": "20200819.204528",
            "DateTimeMiddle": "20200819.204208",
            "DateTimeStart": "20200819.203908",
            "MaximumElevation": 23,
            "Object_NORAD": "39451",
            "Object_Name": "SWARMB",
            "Pass": "SO/NO-CW"
        },
        {
            "AzimuthEnd": 189,
            "AzimuthMiddle": 277,
            "AzimuthStart": 352,
            "CPFSource": "39453_cpf_200819_7320.sdg",
            "CampaignTrack": false,
            "DateTimeEnd": "20200819.214848",
            "DateTimeMiddle": "20200819.214518",
            "DateTimeStart": "20200819.214158",
            "MaximumElevation": 62,
            "Object_NORAD": "39453",
            "Object_Name": "SWARMC",
            "Pass": "NO/SO-CCW"
        },
        {
            "AzimuthEnd": 192,
            "AzimuthMiddle": 269,
            "AzimuthStart": 349,
            "CPFSource": "39452_cpf_200819_7320.sdg",
            "CampaignTrack": false,
            "DateTimeEnd": "20200819.214858",
            "DateTimeMiddle": "20200819.214528",
            "DateTimeStart": "20200819.214208",
            "MaximumElevation": 54,
            "Object_NORAD": "39452",
            "Object_Name": "SWARMA",
            "Pass": "NO/SO-CCW"
        },
        {
            "AzimuthEnd": 48,
            "AzimuthMiddle": 348,
            "AzimuthStart": 287,
            "CPFSource": "7646_cpf_200819_7320.sdg",
            "CampaignTrack": false,
            "DateTimeEnd": "20200819.222438",
            "DateTimeMiddle": "20200819.221818",
            "DateTimeStart": "20200819.221148",
            "MaximumElevation": 29,
            "Object_NORAD": "7646",
            "Object_Name": "STARLETTE",
            "Pass": "NO/NE-CW"
        },
        {
            "AzimuthEnd": 69,
            "AzimuthMiddle": 4,
            "AzimuthStart": 300,
            "CPFSource": "16908_cpf_200819_7320.sdg",
            "CampaignTrack": false,
            "DateTimeEnd": "20200819.225428",
            "DateTimeMiddle": "20200819.224558",
            "DateTimeStart": "20200819.223738",
            "MaximumElevation": 34,
            "Object_NORAD": "16908",
            "Object_Name": "EGS",
            "Pass": "NO/NE-CW"
        },
        {
            "AzimuthEnd": 137,
            "AzimuthMiddle": 43,
            "AzimuthStart": 308,
            "CPFSource": "22195_cpf_200819_7320.sdg",
            "CampaignTrack": false,
            "DateTimeEnd": "20200820.000028",
            "DateTimeMiddle": "20200819.232518",
            "DateTimeStart": "20200819.225038",
            "MaximumElevation": 86,
            "Object_NORAD": "22195",
            "Object_Name": "LAGEOS2",
            "Pass": "NO/SE-CW"
        },
        {
            "AzimuthEnd": 201,
            "AzimuthMiddle": 276,
            "AzimuthStart": 355,
            "CPFSource": "36508_cpf_200819_7320.sdg",
            "CampaignTrack": false,
            "DateTimeEnd": "20200819.231338",
            "DateTimeMiddle": "20200819.230838",
            "DateTimeStart": "20200819.230338",
            "MaximumElevation": 54,
            "Object_NORAD": "36508",
            "Object_Name": "CRYOSAT2",
            "Pass": "NO/SO-CCW"
        },
        {
            "AzimuthEnd": 160,
            "AzimuthMiddle": 100,
            "AzimuthStart": 37,
            "CPFSource": "8820_cpf_200819_7320.sdg",
            "CampaignTrack": false,
            "DateTimeEnd": "20200820.003418",
            "DateTimeMiddle": "20200820.000928",
            "DateTimeStart": "20200819.234358",
            "MaximumElevation": 31,
            "Object_NORAD": "8820",
            "Object_Name": "LAGEOS1",
            "Pass": "NE/SE-CW"
        },
        {
            "AzimuthEnd": 71,
            "AzimuthMiddle": 10,
            "AzimuthStart": 310,
            "CPFSource": "7646_cpf_200819_7320.sdg",
            "CampaignTrack": false,
            "DateTimeEnd": "20200820.001528",
            "DateTimeMiddle": "20200820.000918",
            "DateTimeStart": "20200820.000258",
            "MaximumElevation": 29,
            "Object_NORAD": "7646",
            "Object_Name": "STARLETTE",
            "Pass": "NO/NE-CW"
        },
        {
            "AzimuthEnd": 79,
            "AzimuthMiddle": 38,
            "AzimuthStart": 356,
            "CPFSource": "33105_cpf_200819_7320.sdg",
            "CampaignTrack": false,
            "DateTimeEnd": "20200820.003538",
            "DateTimeMiddle": "20200820.003008",
            "DateTimeStart": "20200820.002438",
            "MaximumElevation": 17,
            "Object_NORAD": "33105",
            "Object_Name": "JASON2",
            "Pass": "NO/NE-CW"
        },
        {
            "AzimuthEnd": 108,
            "AzimuthMiddle": 27,
            "AzimuthStart": 310,
            "CPFSource": "16908_cpf_200819_7320.sdg",
            "CampaignTrack": false,
            "DateTimeEnd": "20200820.005848",
            "DateTimeMiddle": "20200820.004928",
            "DateTimeStart": "20200820.004018",
            "MaximumElevation": 58,
            "Object_NORAD": "16908",
            "Object_Name": "EGS",
            "Pass": "NO/SE-CW"
        },
        {
            "AzimuthEnd": 25,
            "AzimuthMiddle": 114,
            "AzimuthStart": 196,
            "CPFSource": "38077_cpf_200819_7320.sdg",
            "CampaignTrack": false,
            "DateTimeEnd": "20200820.011518",
            "DateTimeMiddle": "20200820.010608",
            "DateTimeStart": "20200820.005718",
            "MaximumElevation": 80,
            "Object_NORAD": "38077",
            "Object_Name": "LARES",
            "Pass": "SO/NE-CCW"
        },
        {
            "AzimuthEnd": 8,
            "AzimuthMiddle": 68,
            "AzimuthStart": 130,
            "CPFSource": "27944_cpf_200819_7320.sdg",
            "CampaignTrack": false,
            "DateTimeEnd": "20200820.011428",
            "DateTimeMiddle": "20200820.011008",
            "DateTimeStart": "20200820.010558",
            "MaximumElevation": 29,
            "Object_NORAD": "27944",
            "Object_Name": "LARETS",
            "Pass": "SE/NE-CCW"
        },
        {
            "AzimuthEnd": 113,
            "AzimuthMiddle": 34,
            "AzimuthStart": 311,
            "CPFSource": "7646_cpf_200819_7320.sdg",
            "CampaignTrack": false,
            "DateTimeEnd": "20200820.020628",
            "DateTimeMiddle": "20200820.015948",
            "DateTimeStart": "20200820.015238",
            "MaximumElevation": 61,
            "Object_NORAD": "7646",
            "Object_Name": "STARLETTE",
            "Pass": "NO/SE-CW"
        },
        {
            "AzimuthEnd": 144,
            "AzimuthMiddle": 63,
            "AzimuthStart": 335,
            "CPFSource": "33105_cpf_200819_7320.sdg",
            "CampaignTrack": false,
            "DateTimeEnd": "20200820.023518",
            "DateTimeMiddle": "20200820.022658",
            "DateTimeStart": "20200820.021838",
            "MaximumElevation": 70,
            "Object_NORAD": "33105",
            "Object_Name": "JASON2",
            "Pass": "NO/SE-CW"
        },
        {
            "AzimuthEnd": 155,
            "AzimuthMiddle": 228,
            "AzimuthStart": 300,
            "CPFSource": "16908_cpf_200819_7320.sdg",
            "CampaignTrack": false,
            "DateTimeEnd": "20200820.030018",
            "DateTimeMiddle": "20200820.025118",
            "DateTimeStart": "20200820.024228",
            "MaximumElevation": 50,
            "Object_NORAD": "16908",
            "Object_Name": "EGS",
            "Pass": "NO/SE-CCW"
        },
        {
            "AzimuthEnd": 320,
            "AzimuthMiddle": 266,
            "AzimuthStart": 209,
            "CPFSource": "27944_cpf_200819_7320.sdg",
            "CampaignTrack": false,
            "DateTimeEnd": "20200820.025128",
            "DateTimeMiddle": "20200820.024728",
            "DateTimeStart": "20200820.024328",
            "MaximumElevation": 24,
            "Object_NORAD": "27944",
            "Object_Name": "LARETS",
            "Pass": "SO/NO-CW"
        },
        {
            "AzimuthEnd": 4,
            "AzimuthMiddle": 311,
            "AzimuthStart": 260,
            "CPFSource": "38077_cpf_200819_7320.sdg",
            "CampaignTrack": false,
            "DateTimeEnd": "20200820.031208",
            "DateTimeMiddle": "20200820.030458",
            "DateTimeStart": "20200820.025808",
            "MaximumElevation": 23,
            "Object_NORAD": "38077",
            "Object_Name": "LARES",
            "Pass": "SO/NE-CW"
        },
        {
            "AzimuthEnd": 207,
            "AzimuthMiddle": 256,
            "AzimuthStart": 302,
            "CPFSource": "22195_cpf_200819_7320.sdg",
            "CampaignTrack": false,
            "DateTimeEnd": "20200820.034708",
            "DateTimeMiddle": "20200820.032238",
            "DateTimeStart": "20200820.025908",
            "MaximumElevation": 24,
            "Object_NORAD": "22195",
            "Object_Name": "LAGEOS2",
            "Pass": "NO/SO-CCW"
        },
        {
            "AzimuthEnd": 229,
            "AzimuthMiddle": 307,
            "AzimuthStart": 24,
            "CPFSource": "8820_cpf_200819_7320.sdg",
            "CampaignTrack": false,
            "DateTimeEnd": "20200820.041248",
            "DateTimeMiddle": "20200820.034338",
            "DateTimeStart": "20200820.031448",
            "MaximumElevation": 71,
            "Object_NORAD": "8820",
            "Object_Name": "LAGEOS1",
            "Pass": "NE/SO-CW"
        },
        {
            "AzimuthEnd": 166,
            "AzimuthMiddle": 231,
            "AzimuthStart": 293,
            "CPFSource": "7646_cpf_200819_7320.sdg",
            "CampaignTrack": false,
            "DateTimeEnd": "20200820.035428",
            "DateTimeMiddle": "20200820.034838",
            "DateTimeStart": "20200820.034228",
            "MaximumElevation": 34,
            "Object_NORAD": "7646",
            "Object_Name": "STARLETTE",
            "Pass": "NO/SE-CCW"
        },
        {
            "AzimuthEnd": 207,
            "AzimuthMiddle": 255,
            "AzimuthStart": 304,
            "CPFSource": "33105_cpf_200819_7320.sdg",
            "CampaignTrack": false,
            "DateTimeEnd": "20200820.042738",
            "DateTimeMiddle": "20200820.042128",
            "DateTimeStart": "20200820.041518",
            "MaximumElevation": 22,
            "Object_NORAD": "33105",
            "Object_Name": "JASON2",
            "Pass": "NO/SO-CCW"
        },
        {
            "AzimuthEnd": 341,
            "AzimuthMiddle": 260,
            "AzimuthStart": 175,
            "CPFSource": "39086_cpf_200819_7320.sdg",
            "CampaignTrack": false,
            "DateTimeEnd": "20200820.061358",
            "DateTimeMiddle": "20200820.060838",
            "DateTimeStart": "20200820.060318",
            "MaximumElevation": 66,
            "Object_NORAD": "39086",
            "Object_Name": "SARAL",
            "Pass": "SE/NO-CW"
        },
        {
            "AzimuthEnd": 169,
            "AzimuthMiddle": 101,
            "AzimuthStart": 28,
            "CPFSource": "31698_cpf_200819_7320.sdg",
            "CampaignTrack": false,
            "DateTimeEnd": "20200820.062618",
            "DateTimeMiddle": "20200820.062238",
            "DateTimeStart": "20200820.061858",
            "MaximumElevation": 38,
            "Object_NORAD": "31698",
            "Object_Name": "TERRASARX",
            "Pass": "NE/SE-CW"
        },
        {
            "AzimuthEnd": 169,
            "AzimuthMiddle": 101,
            "AzimuthStart": 28,
            "CPFSource": "36605_cpf_200819_7320.sdg",
            "CampaignTrack": false,
            "DateTimeEnd": "20200820.062618",
            "DateTimeMiddle": "20200820.062238",
            "DateTimeStart": "20200820.061858",
            "MaximumElevation": 38,
            "Object_NORAD": "36605",
            "Object_Name": "TANDEMX",
            "Pass": "NE/SE-CW"
        },
        {
            "AzimuthEnd": 297,
            "AzimuthMiddle": 349,
            "AzimuthStart": 40,
            "CPFSource": "8820_cpf_200819_7320.sdg",
            "CampaignTrack": false,
            "DateTimeEnd": "20200820.072908",
            "DateTimeMiddle": "20200820.070658",
            "DateTimeStart": "20200820.064508",
            "MaximumElevation": 30,
            "Object_NORAD": "8820",
            "Object_Name": "LAGEOS1",
            "Pass": "NE/NO-CW"
        },
        {
            "AzimuthEnd": 207,
            "AzimuthMiddle": 277,
            "AzimuthStart": 341,
            "CPFSource": "39451_cpf_200819_7320.sdg",
            "CampaignTrack": false,
            "DateTimeEnd": "20200820.081638",
            "DateTimeMiddle": "20200820.081258",
            "DateTimeStart": "20200820.080928",
            "MaximumElevation": 34,
            "Object_NORAD": "39451",
            "Object_Name": "SWARMB",
            "Pass": "NO/SO-CCW"
        },
        {
            "AzimuthEnd": 100,
            "AzimuthMiddle": 49,
            "AzimuthStart": 356,
            "CPFSource": "38077_cpf_200819_7320.sdg",
            "CampaignTrack": false,
            "DateTimeEnd": "20200820.092108",
            "DateTimeMiddle": "20200820.091408",
            "DateTimeStart": "20200820.090708",
            "MaximumElevation": 23,
            "Object_NORAD": "38077",
            "Object_Name": "LARES",
            "Pass": "NO/SE-CW"
        },
        {
            "AzimuthEnd": 154,
            "AzimuthMiddle": 56,
            "AzimuthStart": 285,
            "CPFSource": "38250_cpf_200819_7320.sdg",
            "CampaignTrack": false,
            "DateTimeEnd": "20200820.143548",
            "DateTimeMiddle": "20200820.122038",
            "DateTimeStart": "20200820.091608",
            "MaximumElevation": 76,
            "Object_NORAD": "38250",
            "Object_Name": "BEIDOU12",
            "Pass": "NO/SE-CW"
        },
        {
            "AzimuthEnd": 4,
            "AzimuthMiddle": 82,
            "AzimuthStart": 174,
            "CPFSource": "39453_cpf_200819_7320.sdg",
            "CampaignTrack": false,
            "DateTimeEnd": "20200820.094728",
            "DateTimeMiddle": "20200820.094358",
            "DateTimeStart": "20200820.094038",
            "MaximumElevation": 74,
            "Object_NORAD": "39453",
            "Object_Name": "SWARMC",
            "Pass": "SE/NE-CCW"
        },
        {
            "AzimuthEnd": 1,
            "AzimuthMiddle": 124,
            "AzimuthStart": 178,
            "CPFSource": "39452_cpf_200819_7320.sdg",
            "CampaignTrack": false,
            "DateTimeEnd": "20200820.094738",
            "DateTimeMiddle": "20200820.094358",
            "DateTimeStart": "20200820.094038",
            "MaximumElevation": 83,
            "Object_NORAD": "39452",
            "Object_Name": "SWARMA",
            "Pass": "SE/NE-CCW"
        },
        {
            "AzimuthEnd": 332,
            "AzimuthMiddle": 35,
            "AzimuthStart": 99,
            "CPFSource": "8820_cpf_200819_7320.sdg",
            "CampaignTrack": false,
            "DateTimeEnd": "20200820.105238",
            "DateTimeMiddle": "20200820.102648",
            "DateTimeStart": "20200820.100108",
            "MaximumElevation": 45,
            "Object_NORAD": "8820",
            "Object_Name": "LAGEOS1",
            "Pass": "SE/NO-CW"
        },
        {
            "AzimuthEnd": 4,
            "AzimuthMiddle": 77,
            "AzimuthStart": 157,
            "CPFSource": "36508_cpf_200819_7320.sdg",
            "CampaignTrack": false,
            "DateTimeEnd": "20200820.101908",
            "DateTimeMiddle": "20200820.101408",
            "DateTimeStart": "20200820.100918",
            "MaximumElevation": 53,
            "Object_NORAD": "36508",
            "Object_Name": "CRYOSAT2",
            "Pass": "SE/NE-CCW"
        },
        {
            "AzimuthEnd": 163,
            "AzimuthMiddle": 255,
            "AzimuthStart": 334,
            "CPFSource": "38077_cpf_200819_7320.sdg",
            "CampaignTrack": false,
            "DateTimeEnd": "20200820.112148",
            "DateTimeMiddle": "20200820.111248",
            "DateTimeStart": "20200820.110358",
            "MaximumElevation": 80,
            "Object_NORAD": "38077",
            "Object_Name": "LARES",
            "Pass": "NO/SE-CCW"
        },
        {
            "AzimuthEnd": 78,
            "AzimuthMiddle": 142,
            "AzimuthStart": 209,
            "CPFSource": "1328_cpf_200819_7320.sdg",
            "CampaignTrack": false,
            "DateTimeEnd": "20200820.122628",
            "DateTimeMiddle": "20200820.122038",
            "DateTimeStart": "20200820.121448",
            "MaximumElevation": 36,
            "Object_NORAD": "1328",
            "Object_Name": "EXPLORER27",
            "Pass": "SO/NE-CCW"
        },
        {
            "AzimuthEnd": 51,
            "AzimuthMiddle": 110,
            "AzimuthStart": 171,
            "CPFSource": "22195_cpf_200819_7320.sdg",
            "CampaignTrack": false,
            "DateTimeEnd": "20200820.134038",
            "DateTimeMiddle": "20200820.131248",
            "DateTimeStart": "20200820.124518",
            "MaximumElevation": 37,
            "Object_NORAD": "22195",
            "Object_Name": "LAGEOS2",
            "Pass": "SE/NE-CCW"
        },
        {
            "AzimuthEnd": 332,
            "AzimuthMiddle": 248,
            "AzimuthStart": 166,
            "CPFSource": "8820_cpf_200819_7320.sdg",
            "CampaignTrack": false,
            "DateTimeEnd": "20200820.142558",
            "DateTimeMiddle": "20200820.135628",
            "DateTimeStart": "20200820.132738",
            "MaximumElevation": 64,
            "Object_NORAD": "8820",
            "Object_Name": "LAGEOS1",
            "Pass": "SE/NO-CW"
        },
        {
            "AzimuthEnd": 68,
            "AzimuthMiddle": 341,
            "AzimuthStart": 253,
            "CPFSource": "1328_cpf_200819_7320.sdg",
            "CampaignTrack": false,
            "DateTimeEnd": "20200820.142038",
            "DateTimeMiddle": "20200820.141348",
            "DateTimeStart": "20200820.140728",
            "MaximumElevation": 80,
            "Object_NORAD": "1328",
            "Object_Name": "EXPLORER27",
            "Pass": "SO/NE-CW"
        },
        {
            "AzimuthEnd": 196,
            "AzimuthMiddle": 268,
            "AzimuthStart": 10,
            "CPFSource": "27944_cpf_200819_7320.sdg",
            "CampaignTrack": false,
            "DateTimeEnd": "20200820.145108",
            "DateTimeMiddle": "20200820.144618",
            "DateTimeStart": "20200820.144128",
            "MaximumElevation": 83,
            "Object_NORAD": "27944",
            "Object_Name": "LARETS",
            "Pass": "NE/SO-CW"
        },
        {
            "AzimuthEnd": 80,
            "AzimuthMiddle": 359,
            "AzimuthStart": 281,
            "CPFSource": "1328_cpf_200819_7320.sdg",
            "CampaignTrack": false,
            "DateTimeEnd": "20200820.161448",
            "DateTimeMiddle": "20200820.160748",
            "DateTimeStart": "20200820.160128",
            "MaximumElevation": 56,
            "Object_NORAD": "1328",
            "Object_Name": "EXPLORER27",
            "Pass": "NO/NE-CW"
        },
        {
            "AzimuthEnd": 56,
            "AzimuthMiddle": 325,
            "AzimuthStart": 237,
            "CPFSource": "22195_cpf_200819_7320.sdg",
            "CampaignTrack": false,
            "DateTimeEnd": "20200820.174758",
            "DateTimeMiddle": "20200820.171248",
            "DateTimeStart": "20200820.163958",
            "MaximumElevation": 73,
            "Object_NORAD": "22195",
            "Object_Name": "LAGEOS2",
            "Pass": "SO/NE-CW"
        },
        {
            "AzimuthEnd": 32,
            "AzimuthMiddle": 116,
            "AzimuthStart": 195,
            "CPFSource": "33105_cpf_200819_7320.sdg",
            "CampaignTrack": false,
            "DateTimeEnd": "20200820.165918",
            "DateTimeMiddle": "20200820.165048",
            "DateTimeStart": "20200820.164248",
            "MaximumElevation": 69,
            "Object_NORAD": "33105",
            "Object_Name": "JASON2",
            "Pass": "SO/NE-CCW"
        },
        {
            "AzimuthEnd": 58,
            "AzimuthMiddle": 131,
            "AzimuthStart": 206,
            "CPFSource": "16908_cpf_200819_7320.sdg",
            "CampaignTrack": false,
            "DateTimeEnd": "20200820.175448",
            "DateTimeMiddle": "20200820.174538",
            "DateTimeStart": "20200820.173638",
            "MaximumElevation": 53,
            "Object_NORAD": "16908",
            "Object_Name": "EGS",
            "Pass": "SO/NE-CCW"
        },
        {
            "AzimuthEnd": 109,
            "AzimuthMiddle": 26,
            "AzimuthStart": 291,
            "CPFSource": "1328_cpf_200819_7320.sdg",
            "CampaignTrack": false,
            "DateTimeEnd": "20200820.180928",
            "DateTimeMiddle": "20200820.180158",
            "DateTimeStart": "20200820.175518",
            "MaximumElevation": 83,
            "Object_NORAD": "1328",
            "Object_Name": "EXPLORER27",
            "Pass": "NO/SE-CW"
        },
        {
            "AzimuthEnd": 178,
            "AzimuthMiddle": 97,
            "AzimuthStart": 22,
            "CPFSource": "39086_cpf_200819_7320.sdg",
            "CampaignTrack": false,
            "DateTimeEnd": "20200820.182818",
            "DateTimeMiddle": "20200820.182258",
            "DateTimeStart": "20200820.181748",
            "MaximumElevation": 54,
            "Object_NORAD": "39086",
            "Object_Name": "SARAL",
            "Pass": "NE/SE-CW"
        },
        {
            "AzimuthEnd": 330,
            "AzimuthMiddle": 262,
            "AzimuthStart": 194,
            "CPFSource": "31698_cpf_200819_7320.sdg",
            "CampaignTrack": false,
            "DateTimeEnd": "20200820.183628",
            "DateTimeMiddle": "20200820.183248",
            "DateTimeStart": "20200820.182918",
            "MaximumElevation": 34,
            "Object_NORAD": "31698",
            "Object_Name": "TERRASARX",
            "Pass": "SO/NO-CW"
        },
        {
            "AzimuthEnd": 330,
            "AzimuthMiddle": 262,
            "AzimuthStart": 194,
            "CPFSource": "36605_cpf_200819_7320.sdg",
            "CampaignTrack": false,
            "DateTimeEnd": "20200820.183628",
            "DateTimeMiddle": "20200820.183248",
            "DateTimeStart": "20200820.182918",
            "MaximumElevation": 34,
            "Object_NORAD": "36605",
            "Object_Name": "TANDEMX",
            "Pass": "SO/NO-CW"
        },
        {
            "AzimuthEnd": 12,
            "AzimuthMiddle": 313,
            "AzimuthStart": 256,
            "CPFSource": "33105_cpf_200819_7320.sdg",
            "CampaignTrack": false,
            "DateTimeEnd": "20200820.185358",
            "DateTimeMiddle": "20200820.184648",
            "DateTimeStart": "20200820.183958",
            "MaximumElevation": 27,
            "Object_NORAD": "33105",
            "Object_Name": "JASON2",
            "Pass": "SO/NE-CW"
        },
        {
            "AzimuthEnd": 56,
            "AzimuthMiddle": 133,
            "AzimuthStart": 215,
            "CPFSource": "7646_cpf_200819_7320.sdg",
            "CampaignTrack": false,
            "DateTimeEnd": "20200820.190508",
            "DateTimeMiddle": "20200820.185748",
            "DateTimeStart": "20200820.185038",
            "MaximumElevation": 63,
            "Object_NORAD": "7646",
            "Object_Name": "STARLETTE",
            "Pass": "SO/NE-CCW"
        },
        {
            "AzimuthEnd": 50,
            "AzimuthMiddle": 331,
            "AzimuthStart": 253,
            "CPFSource": "16908_cpf_200819_7320.sdg",
            "CampaignTrack": false,
            "DateTimeEnd": "20200820.195648",
            "DateTimeMiddle": "20200820.194728",
            "DateTimeStart": "20200820.193818",
            "MaximumElevation": 56,
            "Object_NORAD": "16908",
            "Object_Name": "EGS",
            "Pass": "SO/NE-CW"
        },
        {
            "AzimuthEnd": 149,
            "AzimuthMiddle": 214,
            "AzimuthStart": 281,
            "CPFSource": "1328_cpf_200819_7320.sdg",
            "CampaignTrack": false,
            "DateTimeEnd": "20200820.200238",
            "DateTimeMiddle": "20200820.195528",
            "DateTimeStart": "20200820.194858",
            "MaximumElevation": 38,
            "Object_NORAD": "1328",
            "Object_Name": "EXPLORER27",
            "Pass": "NO/SE-CCW"
        },
        {
            "AzimuthEnd": 254,
            "AzimuthMiddle": 295,
            "AzimuthStart": 336,
            "CPFSource": "39086_cpf_200819_7320.sdg",
            "CampaignTrack": false,
            "DateTimeEnd": "20200820.200528",
            "DateTimeMiddle": "20200820.200158",
            "DateTimeStart": "20200820.195828",
            "MaximumElevation": 16,
            "Object_NORAD": "39086",
            "Object_Name": "SARAL",
            "Pass": "NO/SO-CCW"
        },
        {
            "AzimuthEnd": 343,
            "AzimuthMiddle": 272,
            "AzimuthStart": 205,
            "CPFSource": "39451_cpf_200819_7320.sdg",
            "CampaignTrack": false,
            "DateTimeEnd": "20200820.202618",
            "DateTimeMiddle": "20200820.202228",
            "DateTimeStart": "20200820.201858",
            "MaximumElevation": 35,
            "Object_NORAD": "39451",
            "Object_Name": "SWARMB",
            "Pass": "SO/NO-CW"
        },
        {
            "AzimuthEnd": 46,
            "AzimuthMiddle": 333,
            "AzimuthStart": 262,
            "CPFSource": "7646_cpf_200819_7320.sdg",
            "CampaignTrack": false,
            "DateTimeEnd": "20200820.205428",
            "DateTimeMiddle": "20200820.204718",
            "DateTimeStart": "20200820.204018",
            "MaximumElevation": 44,
            "Object_NORAD": "7646",
            "Object_Name": "STARLETTE",
            "Pass": "SO/NE-CW"
        },
        {
            "AzimuthEnd": 108,
            "AzimuthMiddle": 22,
            "AzimuthStart": 296,
            "CPFSource": "22195_cpf_200819_7320.sdg",
            "CampaignTrack": false,
            "DateTimeEnd": "20200820.220308",
            "DateTimeMiddle": "20200820.212748",
            "DateTimeStart": "20200820.205318",
            "MaximumElevation": 64,
            "Object_NORAD": "22195",
            "Object_Name": "LAGEOS2",
            "Pass": "NO/SE-CW"
        },
        {
            "AzimuthEnd": 154,
            "AzimuthMiddle": 84,
            "AzimuthStart": 18,
            "CPFSource": "39453_cpf_200819_7320.sdg",
            "CampaignTrack": false,
            "DateTimeEnd": "20200820.210758",
            "DateTimeMiddle": "20200820.210438",
            "DateTimeStart": "20200820.210128",
            "MaximumElevation": 33,
            "Object_NORAD": "39453",
            "Object_Name": "SWARMC",
            "Pass": "NE/SE-CW"
        },
        {
            "AzimuthEnd": 157,
            "AzimuthMiddle": 88,
            "AzimuthStart": 15,
            "CPFSource": "39452_cpf_200819_7320.sdg",
            "CampaignTrack": false,
            "DateTimeEnd": "20200820.210808",
            "DateTimeMiddle": "20200820.210448",
            "DateTimeStart": "20200820.210128",
            "MaximumElevation": 37,
            "Object_NORAD": "39452",
            "Object_Name": "SWARMA",
            "Pass": "NE/SE-CW"
        },
        {
            "AzimuthEnd": 61,
            "AzimuthMiddle": 357,
            "AzimuthStart": 291,
            "CPFSource": "16908_cpf_200819_7320.sdg",
            "CampaignTrack": false,
            "DateTimeEnd": "20200820.215938",
            "DateTimeMiddle": "20200820.215108",
            "DateTimeStart": "20200820.214238",
            "MaximumElevation": 34,
            "Object_NORAD": "16908",
            "Object_Name": "EGS",
            "Pass": "NO/NE-CW"
        },
        {
            "AzimuthEnd": 166,
            "AzimuthMiddle": 93,
            "AzimuthStart": 17,
            "CPFSource": "36508_cpf_200819_7320.sdg",
            "CampaignTrack": false,
            "DateTimeEnd": "20200820.222318",
            "DateTimeMiddle": "20200820.221818",
            "DateTimeStart": "20200820.221328",
            "MaximumElevation": 45,
            "Object_NORAD": "36508",
            "Object_Name": "CRYOSAT2",
            "Pass": "NE/SE-CW"
        },
        {
            "AzimuthEnd": 54,
            "AzimuthMiddle": 355,
            "AzimuthStart": 298,
            "CPFSource": "7646_cpf_200819_7320.sdg",
            "CampaignTrack": false,
            "DateTimeEnd": "20200820.224418",
            "DateTimeMiddle": "20200820.223808",
            "DateTimeStart": "20200820.223158",
            "MaximumElevation": 27,
            "Object_NORAD": "7646",
            "Object_Name": "STARLETTE",
            "Pass": "NO/NE-CW"
        },
        {
            "AzimuthEnd": 94,
            "AzimuthMiddle": 22,
            "AzimuthStart": 309,
            "CPFSource": "16908_cpf_200819_7320.sdg",
            "CampaignTrack": false,
            "DateTimeEnd": "20200821.000358",
            "DateTimeMiddle": "20200820.235458",
            "DateTimeStart": "20200820.234608",
            "MaximumElevation": 46,
            "Object_NORAD": "16908",
            "Object_Name": "EGS",
            "Pass": "NO/SE-CW"
        },
        {
            "AzimuthEnd": 245,
            "AzimuthMiddle": 286,
            "AzimuthStart": 326,
            "CPFSource": "36508_cpf_200819_7320.sdg",
            "CampaignTrack": false,
            "DateTimeEnd": "20200820.235958",
            "DateTimeMiddle": "20200820.235638",
            "DateTimeStart": "20200820.235328",
            "MaximumElevation": 16,
            "Object_NORAD": "36508",
            "Object_Name": "CRYOSAT2",
            "Pass": "NO/SO-CCW"
        },
        {
            "AzimuthEnd": 37,
            "AzimuthMiddle": 102,
            "AzimuthStart": 168,
            "CPFSource": "38077_cpf_200819_7320.sdg",
            "CampaignTrack": false,
            "DateTimeEnd": "20200821.001038",
            "DateTimeMiddle": "20200821.000228",
            "DateTimeStart": "20200820.235428",
            "MaximumElevation": 38,
            "Object_NORAD": "38077",
            "Object_Name": "LARES",
            "Pass": "SE/NE-CCW"
        },
        {
            "AzimuthEnd": 84,
            "AzimuthMiddle": 18,
            "AzimuthStart": 313,
            "CPFSource": "7646_cpf_200819_7320.sdg",
            "CampaignTrack": false,
            "DateTimeEnd": "20200821.003528",
            "DateTimeMiddle": "20200821.002908",
            "DateTimeStart": "20200821.002228",
            "MaximumElevation": 35,
            "Object_NORAD": "7646",
            "Object_Name": "STARLETTE",
            "Pass": "NO/NE-CW"
        },
        {
            "AzimuthEnd": 96,
            "AzimuthMiddle": 43,
            "AzimuthStart": 351,
            "CPFSource": "33105_cpf_200819_7320.sdg",
            "CampaignTrack": false,
            "DateTimeEnd": "20200821.005208",
            "DateTimeMiddle": "20200821.004528",
            "DateTimeStart": "20200821.003858",
            "MaximumElevation": 23,
            "Object_NORAD": "33105",
            "Object_Name": "JASON2",
            "Pass": "NO/SE-CW"
        },
        {
            "AzimuthEnd": 172,
            "AzimuthMiddle": 244,
            "AzimuthStart": 311,
            "CPFSource": "22195_cpf_200819_7320.sdg",
            "CampaignTrack": false,
            "DateTimeEnd": "20200821.020448",
            "DateTimeMiddle": "20200821.013208",
            "DateTimeStart": "20200821.010028",
            "MaximumElevation": 53,
            "Object_NORAD": "22195",
            "Object_Name": "LAGEOS2",
            "Pass": "NO/SE-CCW"
        },
        {
            "AzimuthEnd": 351,
            "AzimuthMiddle": 71,
            "AzimuthStart": 159,
            "CPFSource": "27944_cpf_200819_7320.sdg",
            "CampaignTrack": false,
            "DateTimeEnd": "20200821.015138",
            "DateTimeMiddle": "20200821.014638",
            "DateTimeStart": "20200821.014148",
            "MaximumElevation": 73,
            "Object_NORAD": "27944",
            "Object_Name": "LARETS",
            "Pass": "SE/NO-CW"
        },
        {
            "AzimuthEnd": 140,
            "AzimuthMiddle": 223,
            "AzimuthStart": 305,
            "CPFSource": "16908_cpf_200819_7320.sdg",
            "CampaignTrack": false,
            "DateTimeEnd": "20200821.020638",
            "DateTimeMiddle": "20200821.015718",
            "DateTimeStart": "20200821.014808",
            "MaximumElevation": 73,
            "Object_NORAD": "16908",
            "Object_Name": "EGS",
            "Pass": "NO/SE-CCW"
        },
        {
            "AzimuthEnd": 14,
            "AzimuthMiddle": 302,
            "AzimuthStart": 229,
            "CPFSource": "38077_cpf_200819_7320.sdg",
            "CampaignTrack": false,
            "DateTimeEnd": "20200821.020848",
            "DateTimeMiddle": "20200821.020008",
            "DateTimeStart": "20200821.015138",
            "MaximumElevation": 45,
            "Object_NORAD": "38077",
            "Object_Name": "LARES",
            "Pass": "SO/NE-CW"
        },
        {
            "AzimuthEnd": 205,
            "AzimuthMiddle": 117,
            "AzimuthStart": 26,
            "CPFSource": "8820_cpf_200819_7320.sdg",
            "CampaignTrack": false,
            "DateTimeEnd": "20200821.025148",
            "DateTimeMiddle": "20200821.022158",
            "DateTimeStart": "20200821.015208",
            "MaximumElevation": 78,
            "Object_NORAD": "8820",
            "Object_Name": "LAGEOS1",
            "Pass": "NE/SO-CW"
        },
        {
            "AzimuthEnd": 130,
            "AzimuthMiddle": 185,
            "AzimuthStart": 307,
            "CPFSource": "7646_cpf_200819_7320.sdg",
            "CampaignTrack": false,
            "DateTimeEnd": "20200821.022548",
            "DateTimeMiddle": "20200821.021908",
            "DateTimeStart": "20200821.021158",
            "MaximumElevation": 87,
            "Object_NORAD": "7646",
            "Object_Name": "STARLETTE",
            "Pass": "NO/SE-CCW"
        },
        {
            "AzimuthEnd": 157,
            "AzimuthMiddle": 250,
            "AzimuthStart": 329,
            "CPFSource": "33105_cpf_200819_7320.sdg",
            "CampaignTrack": false,
            "DateTimeEnd": "20200821.025008",
            "DateTimeMiddle": "20200821.024138",
            "DateTimeStart": "20200821.023328",
            "MaximumElevation": 82,
            "Object_NORAD": "33105",
            "Object_Name": "JASON2",
            "Pass": "NO/SE-CCW"
        },
        {
            "AzimuthEnd": 197,
            "AzimuthMiddle": 238,
            "AzimuthStart": 279,
            "CPFSource": "16908_cpf_200819_7320.sdg",
            "CampaignTrack": false,
            "DateTimeEnd": "20200821.040358",
            "DateTimeMiddle": "20200821.035758",
            "DateTimeStart": "20200821.035158",
            "MaximumElevation": 18,
            "Object_NORAD": "16908",
            "Object_Name": "EGS",
            "Pass": "NO/SO-CCW"
        },
        {
            "AzimuthEnd": 189,
            "AzimuthMiddle": 235,
            "AzimuthStart": 279,
            "CPFSource": "7646_cpf_200819_7320.sdg",
            "CampaignTrack": false,
            "DateTimeEnd": "20200821.041208",
            "DateTimeMiddle": "20200821.040728",
            "DateTimeStart": "20200821.040248",
            "MaximumElevation": 19,
            "Object_NORAD": "7646",
            "Object_Name": "STARLETTE",
            "Pass": "NO/SO-CCW"
        },
        {
            "AzimuthEnd": 272,
            "AzimuthMiddle": 331,
            "AzimuthStart": 30,
            "CPFSource": "8820_cpf_200819_7320.sdg",
            "CampaignTrack": false,
            "DateTimeEnd": "20200821.061418",
            "DateTimeMiddle": "20200821.054928",
            "DateTimeStart": "20200821.052518",
            "MaximumElevation": 39,
            "Object_NORAD": "8820",
            "Object_Name": "LAGEOS1",
            "Pass": "NE/NO-CW"
        },
        {
            "AzimuthEnd": 354,
            "AzimuthMiddle": 72,
            "AzimuthStart": 153,
            "CPFSource": "39086_cpf_200819_7320.sdg",
            "CampaignTrack": false,
            "DateTimeEnd": "20200821.054258",
            "DateTimeMiddle": "20200821.053738",
            "DateTimeStart": "20200821.053228",
            "MaximumElevation": 61,
            "Object_NORAD": "39086",
            "Object_Name": "SARAL",
            "Pass": "SE/NO-CW"
        },
        {
            "AzimuthEnd": 151,
            "AzimuthMiddle": 96,
            "AzimuthStart": 40,
            "CPFSource": "31698_cpf_200819_7320.sdg",
            "CampaignTrack": false,
            "DateTimeEnd": "20200821.060838",
            "DateTimeMiddle": "20200821.060528",
            "DateTimeStart": "20200821.060218",
            "MaximumElevation": 23,
            "Object_NORAD": "31698",
            "Object_Name": "TERRASARX",
            "Pass": "NE/SE-CW"
        },
        {
            "AzimuthEnd": 151,
            "AzimuthMiddle": 96,
            "AzimuthStart": 40,
            "CPFSource": "36605_cpf_200819_7320.sdg",
            "CampaignTrack": false,
            "DateTimeEnd": "20200821.060838",
            "DateTimeMiddle": "20200821.060528",
            "DateTimeStart": "20200821.060218",
            "MaximumElevation": 23,
            "Object_NORAD": "36605",
            "Object_Name": "TANDEMX",
            "Pass": "NE/SE-CW"
        },
        {
            "AzimuthEnd": 241,
            "AzimuthMiddle": 290,
            "AzimuthStart": 337,
            "CPFSource": "31698_cpf_200819_7320.sdg",
            "CampaignTrack": false,
            "DateTimeEnd": "20200821.074208",
            "DateTimeMiddle": "20200821.073908",
            "DateTimeStart": "20200821.073618",
            "MaximumElevation": 18,
            "Object_NORAD": "31698",
            "Object_Name": "TERRASARX",
            "Pass": "NO/SO-CCW"
        },
        {
            "AzimuthEnd": 241,
            "AzimuthMiddle": 290,
            "AzimuthStart": 337,
            "CPFSource": "36605_cpf_200819_7320.sdg",
            "CampaignTrack": false,
            "DateTimeEnd": "20200821.074208",
            "DateTimeMiddle": "20200821.073908",
            "DateTimeStart": "20200821.073618",
            "MaximumElevation": 18,
            "Object_NORAD": "36605",
            "Object_Name": "TANDEMX",
            "Pass": "NO/SO-CCW"
        },
        {
            "AzimuthEnd": 193,
            "AzimuthMiddle": 272,
            "AzimuthStart": 350,
            "CPFSource": "39451_cpf_200819_7320.sdg",
            "CampaignTrack": false,
            "DateTimeEnd": "20200821.075718",
            "DateTimeMiddle": "20200821.075328",
            "DateTimeStart": "20200821.074948",
            "MaximumElevation": 55,
            "Object_NORAD": "39451",
            "Object_Name": "SWARMB",
            "Pass": "NO/SO-CCW"
        },
        {
            "AzimuthEnd": 324,
            "AzimuthMiddle": 19,
            "AzimuthStart": 73,
            "CPFSource": "8820_cpf_200819_7320.sdg",
            "CampaignTrack": false,
            "DateTimeEnd": "20200821.093138",
            "DateTimeMiddle": "20200821.090838",
            "DateTimeStart": "20200821.084548",
            "MaximumElevation": 33,
            "Object_NORAD": "8820",
            "Object_Name": "LAGEOS1",
            "Pass": "NE/NO-CW"
        },
        {
            "AzimuthEnd": 30,
            "AzimuthMiddle": 81,
            "AzimuthStart": 136,
            "CPFSource": "39453_cpf_200819_7320.sdg",
            "CampaignTrack": false,
            "DateTimeEnd": "20200821.090618",
            "DateTimeMiddle": "20200821.090328",
            "DateTimeStart": "20200821.090038",
            "MaximumElevation": 20,
            "Object_NORAD": "39453",
            "Object_Name": "SWARMC",
            "Pass": "SE/NE-CCW"
        },
        {
            "AzimuthEnd": 27,
            "AzimuthMiddle": 84,
            "AzimuthStart": 140,
            "CPFSource": "39452_cpf_200819_7320.sdg",
            "CampaignTrack": false,
            "DateTimeEnd": "20200821.090628",
            "DateTimeMiddle": "20200821.090328",
            "DateTimeStart": "20200821.090038",
            "MaximumElevation": 23,
            "Object_NORAD": "39452",
            "Object_Name": "SWARMA",
            "Pass": "SE/NE-CCW"
        },
        {
            "AzimuthEnd": 29,
            "AzimuthMiddle": 72,
            "AzimuthStart": 115,
            "CPFSource": "36508_cpf_200819_7320.sdg",
            "CampaignTrack": false,
            "DateTimeEnd": "20200821.092738",
            "DateTimeMiddle": "20200821.092408",
            "DateTimeStart": "20200821.092048",
            "MaximumElevation": 17,
            "Object_NORAD": "36508",
            "Object_Name": "CRYOSAT2",
            "Pass": "SE/NE-CCW"
        },
        {
            "AzimuthEnd": 136,
            "AzimuthMiddle": 60,
            "AzimuthStart": 344,
            "CPFSource": "38077_cpf_200819_7320.sdg",
            "CampaignTrack": false,
            "DateTimeEnd": "20200821.101728",
            "DateTimeMiddle": "20200821.100838",
            "DateTimeStart": "20200821.095958",
            "MaximumElevation": 52,
            "Object_NORAD": "38077",
            "Object_Name": "LARES",
            "Pass": "NO/SE-CW"
        },
        {
            "AzimuthEnd": 341,
            "AzimuthMiddle": 268,
            "AzimuthStart": 197,
            "CPFSource": "36508_cpf_200819_7320.sdg",
            "CampaignTrack": false,
            "DateTimeEnd": "20200821.110728",
            "DateTimeMiddle": "20200821.110228",
            "DateTimeStart": "20200821.105748",
            "MaximumElevation": 41,
            "Object_NORAD": "36508",
            "Object_Name": "CRYOSAT2",
            "Pass": "SO/NO-CW"
        },
        {
            "AzimuthEnd": 83,
            "AzimuthMiddle": 141,
            "AzimuthStart": 198,
            "CPFSource": "1328_cpf_200819_7320.sdg",
            "CampaignTrack": false,
            "DateTimeEnd": "20200821.114158",
            "DateTimeMiddle": "20200821.113628",
            "DateTimeStart": "20200821.113108",
            "MaximumElevation": 27,
            "Object_NORAD": "1328",
            "Object_Name": "EXPLORER27",
            "Pass": "SO/NE-CCW"
        },
        {
            "AzimuthEnd": 197,
            "AzimuthMiddle": 259,
            "AzimuthStart": 318,
            "CPFSource": "38077_cpf_200819_7320.sdg",
            "CampaignTrack": false,
            "DateTimeEnd": "20200821.121348",
            "DateTimeMiddle": "20200821.120558",
            "DateTimeStart": "20200821.115828",
            "MaximumElevation": 32,
            "Object_NORAD": "38077",
            "Object_Name": "LARES",
            "Pass": "NO/SO-CCW"
        },
        {
            "AzimuthEnd": 334,
            "AzimuthMiddle": 59,
            "AzimuthStart": 142,
            "CPFSource": "8820_cpf_200819_7320.sdg",
            "CampaignTrack": false,
            "DateTimeEnd": "20200821.130328",
            "DateTimeMiddle": "20200821.123358",
            "DateTimeStart": "20200821.120458",
            "MaximumElevation": 85,
            "Object_NORAD": "8820",
            "Object_Name": "LAGEOS1",
            "Pass": "SE/NO-CW"
        },
        {
            "AzimuthEnd": 191,
            "AzimuthMiddle": 260,
            "AzimuthStart": 313,
            "CPFSource": "38250_cpf_200819_7320.sdg",
            "CampaignTrack": false,
            "DateTimeEnd": "20200821.162928",
            "DateTimeMiddle": "20200821.142928",
            "DateTimeStart": "20200821.121528",
            "MaximumElevation": 76,
            "Object_NORAD": "38250",
            "Object_Name": "BEIDOU12",
            "Pass": "NO/SO-CCW"
        },
        {
            "AzimuthEnd": 69,
            "AzimuthMiddle": 187,
            "AzimuthStart": 245,
            "CPFSource": "1328_cpf_200819_7320.sdg",
            "CampaignTrack": false,
            "DateTimeEnd": "20200821.133608",
            "DateTimeMiddle": "20200821.132928",
            "DateTimeStart": "20200821.132318",
            "MaximumElevation": 86,
            "Object_NORAD": "1328",
            "Object_Name": "EXPLORER27",
            "Pass": "SO/NE-CCW"
        },
        {
            "AzimuthEnd": 145,
            "AzimuthMiddle": 95,
            "AzimuthStart": 44,
            "CPFSource": "27944_cpf_200819_7320.sdg",
            "CampaignTrack": false,
            "DateTimeEnd": "20200821.134908",
            "DateTimeMiddle": "20200821.134528",
            "DateTimeStart": "20200821.134148",
            "MaximumElevation": 20,
            "Object_NORAD": "27944",
            "Object_Name": "LARETS",
            "Pass": "NE/SE-CW"
        },
        {
            "AzimuthEnd": 48,
            "AzimuthMiddle": 126,
            "AzimuthStart": 209,
            "CPFSource": "22195_cpf_200819_7320.sdg",
            "CampaignTrack": false,
            "DateTimeEnd": "20200821.155118",
            "DateTimeMiddle": "20200821.151738",
            "DateTimeStart": "20200821.144528",
            "MaximumElevation": 77,
            "Object_NORAD": "22195",
            "Object_Name": "LAGEOS2",
            "Pass": "SO/NE-CCW"
        },
        {
            "AzimuthEnd": 61,
            "AzimuthMiddle": 101,
            "AzimuthStart": 141,
            "CPFSource": "33105_cpf_200819_7320.sdg",
            "CampaignTrack": false,
            "DateTimeEnd": "20200821.151638",
            "DateTimeMiddle": "20200821.151118",
            "DateTimeStart": "20200821.150608",
            "MaximumElevation": 17,
            "Object_NORAD": "33105",
            "Object_Name": "JASON2",
            "Pass": "SE/NE-CCW"
        },
        {
            "AzimuthEnd": 76,
            "AzimuthMiddle": 357,
            "AzimuthStart": 277,
            "CPFSource": "1328_cpf_200819_7320.sdg",
            "CampaignTrack": false,
            "DateTimeEnd": "20200821.153018",
            "DateTimeMiddle": "20200821.152328",
            "DateTimeStart": "20200821.151708",
            "MaximumElevation": 57,
            "Object_NORAD": "1328",
            "Object_Name": "EXPLORER27",
            "Pass": "NO/NE-CW"
        },
        {
            "AzimuthEnd": 224,
            "AzimuthMiddle": 288,
            "AzimuthStart": 353,
            "CPFSource": "27944_cpf_200819_7320.sdg",
            "CampaignTrack": false,
            "DateTimeEnd": "20200821.152708",
            "DateTimeMiddle": "20200821.152248",
            "DateTimeStart": "20200821.151828",
            "MaximumElevation": 32,
            "Object_NORAD": "27944",
            "Object_Name": "LARETS",
            "Pass": "NO/SO-CCW"
        },
        {
            "AzimuthEnd": 313,
            "AzimuthMiddle": 264,
            "AzimuthStart": 218,
            "CPFSource": "8820_cpf_200819_7320.sdg",
            "CampaignTrack": false,
            "DateTimeEnd": "20200821.163048",
            "DateTimeMiddle": "20200821.161008",
            "DateTimeStart": "20200821.155028",
            "MaximumElevation": 20,
            "Object_NORAD": "8820",
            "Object_Name": "LAGEOS1",
            "Pass": "SO/NO-CW"
        },
        {
            "AzimuthEnd": 64,
            "AzimuthMiddle": 126,
            "AzimuthStart": 189,
            "CPFSource": "16908_cpf_200819_7320.sdg",
            "CampaignTrack": false,
            "DateTimeEnd": "20200821.170008",
            "DateTimeMiddle": "20200821.165148",
            "DateTimeStart": "20200821.164328",
            "MaximumElevation": 35,
            "Object_NORAD": "16908",
            "Object_Name": "EGS",
            "Pass": "SO/NE-CCW"
        },
        {
            "AzimuthEnd": 27,
            "AzimuthMiddle": 305,
            "AzimuthStart": 209,
            "CPFSource": "33105_cpf_200819_7320.sdg",
            "CampaignTrack": false,
            "DateTimeEnd": "20200821.171408",
            "DateTimeMiddle": "20200821.170538",
            "DateTimeStart": "20200821.165718",
            "MaximumElevation": 83,
            "Object_NORAD": "33105",
            "Object_Name": "JASON2",
            "Pass": "SO/NE-CW"
        },
        {
            "AzimuthEnd": 102,
            "AzimuthMiddle": 21,
            "AzimuthStart": 290,
            "CPFSource": "1328_cpf_200819_7320.sdg",
            "CampaignTrack": false,
            "DateTimeEnd": "20200821.172458",
            "DateTimeMiddle": "20200821.171738",
            "DateTimeStart": "20200821.171058",
            "MaximumElevation": 73,
            "Object_NORAD": "1328",
            "Object_Name": "EXPLORER27",
            "Pass": "NO/SE-CW"
        },
        {
            "AzimuthEnd": 72,
            "AzimuthMiddle": 125,
            "AzimuthStart": 178,
            "CPFSource": "7646_cpf_200819_7320.sdg",
            "CampaignTrack": false,
            "DateTimeEnd": "20200821.173418",
            "DateTimeMiddle": "20200821.172818",
            "DateTimeStart": "20200821.172238",
            "MaximumElevation": 24,
            "Object_NORAD": "7646",
            "Object_Name": "STARLETTE",
            "Pass": "SE/NE-CCW"
        },
        {
            "AzimuthEnd": 154,
            "AzimuthMiddle": 94,
            "AzimuthStart": 38,
            "CPFSource": "39086_cpf_200819_7320.sdg",
            "CampaignTrack": false,
            "DateTimeEnd": "20200821.175628",
            "DateTimeMiddle": "20200821.175148",
            "DateTimeStart": "20200821.174728",
            "MaximumElevation": 26,
            "Object_NORAD": "39086",
            "Object_Name": "SARAL",
            "Pass": "NE/SE-CW"
        },
        {
            "AzimuthEnd": 341,
            "AzimuthMiddle": 252,
            "AzimuthStart": 178,
            "CPFSource": "31698_cpf_200819_7320.sdg",
            "CampaignTrack": false,
            "DateTimeEnd": "20200821.181938",
            "DateTimeMiddle": "20200821.181538",
            "DateTimeStart": "20200821.181158",
            "MaximumElevation": 61,
            "Object_NORAD": "31698",
            "Object_Name": "TERRASARX",
            "Pass": "SE/NO-CW"
        },
        {
            "AzimuthEnd": 341,
            "AzimuthMiddle": 252,
            "AzimuthStart": 177,
            "CPFSource": "36605_cpf_200819_7320.sdg",
            "CampaignTrack": false,
            "DateTimeEnd": "20200821.181938",
            "DateTimeMiddle": "20200821.181538",
            "DateTimeStart": "20200821.181158",
            "MaximumElevation": 60,
            "Object_NORAD": "36605",
            "Object_Name": "TANDEMX",
            "Pass": "SE/NO-CW"
        },
        {
            "AzimuthEnd": 50,
            "AzimuthMiddle": 328,
            "AzimuthStart": 239,
            "CPFSource": "16908_cpf_200819_7320.sdg",
            "CampaignTrack": false,
            "DateTimeEnd": "20200821.190238",
            "DateTimeMiddle": "20200821.185308",
            "DateTimeStart": "20200821.184348",
            "MaximumElevation": 73,
            "Object_NORAD": "16908",
            "Object_Name": "EGS",
            "Pass": "SO/NE-CW"
        },
        {
            "AzimuthEnd": 80,
            "AzimuthMiddle": 357,
            "AzimuthStart": 273,
            "CPFSource": "22195_cpf_200819_7320.sdg",
            "CampaignTrack": false,
            "DateTimeEnd": "20200821.200228",
            "DateTimeMiddle": "20200821.192718",
            "DateTimeStart": "20200821.185338",
            "MaximumElevation": 57,
            "Object_NORAD": "22195",
            "Object_Name": "LAGEOS2",
            "Pass": "NO/NE-CW"
        },
        {
            "AzimuthEnd": 7,
            "AzimuthMiddle": 319,
            "AzimuthStart": 272,
            "CPFSource": "33105_cpf_200819_7320.sdg",
            "CampaignTrack": false,
            "DateTimeEnd": "20200821.190818",
            "DateTimeMiddle": "20200821.190208",
            "DateTimeStart": "20200821.185608",
            "MaximumElevation": 20,
            "Object_NORAD": "33105",
            "Object_Name": "JASON2",
            "Pass": "NO/NE-CW"
        },
        {
            "AzimuthEnd": 140,
            "AzimuthMiddle": 214,
            "AzimuthStart": 285,
            "CPFSource": "1328_cpf_200819_7320.sdg",
            "CampaignTrack": false,
            "DateTimeEnd": "20200821.191828",
            "DateTimeMiddle": "20200821.191108",
            "DateTimeStart": "20200821.190438",
            "MaximumElevation": 47,
            "Object_NORAD": "1328",
            "Object_Name": "EXPLORER27",
            "Pass": "NO/SE-CCW"
        },
        {
            "AzimuthEnd": 51,
            "AzimuthMiddle": 324,
            "AzimuthStart": 232,
            "CPFSource": "7646_cpf_200819_7320.sdg",
            "CampaignTrack": false,
            "DateTimeEnd": "20200821.192428",
            "DateTimeMiddle": "20200821.191658",
            "DateTimeStart": "20200821.190938",
            "MaximumElevation": 84,
            "Object_NORAD": "7646",
            "Object_Name": "STARLETTE",
            "Pass": "SO/NE-CW"
        },
        {
            "AzimuthEnd": 227,
            "AzimuthMiddle": 292,
            "AzimuthStart": 353,
            "CPFSource": "39086_cpf_200819_7320.sdg",
            "CampaignTrack": false,
            "DateTimeEnd": "20200821.193608",
            "DateTimeMiddle": "20200821.193108",
            "DateTimeStart": "20200821.192628",
            "MaximumElevation": 32,
            "Object_NORAD": "39086",
            "Object_Name": "SARAL",
            "Pass": "NO/SO-CCW"
        },
        {
            "AzimuthEnd": 352,
            "AzimuthMiddle": 267,
            "AzimuthStart": 191,
            "CPFSource": "39451_cpf_200819_7320.sdg",
            "CampaignTrack": false,
            "DateTimeEnd": "20200821.200648",
            "DateTimeMiddle": "20200821.200248",
            "DateTimeStart": "20200821.195908",
            "MaximumElevation": 57,
            "Object_NORAD": "39451",
            "Object_Name": "SWARMB",
            "Pass": "SO/NO-CW"
        },
        {
            "AzimuthEnd": 54,
            "AzimuthMiddle": 347,
            "AzimuthStart": 281,
            "CPFSource": "16908_cpf_200819_7320.sdg",
            "CampaignTrack": false,
            "DateTimeEnd": "20200821.210448",
            "DateTimeMiddle": "20200821.205608",
            "DateTimeStart": "20200821.204738",
            "MaximumElevation": 37,
            "Object_NORAD": "16908",
            "Object_Name": "EGS",
            "Pass": "NO/NE-CW"
        },
        {
            "AzimuthEnd": 47,
            "AzimuthMiddle": 343,
            "AzimuthStart": 276,
            "CPFSource": "7646_cpf_200819_7320.sdg",
            "CampaignTrack": false,
            "DateTimeEnd": "20200821.211348",
            "DateTimeMiddle": "20200821.210708",
            "DateTimeStart": "20200821.210018",
            "MaximumElevation": 34,
            "Object_NORAD": "7646",
            "Object_Name": "STARLETTE",
            "Pass": "NO/NE-CW"
        },
        {
            "AzimuthEnd": 212,
            "AzimuthMiddle": 274,
            "AzimuthStart": 335,
            "CPFSource": "39453_cpf_200819_7320.sdg",
            "CampaignTrack": false,
            "DateTimeEnd": "20200821.220028",
            "DateTimeMiddle": "20200821.215718",
            "DateTimeStart": "20200821.215418",
            "MaximumElevation": 27,
            "Object_NORAD": "39453",
            "Object_Name": "SWARMC",
            "Pass": "NO/SO-CCW"
        },
        {
            "AzimuthEnd": 217,
            "AzimuthMiddle": 277,
            "AzimuthStart": 332,
            "CPFSource": "39452_cpf_200819_7320.sdg",
            "CampaignTrack": false,
            "DateTimeEnd": "20200821.220018",
            "DateTimeMiddle": "20200821.215718",
            "DateTimeStart": "20200821.215428",
            "MaximumElevation": 24,
            "Object_NORAD": "39452",
            "Object_Name": "SWARMA",
            "Pass": "NO/SO-CCW"
        },
        {
            "AzimuthEnd": 82,
            "AzimuthMiddle": 13,
            "AzimuthStart": 306,
            "CPFSource": "16908_cpf_200819_7320.sdg",
            "CampaignTrack": false,
            "DateTimeEnd": "20200821.230858",
            "DateTimeMiddle": "20200821.230008",
            "DateTimeStart": "20200821.225138",
            "MaximumElevation": 38,
            "Object_NORAD": "16908",
            "Object_Name": "EGS",
            "Pass": "NO/NE-CW"
        },
        {
            "AzimuthEnd": 63,
            "AzimuthMiddle": 4,
            "AzimuthStart": 306,
            "CPFSource": "7646_cpf_200819_7320.sdg",
            "CampaignTrack": false,
            "DateTimeEnd": "20200821.230418",
            "DateTimeMiddle": "20200821.225808",
            "DateTimeStart": "20200821.225148",
            "MaximumElevation": 27,
            "Object_NORAD": "7646",
            "Object_Name": "STARLETTE",
            "Pass": "NO/NE-CW"
        },
        {
            "AzimuthEnd": 58,
            "AzimuthMiddle": 95,
            "AzimuthStart": 133,
            "CPFSource": "38077_cpf_200819_7320.sdg",
            "CampaignTrack": false,
            "DateTimeEnd": "20200821.230428",
            "DateTimeMiddle": "20200821.225908",
            "DateTimeStart": "20200821.225348",
            "MaximumElevation": 16,
            "Object_NORAD": "38077",
            "Object_Name": "LARES",
            "Pass": "SE/NE-CCW"
        },
        {
            "AzimuthEnd": 204,
            "AzimuthMiddle": 280,
            "AzimuthStart": 353,
            "CPFSource": "36508_cpf_200819_7320.sdg",
            "CampaignTrack": false,
            "DateTimeEnd": "20200821.231138",
            "DateTimeMiddle": "20200821.230638",
            "DateTimeStart": "20200821.230148",
            "MaximumElevation": 49,
            "Object_NORAD": "36508",
            "Object_Name": "CRYOSAT2",
            "Pass": "NO/SO-CCW"
        },
        {
            "AzimuthEnd": 146,
            "AzimuthMiddle": 230,
            "AzimuthStart": 310,
            "CPFSource": "22195_cpf_200819_7320.sdg",
            "CampaignTrack": false,
            "DateTimeEnd": "20200821.235958",
            "DateTimeMiddle": "20200821.233908",
            "DateTimeStart": "20200821.230448",
            "MaximumElevation": 85,
            "Object_NORAD": "22195",
            "Object_Name": "LAGEOS2",
            "Pass": "NO/SE-CCW"
        }
    ]
}
