{
    "CreationDateTime": "20210922.062935",
    "PredictionsArray": [
        {
            "AzimuthEnd": 56,
            "AzimuthMiddle": 63,
            "AzimuthStart": 64,
            "CPFSource": "16908_cpf_210922_7650.sdg",
            "CampaignTrack": false,
            "DateTimeEnd": "20210922.063337",
            "DateTimeMiddle": "20210922.062937",
            "DateTimeStart": "20210922.062927",
            "MaximumElevation": 27,
            "Object_NORAD": "16908",
            "Object_Name": "EGS",
            "Pass": "NE/NE-CCW"
        },
        {
            "AzimuthEnd": 32,
            "AzimuthMiddle": 114,
            "AzimuthStart": 197,
            "CPFSource": "33105_cpf_210922_7650.sdg",
            "CampaignTrack": false,
            "DateTimeEnd": "20210922.071147",
            "DateTimeMiddle": "20210922.070327",
            "DateTimeStart": "20210922.065517",
            "MaximumElevation": 73,
            "Object_NORAD": "33105",
            "Object_Name": "JASON2",
            "Pass": "SO/NE-CCW"
        },
        {
            "AzimuthEnd": 152,
            "AzimuthMiddle": 58,
            "AzimuthStart": 303,
            "CPFSource": "38250_cpf_210922_7650.sdg",
            "CampaignTrack": false,
            "DateTimeEnd": "20210922.111837",
            "DateTimeMiddle": "20210922.092757",
            "DateTimeStart": "20210922.070517",
            "MaximumElevation": 77,
            "Object_NORAD": "38250",
            "Object_Name": "BEIDOU12",
            "Pass": "NO/SE-CW"
        },
        {
            "AzimuthEnd": 223,
            "AzimuthMiddle": 289,
            "AzimuthStart": 350,
            "CPFSource": "31698_cpf_210922_7650.sdg",
            "CampaignTrack": false,
            "DateTimeEnd": "20210922.072557",
            "DateTimeMiddle": "20210922.072217",
            "DateTimeStart": "20210922.071857",
            "MaximumElevation": 30,
            "Object_NORAD": "31698",
            "Object_Name": "TERRASARX",
            "Pass": "NO/SO-CCW"
        },
        {
            "AzimuthEnd": 223,
            "AzimuthMiddle": 289,
            "AzimuthStart": 350,
            "CPFSource": "36605_cpf_210922_7650.sdg",
            "CampaignTrack": false,
            "DateTimeEnd": "20210922.072557",
            "DateTimeMiddle": "20210922.072217",
            "DateTimeStart": "20210922.071857",
            "MaximumElevation": 30,
            "Object_NORAD": "36605",
            "Object_Name": "TANDEMX",
            "Pass": "NO/SO-CCW"
        },
        {
            "AzimuthEnd": 200,
            "AzimuthMiddle": 253,
            "AzimuthStart": 304,
            "CPFSource": "22195_cpf_210922_7650.sdg",
            "CampaignTrack": false,
            "DateTimeEnd": "20210922.083317",
            "DateTimeMiddle": "20210922.080837",
            "DateTimeStart": "20210922.074457",
            "MaximumElevation": 27,
            "Object_NORAD": "22195",
            "Object_Name": "LAGEOS2",
            "Pass": "NO/SO-CCW"
        },
        {
            "AzimuthEnd": 59,
            "AzimuthMiddle": 134,
            "AzimuthStart": 212,
            "CPFSource": "7646_cpf_210922_7650.sdg",
            "CampaignTrack": false,
            "DateTimeEnd": "20210922.081447",
            "DateTimeMiddle": "20210922.080847",
            "DateTimeStart": "20210922.080227",
            "MaximumElevation": 54,
            "Object_NORAD": "7646",
            "Object_Name": "STARLETTE",
            "Pass": "SO/NE-CCW"
        },
        {
            "AzimuthEnd": 50,
            "AzimuthMiddle": 333,
            "AzimuthStart": 259,
            "CPFSource": "16908_cpf_210922_7650.sdg",
            "CampaignTrack": false,
            "DateTimeEnd": "20210922.083537",
            "DateTimeMiddle": "20210922.082627",
            "DateTimeStart": "20210922.081727",
            "MaximumElevation": 50,
            "Object_NORAD": "16908",
            "Object_Name": "EGS",
            "Pass": "SO/NE-CW"
        },
        {
            "AzimuthEnd": 197,
            "AzimuthMiddle": 114,
            "AzimuthStart": 27,
            "CPFSource": "8820_cpf_210922_7650.sdg",
            "CampaignTrack": false,
            "DateTimeEnd": "20210922.092457",
            "DateTimeMiddle": "20210922.085527",
            "DateTimeStart": "20210922.082517",
            "MaximumElevation": 69,
            "Object_NORAD": "8820",
            "Object_Name": "LAGEOS1",
            "Pass": "NE/SO-CW"
        },
        {
            "AzimuthEnd": 11,
            "AzimuthMiddle": 314,
            "AzimuthStart": 258,
            "CPFSource": "33105_cpf_210922_7650.sdg",
            "CampaignTrack": false,
            "DateTimeEnd": "20210922.090627",
            "DateTimeMiddle": "20210922.085927",
            "DateTimeStart": "20210922.085237",
            "MaximumElevation": 26,
            "Object_NORAD": "33105",
            "Object_Name": "JASON2",
            "Pass": "SO/NE-CW"
        },
        {
            "AzimuthEnd": 30,
            "AzimuthMiddle": 84,
            "AzimuthStart": 133,
            "CPFSource": "39451_cpf_210922_7650.sdg",
            "CampaignTrack": false,
            "DateTimeEnd": "20210922.091007",
            "DateTimeMiddle": "20210922.090657",
            "DateTimeStart": "20210922.090407",
            "MaximumElevation": 20,
            "Object_NORAD": "39451",
            "Object_Name": "SWARMB",
            "Pass": "SE/NE-CCW"
        },
        {
            "AzimuthEnd": 43,
            "AzimuthMiddle": 332,
            "AzimuthStart": 262,
            "CPFSource": "7646_cpf_210922_7650.sdg",
            "CampaignTrack": false,
            "DateTimeEnd": "20210922.100337",
            "DateTimeMiddle": "20210922.095757",
            "DateTimeStart": "20210922.095207",
            "MaximumElevation": 39,
            "Object_NORAD": "7646",
            "Object_Name": "STARLETTE",
            "Pass": "SO/NE-CW"
        },
        {
            "AzimuthEnd": 111,
            "AzimuthMiddle": 52,
            "AzimuthStart": 352,
            "CPFSource": "38077_cpf_210922_7650.sdg",
            "CampaignTrack": false,
            "DateTimeEnd": "20210922.101037",
            "DateTimeMiddle": "20210922.100257",
            "DateTimeStart": "20210922.095517",
            "MaximumElevation": 28,
            "Object_NORAD": "38077",
            "Object_Name": "LARES",
            "Pass": "NO/SE-CW"
        },
        {
            "AzimuthEnd": 212,
            "AzimuthMiddle": 277,
            "AzimuthStart": 334,
            "CPFSource": "39452_cpf_210922_7650.sdg",
            "CampaignTrack": false,
            "DateTimeEnd": "20210922.101557",
            "DateTimeMiddle": "20210922.101247",
            "DateTimeStart": "20210922.100957",
            "MaximumElevation": 26,
            "Object_NORAD": "39452",
            "Object_Name": "SWARMA",
            "Pass": "NO/SO-CCW"
        },
        {
            "AzimuthEnd": 212,
            "AzimuthMiddle": 276,
            "AzimuthStart": 334,
            "CPFSource": "39453_cpf_210922_7650.sdg",
            "CampaignTrack": false,
            "DateTimeEnd": "20210922.101557",
            "DateTimeMiddle": "20210922.101247",
            "DateTimeStart": "20210922.100957",
            "MaximumElevation": 26,
            "Object_NORAD": "39453",
            "Object_Name": "SWARMC",
            "Pass": "NO/SO-CCW"
        },
        {
            "AzimuthEnd": 64,
            "AzimuthMiddle": 358,
            "AzimuthStart": 296,
            "CPFSource": "16908_cpf_210922_7650.sdg",
            "CampaignTrack": false,
            "DateTimeEnd": "20210922.103837",
            "DateTimeMiddle": "20210922.103007",
            "DateTimeStart": "20210922.102157",
            "MaximumElevation": 34,
            "Object_NORAD": "16908",
            "Object_Name": "EGS",
            "Pass": "NO/NE-CW"
        },
        {
            "AzimuthEnd": 46,
            "AzimuthMiddle": 355,
            "AzimuthStart": 304,
            "CPFSource": "7646_cpf_210922_7650.sdg",
            "CampaignTrack": false,
            "DateTimeEnd": "20210922.115247",
            "DateTimeMiddle": "20210922.114817",
            "DateTimeStart": "20210922.114347",
            "MaximumElevation": 20,
            "Object_NORAD": "7646",
            "Object_Name": "STARLETTE",
            "Pass": "NO/NE-CW"
        },
        {
            "AzimuthEnd": 172,
            "AzimuthMiddle": 252,
            "AzimuthStart": 330,
            "CPFSource": "38077_cpf_210922_7650.sdg",
            "CampaignTrack": false,
            "DateTimeEnd": "20210922.121007",
            "DateTimeMiddle": "20210922.120117",
            "DateTimeStart": "20210922.115237",
            "MaximumElevation": 64,
            "Object_NORAD": "38077",
            "Object_Name": "LARES",
            "Pass": "NO/SE-CCW"
        },
        {
            "AzimuthEnd": 264,
            "AzimuthMiddle": 327,
            "AzimuthStart": 28,
            "CPFSource": "8820_cpf_210922_7650.sdg",
            "CampaignTrack": false,
            "DateTimeEnd": "20210922.124957",
            "DateTimeMiddle": "20210922.122357",
            "DateTimeStart": "20210922.115827",
            "MaximumElevation": 43,
            "Object_NORAD": "8820",
            "Object_Name": "LAGEOS1",
            "Pass": "NE/SO-CW"
        },
        {
            "AzimuthEnd": 100,
            "AzimuthMiddle": 25,
            "AzimuthStart": 310,
            "CPFSource": "16908_cpf_210922_7650.sdg",
            "CampaignTrack": false,
            "DateTimeEnd": "20210922.124307",
            "DateTimeMiddle": "20210922.123357",
            "DateTimeStart": "20210922.122457",
            "MaximumElevation": 50,
            "Object_NORAD": "16908",
            "Object_Name": "EGS",
            "Pass": "NO/SE-CW"
        },
        {
            "AzimuthEnd": 77,
            "AzimuthMiddle": 17,
            "AzimuthStart": 319,
            "CPFSource": "7646_cpf_210922_7650.sdg",
            "CampaignTrack": false,
            "DateTimeEnd": "20210922.134347",
            "DateTimeMiddle": "20210922.133847",
            "DateTimeStart": "20210922.133357",
            "MaximumElevation": 27,
            "Object_NORAD": "7646",
            "Object_Name": "STARLETTE",
            "Pass": "NO/NE-CW"
        },
        {
            "AzimuthEnd": 24,
            "AzimuthMiddle": 75,
            "AzimuthStart": 125,
            "CPFSource": "36508_cpf_210922_7650.sdg",
            "CampaignTrack": false,
            "DateTimeEnd": "20210922.135407",
            "DateTimeMiddle": "20210922.135007",
            "DateTimeStart": "20210922.134617",
            "MaximumElevation": 21,
            "Object_NORAD": "36508",
            "Object_Name": "CRYOSAT2",
            "Pass": "SE/NE-CCW"
        },
        {
            "AzimuthEnd": 146,
            "AzimuthMiddle": 223,
            "AzimuthStart": 303,
            "CPFSource": "16908_cpf_210922_7650.sdg",
            "CampaignTrack": false,
            "DateTimeEnd": "20210922.144516",
            "DateTimeMiddle": "20210922.143606",
            "DateTimeStart": "20210922.142656",
            "MaximumElevation": 64,
            "Object_NORAD": "16908",
            "Object_Name": "EGS",
            "Pass": "NO/SE-CCW"
        },
        {
            "AzimuthEnd": 187,
            "AzimuthMiddle": 106,
            "AzimuthStart": 16,
            "CPFSource": "27944_cpf_210922_7650.sdg",
            "CampaignTrack": false,
            "DateTimeEnd": "20210922.144416",
            "DateTimeMiddle": "20210922.143926",
            "DateTimeStart": "20210922.143436",
            "MaximumElevation": 73,
            "Object_NORAD": "27944",
            "Object_Name": "LARETS",
            "Pass": "NE/SO-CW"
        },
        {
            "AzimuthEnd": 99,
            "AzimuthMiddle": 44,
            "AzimuthStart": 350,
            "CPFSource": "33105_cpf_210922_7650.sdg",
            "CampaignTrack": false,
            "DateTimeEnd": "20210922.150456",
            "DateTimeMiddle": "20210922.145806",
            "DateTimeStart": "20210922.145126",
            "MaximumElevation": 24,
            "Object_NORAD": "33105",
            "Object_Name": "JASON2",
            "Pass": "NO/SE-CW"
        },
        {
            "AzimuthEnd": 321,
            "AzimuthMiddle": 13,
            "AzimuthStart": 66,
            "CPFSource": "8820_cpf_210922_7650.sdg",
            "CampaignTrack": false,
            "DateTimeEnd": "20210922.160556",
            "DateTimeMiddle": "20210922.154316",
            "DateTimeStart": "20210922.152046",
            "MaximumElevation": 31,
            "Object_NORAD": "8820",
            "Object_Name": "LAGEOS1",
            "Pass": "NE/NO-CW"
        },
        {
            "AzimuthEnd": 127,
            "AzimuthMiddle": 47,
            "AzimuthStart": 308,
            "CPFSource": "7646_cpf_210922_7650.sdg",
            "CampaignTrack": false,
            "DateTimeEnd": "20210922.153426",
            "DateTimeMiddle": "20210922.152826",
            "DateTimeStart": "20210922.152246",
            "MaximumElevation": 84,
            "Object_NORAD": "7646",
            "Object_Name": "STARLETTE",
            "Pass": "NO/SE-CW"
        },
        {
            "AzimuthEnd": 336,
            "AzimuthMiddle": 272,
            "AzimuthStart": 205,
            "CPFSource": "36508_cpf_210922_7650.sdg",
            "CampaignTrack": false,
            "DateTimeEnd": "20210922.153326",
            "DateTimeMiddle": "20210922.152846",
            "DateTimeStart": "20210922.152416",
            "MaximumElevation": 33,
            "Object_NORAD": "36508",
            "Object_Name": "CRYOSAT2",
            "Pass": "SO/NO-CW"
        },
        {
            "AzimuthEnd": 74,
            "AzimuthMiddle": 141,
            "AzimuthStart": 212,
            "CPFSource": "1328_cpf_210922_7650.sdg",
            "CampaignTrack": false,
            "DateTimeEnd": "20210922.165016",
            "DateTimeMiddle": "20210922.164256",
            "DateTimeStart": "20210922.163616",
            "MaximumElevation": 43,
            "Object_NORAD": "1328",
            "Object_Name": "EXPLORER27",
            "Pass": "SO/NE-CCW"
        },
        {
            "AzimuthEnd": 159,
            "AzimuthMiddle": 242,
            "AzimuthStart": 329,
            "CPFSource": "33105_cpf_210922_7650.sdg",
            "CampaignTrack": false,
            "DateTimeEnd": "20210922.170236",
            "DateTimeMiddle": "20210922.165416",
            "DateTimeStart": "20210922.164556",
            "MaximumElevation": 78,
            "Object_NORAD": "33105",
            "Object_Name": "JASON2",
            "Pass": "NO/SE-CCW"
        },
        {
            "AzimuthEnd": 52,
            "AzimuthMiddle": 108,
            "AzimuthStart": 166,
            "CPFSource": "22195_cpf_210922_7650.sdg",
            "CampaignTrack": false,
            "DateTimeEnd": "20210922.182646",
            "DateTimeMiddle": "20210922.175956",
            "DateTimeStart": "20210922.173146",
            "MaximumElevation": 33,
            "Object_NORAD": "22195",
            "Object_Name": "LAGEOS2",
            "Pass": "SE/NE-CCW"
        },
        {
            "AzimuthEnd": 158,
            "AzimuthMiddle": 96,
            "AzimuthStart": 35,
            "CPFSource": "39086_cpf_210922_7650.sdg",
            "CampaignTrack": false,
            "DateTimeEnd": "20210922.175956",
            "DateTimeMiddle": "20210922.175506",
            "DateTimeStart": "20210922.175026",
            "MaximumElevation": 29,
            "Object_NORAD": "39086",
            "Object_Name": "SARAL",
            "Pass": "NE/SE-CW"
        },
        {
            "AzimuthEnd": 351,
            "AzimuthMiddle": 73,
            "AzimuthStart": 162,
            "CPFSource": "31698_cpf_210922_7650.sdg",
            "CampaignTrack": false,
            "DateTimeEnd": "20210922.180246",
            "DateTimeMiddle": "20210922.175846",
            "DateTimeStart": "20210922.175456",
            "MaximumElevation": 75,
            "Object_NORAD": "31698",
            "Object_Name": "TERRASARX",
            "Pass": "SE/NO-CW"
        },
        {
            "AzimuthEnd": 351,
            "AzimuthMiddle": 72,
            "AzimuthStart": 162,
            "CPFSource": "36605_cpf_210922_7650.sdg",
            "CampaignTrack": false,
            "DateTimeEnd": "20210922.180246",
            "DateTimeMiddle": "20210922.175846",
            "DateTimeStart": "20210922.175456",
            "MaximumElevation": 75,
            "Object_NORAD": "36605",
            "Object_Name": "TANDEMX",
            "Pass": "SE/NO-CW"
        },
        {
            "AzimuthEnd": 69,
            "AzimuthMiddle": 338,
            "AzimuthStart": 254,
            "CPFSource": "1328_cpf_210922_7650.sdg",
            "CampaignTrack": false,
            "DateTimeEnd": "20210922.184456",
            "DateTimeMiddle": "20210922.183626",
            "DateTimeStart": "20210922.182856",
            "MaximumElevation": 80,
            "Object_NORAD": "1328",
            "Object_Name": "EXPLORER27",
            "Pass": "SO/NE-CW"
        },
        {
            "AzimuthEnd": 335,
            "AzimuthMiddle": 54,
            "AzimuthStart": 134,
            "CPFSource": "8820_cpf_210922_7650.sdg",
            "CampaignTrack": false,
            "DateTimeEnd": "20210922.193636",
            "DateTimeMiddle": "20210922.190706",
            "DateTimeStart": "20210922.183816",
            "MaximumElevation": 76,
            "Object_NORAD": "8820",
            "Object_Name": "LAGEOS1",
            "Pass": "SE/NO-CW"
        },
        {
            "AzimuthEnd": 12,
            "AzimuthMiddle": 283,
            "AzimuthStart": 206,
            "CPFSource": "11111_cpf_210922_7650.sdg",
            "CampaignTrack": false,
            "DateTimeEnd": "20210922.185916",
            "DateTimeMiddle": "20210922.185346",
            "DateTimeStart": "20210922.184836",
            "MaximumElevation": 65,
            "Object_NORAD": "11111",
            "Object_Name": "POLARIS",
            "Pass": "SO/NE-CW"
        },
        {
            "AzimuthEnd": 230,
            "AzimuthMiddle": 290,
            "AzimuthStart": 351,
            "CPFSource": "39086_cpf_210922_7650.sdg",
            "CampaignTrack": false,
            "DateTimeEnd": "20210922.193906",
            "DateTimeMiddle": "20210922.193426",
            "DateTimeStart": "20210922.192946",
            "MaximumElevation": 29,
            "Object_NORAD": "39086",
            "Object_Name": "SARAL",
            "Pass": "NO/SO-CCW"
        },
        {
            "AzimuthEnd": 83,
            "AzimuthMiddle": 4,
            "AzimuthStart": 281,
            "CPFSource": "1328_cpf_210922_7650.sdg",
            "CampaignTrack": false,
            "DateTimeEnd": "20210922.203936",
            "DateTimeMiddle": "20210922.203106",
            "DateTimeStart": "20210922.202316",
            "MaximumElevation": 62,
            "Object_NORAD": "1328",
            "Object_Name": "EXPLORER27",
            "Pass": "NO/NE-CW"
        },
        {
            "AzimuthEnd": 54,
            "AzimuthMiddle": 322,
            "AzimuthStart": 232,
            "CPFSource": "22195_cpf_210922_7650.sdg",
            "CampaignTrack": false,
            "DateTimeEnd": "20210922.223316",
            "DateTimeMiddle": "20210922.215926",
            "DateTimeStart": "20210922.212446",
            "MaximumElevation": 77,
            "Object_NORAD": "22195",
            "Object_Name": "LAGEOS2",
            "Pass": "SO/NE-CW"
        },
        {
            "AzimuthEnd": 348,
            "AzimuthMiddle": 276,
            "AzimuthStart": 197,
            "CPFSource": "39452_cpf_210922_7650.sdg",
            "CampaignTrack": false,
            "DateTimeEnd": "20210922.221416",
            "DateTimeMiddle": "20210922.221056",
            "DateTimeStart": "20210922.220736",
            "MaximumElevation": 45,
            "Object_NORAD": "39452",
            "Object_Name": "SWARMA",
            "Pass": "SO/NO-CW"
        },
        {
            "AzimuthEnd": 348,
            "AzimuthMiddle": 267,
            "AzimuthStart": 197,
            "CPFSource": "39453_cpf_210922_7650.sdg",
            "CampaignTrack": false,
            "DateTimeEnd": "20210922.221416",
            "DateTimeMiddle": "20210922.221046",
            "DateTimeStart": "20210922.220736",
            "MaximumElevation": 45,
            "Object_NORAD": "39453",
            "Object_Name": "SWARMC",
            "Pass": "SO/NO-CW"
        },
        {
            "AzimuthEnd": 214,
            "AzimuthMiddle": 275,
            "AzimuthStart": 335,
            "CPFSource": "39451_cpf_210922_7650.sdg",
            "CampaignTrack": false,
            "DateTimeEnd": "20210922.221546",
            "DateTimeMiddle": "20210922.221216",
            "DateTimeStart": "20210922.220856",
            "MaximumElevation": 27,
            "Object_NORAD": "39451",
            "Object_Name": "SWARMB",
            "Pass": "NO/SO-CCW"
        },
        {
            "AzimuthEnd": 111,
            "AzimuthMiddle": 19,
            "AzimuthStart": 290,
            "CPFSource": "1328_cpf_210922_7650.sdg",
            "CampaignTrack": false,
            "DateTimeEnd": "20210922.223416",
            "DateTimeMiddle": "20210922.222536",
            "DateTimeStart": "20210922.221716",
            "MaximumElevation": 87,
            "Object_NORAD": "1328",
            "Object_Name": "EXPLORER27",
            "Pass": "NO/SE-CW"
        },
        {
            "AzimuthEnd": 320,
            "AzimuthMiddle": 261,
            "AzimuthStart": 205,
            "CPFSource": "8820_cpf_210922_7650.sdg",
            "CampaignTrack": false,
            "DateTimeEnd": "20210922.230626",
            "DateTimeMiddle": "20210922.224156",
            "DateTimeStart": "20210922.221856",
            "MaximumElevation": 27,
            "Object_NORAD": "8820",
            "Object_Name": "LAGEOS1",
            "Pass": "SO/NO-CW"
        },
        {
            "AzimuthEnd": 150,
            "AzimuthMiddle": 216,
            "AzimuthStart": 284,
            "CPFSource": "1328_cpf_210922_7650.sdg",
            "CampaignTrack": false,
            "DateTimeEnd": "20210923.002716",
            "DateTimeMiddle": "20210923.001926",
            "DateTimeStart": "20210923.001136",
            "MaximumElevation": 40,
            "Object_NORAD": "1328",
            "Object_Name": "EXPLORER27",
            "Pass": "NO/SE-CCW"
        },
        {
            "AzimuthEnd": 33,
            "AzimuthMiddle": 105,
            "AzimuthStart": 177,
            "CPFSource": "38077_cpf_210922_7650.sdg",
            "CampaignTrack": false,
            "DateTimeEnd": "20210923.005926",
            "DateTimeMiddle": "20210923.005046",
            "DateTimeStart": "20210923.004216",
            "MaximumElevation": 49,
            "Object_NORAD": "38077",
            "Object_Name": "LARES",
            "Pass": "SE/NE-CCW"
        },
        {
            "AzimuthEnd": 356,
            "AzimuthMiddle": 77,
            "AzimuthStart": 151,
            "CPFSource": "27944_cpf_210922_7650.sdg",
            "CampaignTrack": false,
            "DateTimeEnd": "20210923.014436",
            "DateTimeMiddle": "20210923.013946",
            "DateTimeStart": "20210923.013516",
            "MaximumElevation": 54,
            "Object_NORAD": "27944",
            "Object_Name": "LARETS",
            "Pass": "SE/NO-CW"
        },
        {
            "AzimuthEnd": 102,
            "AzimuthMiddle": 19,
            "AzimuthStart": 293,
            "CPFSource": "22195_cpf_210922_7650.sdg",
            "CampaignTrack": false,
            "DateTimeEnd": "20210923.024606",
            "DateTimeMiddle": "20210923.021326",
            "DateTimeStart": "20210923.013926",
            "MaximumElevation": 61,
            "Object_NORAD": "22195",
            "Object_Name": "LAGEOS2",
            "Pass": "NO/SE-CW"
        },
        {
            "AzimuthEnd": 11,
            "AzimuthMiddle": 304,
            "AzimuthStart": 238,
            "CPFSource": "38077_cpf_210922_7650.sdg",
            "CampaignTrack": false,
            "DateTimeEnd": "20210923.025706",
            "DateTimeMiddle": "20210923.024846",
            "DateTimeStart": "20210923.024036",
            "MaximumElevation": 36,
            "Object_NORAD": "38077",
            "Object_Name": "LARES",
            "Pass": "SO/NE-CW"
        },
        {
            "AzimuthEnd": 211,
            "AzimuthMiddle": 280,
            "AzimuthStart": 349,
            "CPFSource": "36508_cpf_210922_7650.sdg",
            "CampaignTrack": false,
            "DateTimeEnd": "20210923.033736",
            "DateTimeMiddle": "20210923.033246",
            "DateTimeStart": "20210923.032806",
            "MaximumElevation": 39,
            "Object_NORAD": "36508",
            "Object_Name": "CRYOSAT2",
            "Pass": "NO/SO-CCW"
        },
        {
            "AzimuthEnd": 4,
            "AzimuthMiddle": 69,
            "AzimuthStart": 133,
            "CPFSource": "39086_cpf_210922_7650.sdg",
            "CampaignTrack": false,
            "DateTimeEnd": "20210923.051456",
            "DateTimeMiddle": "20210923.050956",
            "DateTimeStart": "20210923.050516",
            "MaximumElevation": 33,
            "Object_NORAD": "39086",
            "Object_Name": "SARAL",
            "Pass": "SE/NE-CCW"
        },
        {
            "AzimuthEnd": 183,
            "AzimuthMiddle": 259,
            "AzimuthStart": 330,
            "CPFSource": "11111_cpf_210922_7650.sdg",
            "CampaignTrack": false,
            "DateTimeEnd": "20210923.053046",
            "DateTimeMiddle": "20210923.052526",
            "DateTimeStart": "20210923.052016",
            "MaximumElevation": 47,
            "Object_NORAD": "11111",
            "Object_Name": "POLARIS",
            "Pass": "NO/SO-CCW"
        },
        {
            "AzimuthEnd": 61,
            "AzimuthMiddle": 129,
            "AzimuthStart": 196,
            "CPFSource": "16908_cpf_210922_7650.sdg",
            "CampaignTrack": false,
            "DateTimeEnd": "20210923.053906",
            "DateTimeMiddle": "20210923.053026",
            "DateTimeStart": "20210923.052156",
            "MaximumElevation": 41,
            "Object_NORAD": "16908",
            "Object_Name": "EGS",
            "Pass": "SO/NE-CCW"
        },
        {
            "AzimuthEnd": 167,
            "AzimuthMiddle": 241,
            "AzimuthStart": 311,
            "CPFSource": "22195_cpf_210922_7650.sdg",
            "CampaignTrack": false,
            "DateTimeEnd": "20210923.064856",
            "DateTimeMiddle": "20210923.061756",
            "DateTimeStart": "20210923.054716",
            "MaximumElevation": 57,
            "Object_NORAD": "22195",
            "Object_Name": "LAGEOS2",
            "Pass": "NO/SE-CCW"
        },
        {
            "AzimuthEnd": 322,
            "AzimuthMiddle": 263,
            "AzimuthStart": 208,
            "CPFSource": "39086_cpf_210922_7650.sdg",
            "CampaignTrack": false,
            "DateTimeEnd": "20210923.065356",
            "DateTimeMiddle": "20210923.064916",
            "DateTimeStart": "20210923.064456",
            "MaximumElevation": 25,
            "Object_NORAD": "39086",
            "Object_Name": "SARAL",
            "Pass": "SO/NO-CW"
        },
        {
            "AzimuthEnd": 208,
            "AzimuthMiddle": 288,
            "AzimuthStart": 1,
            "CPFSource": "31698_cpf_210922_7650.sdg",
            "CampaignTrack": false,
            "DateTimeEnd": "20210923.070906",
            "DateTimeMiddle": "20210923.070516",
            "DateTimeStart": "20210923.070136",
            "MaximumElevation": 50,
            "Object_NORAD": "31698",
            "Object_Name": "TERRASARX",
            "Pass": "NE/SO-CW"
        },
        {
            "AzimuthEnd": 208,
            "AzimuthMiddle": 288,
            "AzimuthStart": 1,
            "CPFSource": "36605_cpf_210922_7650.sdg",
            "CampaignTrack": false,
            "DateTimeEnd": "20210923.070906",
            "DateTimeMiddle": "20210923.070516",
            "DateTimeStart": "20210923.070136",
            "MaximumElevation": 50,
            "Object_NORAD": "36605",
            "Object_Name": "TANDEMX",
            "Pass": "NE/SO-CW"
        },
        {
            "AzimuthEnd": 171,
            "AzimuthMiddle": 104,
            "AzimuthStart": 33,
            "CPFSource": "8820_cpf_210922_7650.sdg",
            "CampaignTrack": false,
            "DateTimeEnd": "20210923.075846",
            "DateTimeMiddle": "20210923.073156",
            "DateTimeStart": "20210923.070356",
            "MaximumElevation": 40,
            "Object_NORAD": "8820",
            "Object_Name": "LAGEOS1",
            "Pass": "NE/SE-CW"
        },
        {
            "AzimuthEnd": 26,
            "AzimuthMiddle": 292,
            "AzimuthStart": 211,
            "CPFSource": "33105_cpf_210922_7650.sdg",
            "CampaignTrack": false,
            "DateTimeEnd": "20210923.072636",
            "DateTimeMiddle": "20210923.071806",
            "DateTimeStart": "20210923.070956",
            "MaximumElevation": 79,
            "Object_NORAD": "33105",
            "Object_Name": "JASON2",
            "Pass": "SO/NE-CW"
        },
        {
            "AzimuthEnd": 50,
            "AzimuthMiddle": 326,
            "AzimuthStart": 245,
            "CPFSource": "16908_cpf_210922_7650.sdg",
            "CampaignTrack": false,
            "DateTimeEnd": "20210923.074126",
            "DateTimeMiddle": "20210923.073156",
            "DateTimeStart": "20210923.072246",
            "MaximumElevation": 65,
            "Object_NORAD": "16908",
            "Object_Name": "EGS",
            "Pass": "SO/NE-CW"
        },
        {
            "AzimuthEnd": 51,
            "AzimuthMiddle": 352,
            "AzimuthStart": 230,
            "CPFSource": "7646_cpf_210922_7650.sdg",
            "CampaignTrack": false,
            "DateTimeEnd": "20210923.083356",
            "DateTimeMiddle": "20210923.082756",
            "DateTimeStart": "20210923.082126",
            "MaximumElevation": 88,
            "Object_NORAD": "7646",
            "Object_Name": "STARLETTE",
            "Pass": "SO/NE-CW"
        },
        {
            "AzimuthEnd": 57,
            "AzimuthMiddle": 351,
            "AzimuthStart": 286,
            "CPFSource": "16908_cpf_210922_7650.sdg",
            "CampaignTrack": false,
            "DateTimeEnd": "20210923.094346",
            "DateTimeMiddle": "20210923.093516",
            "DateTimeStart": "20210923.092656",
            "MaximumElevation": 35,
            "Object_NORAD": "16908",
            "Object_Name": "EGS",
            "Pass": "NO/NE-CW"
        },
        {
            "AzimuthEnd": 175,
            "AzimuthMiddle": 106,
            "AzimuthStart": 2,
            "CPFSource": "39452_cpf_210922_7650.sdg",
            "CampaignTrack": false,
            "DateTimeEnd": "20210923.093436",
            "DateTimeMiddle": "20210923.093106",
            "DateTimeStart": "20210923.092736",
            "MaximumElevation": 75,
            "Object_NORAD": "39452",
            "Object_Name": "SWARMA",
            "Pass": "NE/SE-CW"
        },
        {
            "AzimuthEnd": 175,
            "AzimuthMiddle": 74,
            "AzimuthStart": 2,
            "CPFSource": "39453_cpf_210922_7650.sdg",
            "CampaignTrack": false,
            "DateTimeEnd": "20210923.093426",
            "DateTimeMiddle": "20210923.093056",
            "DateTimeStart": "20210923.092736",
            "MaximumElevation": 75,
            "Object_NORAD": "39453",
            "Object_Name": "SWARMC",
            "Pass": "NE/SE-CW"
        },
        {
            "AzimuthEnd": 196,
            "AzimuthMiddle": 262,
            "AzimuthStart": 317,
            "CPFSource": "38250_cpf_210922_7650.sdg",
            "CampaignTrack": false,
            "DateTimeEnd": "20210923.131056",
            "DateTimeMiddle": "20210923.113446",
            "DateTimeStart": "20210923.095036",
            "MaximumElevation": 75,
            "Object_NORAD": "38250",
            "Object_Name": "BEIDOU12",
            "Pass": "NO/SO-CCW"
        },
        {
            "AzimuthEnd": 41,
            "AzimuthMiddle": 338,
            "AzimuthStart": 279,
            "CPFSource": "7646_cpf_210922_7650.sdg",
            "CampaignTrack": false,
            "DateTimeEnd": "20210923.102246",
            "DateTimeMiddle": "20210923.101726",
            "DateTimeStart": "20210923.101216",
            "MaximumElevation": 28,
            "Object_NORAD": "7646",
            "Object_Name": "STARLETTE",
            "Pass": "NO/NE-CW"
        },
        {
            "AzimuthEnd": 338,
            "AzimuthMiddle": 274,
            "AzimuthStart": 212,
            "CPFSource": "39451_cpf_210922_7650.sdg",
            "CampaignTrack": false,
            "DateTimeEnd": "20210923.102506",
            "DateTimeMiddle": "20210923.102136",
            "DateTimeStart": "20210923.101816",
            "MaximumElevation": 28,
            "Object_NORAD": "39451",
            "Object_Name": "SWARMB",
            "Pass": "SO/NO-CW"
        },
        {
            "AzimuthEnd": 238,
            "AzimuthMiddle": 313,
            "AzimuthStart": 25,
            "CPFSource": "8820_cpf_210922_7650.sdg",
            "CampaignTrack": false,
            "DateTimeEnd": "20210923.113316",
            "DateTimeMiddle": "20210923.110436",
            "DateTimeStart": "20210923.103616",
            "MaximumElevation": 62,
            "Object_NORAD": "8820",
            "Object_Name": "LAGEOS1",
            "Pass": "NE/SO-CW"
        },
        {
            "AzimuthEnd": 145,
            "AzimuthMiddle": 64,
            "AzimuthStart": 341,
            "CPFSource": "38077_cpf_210922_7650.sdg",
            "CampaignTrack": false,
            "DateTimeEnd": "20210923.110606",
            "DateTimeMiddle": "20210923.105716",
            "DateTimeStart": "20210923.104826",
            "MaximumElevation": 65,
            "Object_NORAD": "38077",
            "Object_Name": "LARES",
            "Pass": "NO/SE-CW"
        },
        {
            "AzimuthEnd": 87,
            "AzimuthMiddle": 17,
            "AzimuthStart": 308,
            "CPFSource": "16908_cpf_210922_7650.sdg",
            "CampaignTrack": false,
            "DateTimeEnd": "20210923.114806",
            "DateTimeMiddle": "20210923.113916",
            "DateTimeStart": "20210923.113036",
            "MaximumElevation": 41,
            "Object_NORAD": "16908",
            "Object_Name": "EGS",
            "Pass": "NO/NE-CW"
        },
        {
            "AzimuthEnd": 54,
            "AzimuthMiddle": 3,
            "AzimuthStart": 313,
            "CPFSource": "7646_cpf_210922_7650.sdg",
            "CampaignTrack": false,
            "DateTimeEnd": "20210923.121236",
            "DateTimeMiddle": "20210923.120806",
            "DateTimeStart": "20210923.120336",
            "MaximumElevation": 20,
            "Object_NORAD": "7646",
            "Object_Name": "STARLETTE",
            "Pass": "NO/NE-CW"
        },
        {
            "AzimuthEnd": 207,
            "AzimuthMiddle": 261,
            "AzimuthStart": 312,
            "CPFSource": "38077_cpf_210922_7650.sdg",
            "CampaignTrack": false,
            "DateTimeEnd": "20210923.130126",
            "DateTimeMiddle": "20210923.125416",
            "DateTimeStart": "20210923.124726",
            "MaximumElevation": 25,
            "Object_NORAD": "38077",
            "Object_Name": "LARES",
            "Pass": "NO/SO-CCW"
        },
        {
            "AzimuthEnd": 131,
            "AzimuthMiddle": 227,
            "AzimuthStart": 307,
            "CPFSource": "16908_cpf_210922_7650.sdg",
            "CampaignTrack": false,
            "DateTimeEnd": "20210923.135126",
            "DateTimeMiddle": "20210923.134156",
            "DateTimeStart": "20210923.133236",
            "MaximumElevation": 89,
            "Object_NORAD": "16908",
            "Object_Name": "EGS",
            "Pass": "NO/SE-CCW"
        },
        {
            "AzimuthEnd": 94,
            "AzimuthMiddle": 26,
            "AzimuthStart": 317,
            "CPFSource": "7646_cpf_210922_7650.sdg",
            "CampaignTrack": false,
            "DateTimeEnd": "20210923.140346",
            "DateTimeMiddle": "20210923.135826",
            "DateTimeStart": "20210923.135306",
            "MaximumElevation": 36,
            "Object_NORAD": "7646",
            "Object_Name": "STARLETTE",
            "Pass": "NO/SE-CW"
        },
        {
            "AzimuthEnd": 304,
            "AzimuthMiddle": 355,
            "AzimuthStart": 45,
            "CPFSource": "8820_cpf_210922_7650.sdg",
            "CampaignTrack": false,
            "DateTimeEnd": "20210923.144836",
            "DateTimeMiddle": "20210923.142626",
            "DateTimeStart": "20210923.140446",
            "MaximumElevation": 29,
            "Object_NORAD": "8820",
            "Object_Name": "LAGEOS1",
            "Pass": "NE/NO-CW"
        },
        {
            "AzimuthEnd": 358,
            "AzimuthMiddle": 83,
            "AzimuthStart": 167,
            "CPFSource": "36508_cpf_210922_7650.sdg",
            "CampaignTrack": false,
            "DateTimeEnd": "20210923.144326",
            "DateTimeMiddle": "20210923.143816",
            "DateTimeStart": "20210923.143316",
            "MaximumElevation": 74,
            "Object_NORAD": "36508",
            "Object_Name": "CRYOSAT2",
            "Pass": "SE/NO-CW"
        },
        {
            "AzimuthEnd": 114,
            "AzimuthMiddle": 48,
            "AzimuthStart": 345,
            "CPFSource": "33105_cpf_210922_7650.sdg",
            "CampaignTrack": false,
            "DateTimeEnd": "20210923.152056",
            "DateTimeMiddle": "20210923.151316",
            "DateTimeStart": "20210923.150556",
            "MaximumElevation": 34,
            "Object_NORAD": "33105",
            "Object_Name": "JASON2",
            "Pass": "NO/SE-CW"
        },
        {
            "AzimuthEnd": 215,
            "AzimuthMiddle": 289,
            "AzimuthStart": 358,
            "CPFSource": "27944_cpf_210922_7650.sdg",
            "CampaignTrack": false,
            "DateTimeEnd": "20210923.152036",
            "DateTimeMiddle": "20210923.151556",
            "DateTimeStart": "20210923.151126",
            "MaximumElevation": 43,
            "Object_NORAD": "27944",
            "Object_Name": "LARETS",
            "Pass": "NO/SO-CCW"
        },
        {
            "AzimuthEnd": 183,
            "AzimuthMiddle": 235,
            "AzimuthStart": 287,
            "CPFSource": "16908_cpf_210922_7650.sdg",
            "CampaignTrack": false,
            "DateTimeEnd": "20210923.155016",
            "DateTimeMiddle": "20210923.154256",
            "DateTimeStart": "20210923.153546",
            "MaximumElevation": 24,
            "Object_NORAD": "16908",
            "Object_Name": "EGS",
            "Pass": "NO/SO-CCW"
        },
        {
            "AzimuthEnd": 146,
            "AzimuthMiddle": 221,
            "AzimuthStart": 300,
            "CPFSource": "7646_cpf_210922_7650.sdg",
            "CampaignTrack": false,
            "DateTimeEnd": "20210923.155326",
            "DateTimeMiddle": "20210923.154736",
            "DateTimeStart": "20210923.154206",
            "MaximumElevation": 55,
            "Object_NORAD": "7646",
            "Object_Name": "STARLETTE",
            "Pass": "NO/SE-CCW"
        },
        {
            "AzimuthEnd": 77,
            "AzimuthMiddle": 140,
            "AzimuthStart": 202,
            "CPFSource": "1328_cpf_210922_7650.sdg",
            "CampaignTrack": false,
            "DateTimeEnd": "20210923.160536",
            "DateTimeMiddle": "20210923.155836",
            "DateTimeStart": "20210923.155236",
            "MaximumElevation": 33,
            "Object_NORAD": "1328",
            "Object_Name": "EXPLORER27",
            "Pass": "SO/NE-CCW"
        },
        {
            "AzimuthEnd": 173,
            "AzimuthMiddle": 247,
            "AzimuthStart": 322,
            "CPFSource": "33105_cpf_210922_7650.sdg",
            "CampaignTrack": false,
            "DateTimeEnd": "20210923.171656",
            "DateTimeMiddle": "20210923.170856",
            "DateTimeStart": "20210923.170056",
            "MaximumElevation": 53,
            "Object_NORAD": "33105",
            "Object_Name": "JASON2",
            "Pass": "NO/SE-CCW"
        },
        {
            "AzimuthEnd": 333,
            "AzimuthMiddle": 39,
            "AzimuthStart": 109,
            "CPFSource": "8820_cpf_210922_7650.sdg",
            "CampaignTrack": false,
            "DateTimeEnd": "20210923.181406",
            "DateTimeMiddle": "20210923.174656",
            "DateTimeStart": "20210923.171956",
            "MaximumElevation": 52,
            "Object_NORAD": "8820",
            "Object_Name": "LAGEOS1",
            "Pass": "SE/NO-CW"
        },
        {
            "AzimuthEnd": 1,
            "AzimuthMiddle": 72,
            "AzimuthStart": 146,
            "CPFSource": "31698_cpf_210922_7650.sdg",
            "CampaignTrack": false,
            "DateTimeEnd": "20210923.174536",
            "DateTimeMiddle": "20210923.174146",
            "DateTimeStart": "20210923.173806",
            "MaximumElevation": 42,
            "Object_NORAD": "31698",
            "Object_Name": "TERRASARX",
            "Pass": "SE/NE-CCW"
        },
        {
            "AzimuthEnd": 1,
            "AzimuthMiddle": 71,
            "AzimuthStart": 146,
            "CPFSource": "36605_cpf_210922_7650.sdg",
            "CampaignTrack": false,
            "DateTimeEnd": "20210923.174526",
            "DateTimeMiddle": "20210923.174146",
            "DateTimeStart": "20210923.173806",
            "MaximumElevation": 42,
            "Object_NORAD": "36605",
            "Object_Name": "TANDEMX",
            "Pass": "SE/NE-CCW"
        },
        {
            "AzimuthEnd": 69,
            "AzimuthMiddle": 241,
            "AzimuthStart": 246,
            "CPFSource": "1328_cpf_210922_7650.sdg",
            "CampaignTrack": false,
            "DateTimeEnd": "20210923.180016",
            "DateTimeMiddle": "20210923.175156",
            "DateTimeStart": "20210923.174446",
            "MaximumElevation": 89,
            "Object_NORAD": "1328",
            "Object_Name": "EXPLORER27",
            "Pass": "SO/NE-CCW"
        },
        {
            "AzimuthEnd": 21,
            "AzimuthMiddle": 101,
            "AzimuthStart": 190,
            "CPFSource": "11111_cpf_210922_7650.sdg",
            "CampaignTrack": false,
            "DateTimeEnd": "20210923.182506",
            "DateTimeMiddle": "20210923.181936",
            "DateTimeStart": "20210923.181416",
            "MaximumElevation": 75,
            "Object_NORAD": "11111",
            "Object_Name": "POLARIS",
            "Pass": "SO/NE-CCW"
        },
        {
            "AzimuthEnd": 207,
            "AzimuthMiddle": 282,
            "AzimuthStart": 4,
            "CPFSource": "39086_cpf_210922_7650.sdg",
            "CampaignTrack": false,
            "DateTimeEnd": "20210923.190856",
            "DateTimeMiddle": "20210923.190336",
            "DateTimeStart": "20210923.185816",
            "MaximumElevation": 58,
            "Object_NORAD": "39086",
            "Object_Name": "SARAL",
            "Pass": "NE/SO-CW"
        },
        {
            "AzimuthEnd": 48,
            "AzimuthMiddle": 124,
            "AzimuthStart": 204,
            "CPFSource": "22195_cpf_210922_7650.sdg",
            "CampaignTrack": false,
            "DateTimeEnd": "20210923.203726",
            "DateTimeMiddle": "20210923.200436",
            "DateTimeStart": "20210923.193036",
            "MaximumElevation": 72,
            "Object_NORAD": "22195",
            "Object_Name": "LAGEOS2",
            "Pass": "SO/NE-CCW"
        },
        {
            "AzimuthEnd": 78,
            "AzimuthMiddle": 0,
            "AzimuthStart": 276,
            "CPFSource": "1328_cpf_210922_7650.sdg",
            "CampaignTrack": false,
            "DateTimeEnd": "20210923.195446",
            "DateTimeMiddle": "20210923.194626",
            "DateTimeStart": "20210923.193846",
            "MaximumElevation": 62,
            "Object_NORAD": "1328",
            "Object_Name": "EXPLORER27",
            "Pass": "NO/NE-CW"
        },
        {
            "AzimuthEnd": 330,
            "AzimuthMiddle": 251,
            "AzimuthStart": 175,
            "CPFSource": "8820_cpf_210922_7650.sdg",
            "CampaignTrack": false,
            "DateTimeEnd": "20210923.214706",
            "DateTimeMiddle": "20210923.211746",
            "DateTimeStart": "20210923.204946",
            "MaximumElevation": 53,
            "Object_NORAD": "8820",
            "Object_Name": "LAGEOS1",
            "Pass": "SE/NO-CW"
        },
        {
            "AzimuthEnd": 13,
            "AzimuthMiddle": 90,
            "AzimuthStart": 159,
            "CPFSource": "39452_cpf_210922_7650.sdg",
            "CampaignTrack": false,
            "DateTimeEnd": "20210923.213226",
            "DateTimeMiddle": "20210923.212856",
            "DateTimeStart": "20210923.212546",
            "MaximumElevation": 41,
            "Object_NORAD": "39452",
            "Object_Name": "SWARMA",
            "Pass": "SE/NE-CCW"
        },
        {
            "AzimuthEnd": 14,
            "AzimuthMiddle": 88,
            "AzimuthStart": 159,
            "CPFSource": "39453_cpf_210922_7650.sdg",
            "CampaignTrack": false,
            "DateTimeEnd": "20210923.213216",
            "DateTimeMiddle": "20210923.212856",
            "DateTimeStart": "20210923.212546",
            "MaximumElevation": 41,
            "Object_NORAD": "39453",
            "Object_Name": "SWARMC",
            "Pass": "SE/NE-CCW"
        },
        {
            "AzimuthEnd": 104,
            "AzimuthMiddle": 10,
            "AzimuthStart": 290,
            "CPFSource": "1328_cpf_210922_7650.sdg",
            "CampaignTrack": false,
            "DateTimeEnd": "20210923.214946",
            "DateTimeMiddle": "20210923.214056",
            "DateTimeStart": "20210923.213256",
            "MaximumElevation": 78,
            "Object_NORAD": "1328",
            "Object_Name": "EXPLORER27",
            "Pass": "NO/SE-CW"
        },
        {
            "AzimuthEnd": 200,
            "AzimuthMiddle": 270,
            "AzimuthStart": 345,
            "CPFSource": "39451_cpf_210922_7650.sdg",
            "CampaignTrack": false,
            "DateTimeEnd": "20210923.215606",
            "DateTimeMiddle": "20210923.215226",
            "DateTimeStart": "20210923.214846",
            "MaximumElevation": 43,
            "Object_NORAD": "39451",
            "Object_Name": "SWARMB",
            "Pass": "NO/SO-CCW"
        },
        {
            "AzimuthEnd": 141,
            "AzimuthMiddle": 215,
            "AzimuthStart": 286,
            "CPFSource": "1328_cpf_210922_7650.sdg",
            "CampaignTrack": false,
            "DateTimeEnd": "20210923.234316",
            "DateTimeMiddle": "20210923.233456",
            "DateTimeStart": "20210923.232656",
            "MaximumElevation": 49,
            "Object_NORAD": "1328",
            "Object_Name": "EXPLORER27",
            "Pass": "NO/SE-CCW"
        },
        {
            "AzimuthEnd": 75,
            "AzimuthMiddle": 352,
            "AzimuthStart": 269,
            "CPFSource": "22195_cpf_210922_7650.sdg",
            "CampaignTrack": false,
            "DateTimeEnd": "20210924.004606",
            "DateTimeMiddle": "20210924.001306",
            "DateTimeStart": "20210923.233856",
            "MaximumElevation": 57,
            "Object_NORAD": "22195",
            "Object_Name": "LAGEOS2",
            "Pass": "SO/NE-CW"
        },
        {
            "AzimuthEnd": 49,
            "AzimuthMiddle": 98,
            "AzimuthStart": 146,
            "CPFSource": "38077_cpf_210922_7650.sdg",
            "CampaignTrack": false,
            "DateTimeEnd": "20210923.235356",
            "DateTimeMiddle": "20210923.234716",
            "DateTimeStart": "20210923.234046",
            "MaximumElevation": 22,
            "Object_NORAD": "38077",
            "Object_Name": "LARES",
            "Pass": "SE/NE-CCW"
        },
        {
            "AzimuthEnd": 20,
            "AzimuthMiddle": 297,
            "AzimuthStart": 210,
            "CPFSource": "38077_cpf_210922_7650.sdg",
            "CampaignTrack": false,
            "DateTimeEnd": "20210924.015316",
            "DateTimeMiddle": "20210924.014416",
            "DateTimeStart": "20210924.013526",
            "MaximumElevation": 72,
            "Object_NORAD": "38077",
            "Object_Name": "LARES",
            "Pass": "SO/NE-CW"
        },
        {
            "AzimuthEnd": 339,
            "AzimuthMiddle": 258,
            "AzimuthStart": 179,
            "CPFSource": "27944_cpf_210922_7650.sdg",
            "CampaignTrack": false,
            "DateTimeEnd": "20210924.022116",
            "DateTimeMiddle": "20210924.021626",
            "DateTimeStart": "20210924.021146",
            "MaximumElevation": 57,
            "Object_NORAD": "27944",
            "Object_Name": "LARETS",
            "Pass": "SE/NO-CW"
        },
        {
            "AzimuthEnd": 175,
            "AzimuthMiddle": 88,
            "AzimuthStart": 11,
            "CPFSource": "36508_cpf_210922_7650.sdg",
            "CampaignTrack": false,
            "DateTimeEnd": "20210924.024736",
            "DateTimeMiddle": "20210924.024226",
            "DateTimeStart": "20210924.023736",
            "MaximumElevation": 63,
            "Object_NORAD": "36508",
            "Object_Name": "CRYOSAT2",
            "Pass": "NE/SE-CW"
        },
        {
            "AzimuthEnd": 138,
            "AzimuthMiddle": 30,
            "AzimuthStart": 309,
            "CPFSource": "22195_cpf_210922_7650.sdg",
            "CampaignTrack": false,
            "DateTimeEnd": "20210924.045726",
            "DateTimeMiddle": "20210924.042446",
            "DateTimeStart": "20210924.035136",
            "MaximumElevation": 89,
            "Object_NORAD": "22195",
            "Object_Name": "LAGEOS2",
            "Pass": "NO/SE-CW"
        },
        {
            "AzimuthEnd": 70,
            "AzimuthMiddle": 125,
            "AzimuthStart": 178,
            "CPFSource": "16908_cpf_210922_7650.sdg",
            "CampaignTrack": false,
            "DateTimeEnd": "20210924.044416",
            "DateTimeMiddle": "20210924.043636",
            "DateTimeStart": "20210924.042916",
            "MaximumElevation": 26,
            "Object_NORAD": "16908",
            "Object_Name": "EGS",
            "Pass": "SE/NE-CCW"
        },
        {
            "AzimuthEnd": 167,
            "AzimuthMiddle": 259,
            "AzimuthStart": 339,
            "CPFSource": "11111_cpf_210922_7650.sdg",
            "CampaignTrack": false,
            "DateTimeEnd": "20210924.045656",
            "DateTimeMiddle": "20210924.045116",
            "DateTimeStart": "20210924.044556",
            "MaximumElevation": 80,
            "Object_NORAD": "11111",
            "Object_Name": "POLARIS",
            "Pass": "NO/SE-CCW"
        },
        {
            "AzimuthEnd": 48,
            "AzimuthMiddle": 105,
            "AzimuthStart": 163,
            "CPFSource": "33105_cpf_210922_7650.sdg",
            "CampaignTrack": false,
            "DateTimeEnd": "20210924.054516",
            "DateTimeMiddle": "20210924.053816",
            "DateTimeStart": "20210924.053116",
            "MaximumElevation": 29,
            "Object_NORAD": "33105",
            "Object_Name": "JASON2",
            "Pass": "SE/NE-CCW"
        },
        {
            "AzimuthEnd": 336,
            "AzimuthMiddle": 259,
            "AzimuthStart": 183,
            "CPFSource": "39086_cpf_210922_7650.sdg",
            "CampaignTrack": false,
            "DateTimeEnd": "20210924.062326",
            "DateTimeMiddle": "20210924.061806",
            "DateTimeStart": "20210924.061256",
            "MaximumElevation": 51,
            "Object_NORAD": "39086",
            "Object_Name": "SARAL",
            "Pass": "SO/NO-CW"
        },
        {
            "AzimuthEnd": 51,
            "AzimuthMiddle": 300,
            "AzimuthStart": 230,
            "CPFSource": "16908_cpf_210922_7650.sdg",
            "CampaignTrack": false,
            "DateTimeEnd": "20210924.064706",
            "DateTimeMiddle": "20210924.063736",
            "DateTimeStart": "20210924.062826",
            "MaximumElevation": 87,
            "Object_NORAD": "16908",
            "Object_Name": "EGS",
            "Pass": "SO/NE-CW"
        },
        {
            "AzimuthEnd": 192,
            "AzimuthMiddle": 14,
            "AzimuthStart": 11,
            "CPFSource": "31698_cpf_210922_7650.sdg",
            "CampaignTrack": false,
            "DateTimeEnd": "20210924.065216",
            "DateTimeMiddle": "20210924.064816",
            "DateTimeStart": "20210924.064426",
            "MaximumElevation": 88,
            "Object_NORAD": "31698",
            "Object_Name": "TERRASARX",
            "Pass": "NE/SO-CW"
        },
        {
            "AzimuthEnd": 192,
            "AzimuthMiddle": 19,
            "AzimuthStart": 11,
            "CPFSource": "36605_cpf_210922_7650.sdg",
            "CampaignTrack": false,
            "DateTimeEnd": "20210924.065216",
            "DateTimeMiddle": "20210924.064816",
            "DateTimeStart": "20210924.064426",
            "MaximumElevation": 89,
            "Object_NORAD": "36605",
            "Object_Name": "TANDEMX",
            "Pass": "NE/SO-CW"
        },
        {
            "AzimuthEnd": 67,
            "AzimuthMiddle": 132,
            "AzimuthStart": 196,
            "CPFSource": "7646_cpf_210922_7650.sdg",
            "CampaignTrack": false,
            "DateTimeEnd": "20210924.070356",
            "DateTimeMiddle": "20210924.065816",
            "DateTimeStart": "20210924.065226",
            "MaximumElevation": 34,
            "Object_NORAD": "7646",
            "Object_Name": "STARLETTE",
            "Pass": "SO/NE-CCW"
        },
        {
            "AzimuthEnd": 21,
            "AzimuthMiddle": 305,
            "AzimuthStart": 225,
            "CPFSource": "33105_cpf_210922_7650.sdg",
            "CampaignTrack": false,
            "DateTimeEnd": "20210924.074116",
            "DateTimeMiddle": "20210924.073306",
            "DateTimeStart": "20210924.072456",
            "MaximumElevation": 56,
            "Object_NORAD": "33105",
            "Object_Name": "JASON2",
            "Pass": "SO/NE-CW"
        },
        {
            "AzimuthEnd": 211,
            "AzimuthMiddle": 256,
            "AzimuthStart": 299,
            "CPFSource": "22195_cpf_210922_7650.sdg",
            "CampaignTrack": false,
            "DateTimeEnd": "20210924.084226",
            "DateTimeMiddle": "20210924.082106",
            "DateTimeStart": "20210924.080036",
            "MaximumElevation": 21,
            "Object_NORAD": "22195",
            "Object_Name": "LAGEOS2",
            "Pass": "NO/SO-CCW"
        },
        {
            "AzimuthEnd": 52,
            "AzimuthMiddle": 343,
            "AzimuthStart": 274,
            "CPFSource": "16908_cpf_210922_7650.sdg",
            "CampaignTrack": false,
            "DateTimeEnd": "20210924.084916",
            "DateTimeMiddle": "20210924.084026",
            "DateTimeStart": "20210924.083146",
            "MaximumElevation": 40,
            "Object_NORAD": "16908",
            "Object_Name": "EGS",
            "Pass": "NO/NE-CW"
        },
        {
            "AzimuthEnd": 46,
            "AzimuthMiddle": 330,
            "AzimuthStart": 248,
            "CPFSource": "7646_cpf_210922_7650.sdg",
            "CampaignTrack": false,
            "DateTimeEnd": "20210924.085306",
            "DateTimeMiddle": "20210924.084716",
            "DateTimeStart": "20210924.084056",
            "MaximumElevation": 56,
            "Object_NORAD": "7646",
            "Object_Name": "STARLETTE",
            "Pass": "SO/NE-CW"
        },
        {
            "AzimuthEnd": 136,
            "AzimuthMiddle": 81,
            "AzimuthStart": 30,
            "CPFSource": "39452_cpf_210922_7650.sdg",
            "CampaignTrack": false,
            "DateTimeEnd": "20210924.085146",
            "DateTimeMiddle": "20210924.084856",
            "DateTimeStart": "20210924.084616",
            "MaximumElevation": 20,
            "Object_NORAD": "39452",
            "Object_Name": "SWARMA",
            "Pass": "NE/SE-CW"
        },
        {
            "AzimuthEnd": 136,
            "AzimuthMiddle": 82,
            "AzimuthStart": 31,
            "CPFSource": "39453_cpf_210922_7650.sdg",
            "CampaignTrack": false,
            "DateTimeEnd": "20210924.085146",
            "DateTimeMiddle": "20210924.084856",
            "DateTimeStart": "20210924.084616",
            "MaximumElevation": 20,
            "Object_NORAD": "39453",
            "Object_Name": "SWARMC",
            "Pass": "NE/SE-CW"
        },
        {
            "AzimuthEnd": 213,
            "AzimuthMiddle": 156,
            "AzimuthStart": 25,
            "CPFSource": "8820_cpf_210922_7650.sdg",
            "CampaignTrack": false,
            "DateTimeEnd": "20210924.101326",
            "DateTimeMiddle": "20210924.094336",
            "DateTimeStart": "20210924.091326",
            "MaximumElevation": 89,
            "Object_NORAD": "8820",
            "Object_Name": "LAGEOS1",
            "Pass": "NE/SO-CW"
        },
        {
            "AzimuthEnd": 117,
            "AzimuthMiddle": 53,
            "AzimuthStart": 351,
            "CPFSource": "38077_cpf_210922_7650.sdg",
            "CampaignTrack": false,
            "DateTimeEnd": "20210924.100036",
            "DateTimeMiddle": "20210924.095236",
            "DateTimeStart": "20210924.094446",
            "MaximumElevation": 33,
            "Object_NORAD": "38077",
            "Object_Name": "LARES",
            "Pass": "NO/SE-CW"
        },
        {
            "AzimuthEnd": 348,
            "AzimuthMiddle": 271,
            "AzimuthStart": 197,
            "CPFSource": "39451_cpf_210922_7650.sdg",
            "CampaignTrack": false,
            "DateTimeEnd": "20210924.100526",
            "DateTimeMiddle": "20210924.100136",
            "DateTimeStart": "20210924.095756",
            "MaximumElevation": 45,
            "Object_NORAD": "39451",
            "Object_Name": "SWARMB",
            "Pass": "SO/NO-CW"
        },
        {
            "AzimuthEnd": 43,
            "AzimuthMiddle": 348,
            "AzimuthStart": 294,
            "CPFSource": "7646_cpf_210922_7650.sdg",
            "CampaignTrack": false,
            "DateTimeEnd": "20210924.104206",
            "DateTimeMiddle": "20210924.103716",
            "DateTimeStart": "20210924.103226",
            "MaximumElevation": 23,
            "Object_NORAD": "7646",
            "Object_Name": "STARLETTE",
            "Pass": "NO/NE-CW"
        },
        {
            "AzimuthEnd": 75,
            "AzimuthMiddle": 9,
            "AzimuthStart": 303,
            "CPFSource": "16908_cpf_210922_7650.sdg",
            "CampaignTrack": false,
            "DateTimeEnd": "20210924.105256",
            "DateTimeMiddle": "20210924.104426",
            "DateTimeStart": "20210924.103556",
            "MaximumElevation": 36,
            "Object_NORAD": "16908",
            "Object_Name": "EGS",
            "Pass": "NO/NE-CW"
        },
        {
            "AzimuthEnd": 177,
            "AzimuthMiddle": 253,
            "AzimuthStart": 327,
            "CPFSource": "38077_cpf_210922_7650.sdg",
            "CampaignTrack": false,
            "DateTimeEnd": "20210924.115926",
            "DateTimeMiddle": "20210924.115046",
            "DateTimeStart": "20210924.114216",
            "MaximumElevation": 55,
            "Object_NORAD": "38077",
            "Object_Name": "LARES",
            "Pass": "NO/SE-CCW"
        },
        {
            "AzimuthEnd": 66,
            "AzimuthMiddle": 12,
            "AzimuthStart": 318,
            "CPFSource": "7646_cpf_210922_7650.sdg",
            "CampaignTrack": false,
            "DateTimeEnd": "20210924.123236",
            "DateTimeMiddle": "20210924.122756",
            "DateTimeStart": "20210924.122316",
            "MaximumElevation": 22,
            "Object_NORAD": "7646",
            "Object_Name": "STARLETTE",
            "Pass": "NO/NE-CW"
        },
        {
            "AzimuthEnd": 248,
            "AzimuthMiddle": 278,
            "AzimuthStart": 306,
            "CPFSource": "38250_cpf_210922_7650.sdg",
            "CampaignTrack": false,
            "DateTimeEnd": "20210924.141116",
            "DateTimeMiddle": "20210924.132046",
            "DateTimeStart": "20210924.123036",
            "MaximumElevation": 47,
            "Object_NORAD": "38250",
            "Object_Name": "BEIDOU12",
            "Pass": "NO/SO-CCW"
        },
        {
            "AzimuthEnd": 116,
            "AzimuthMiddle": 30,
            "AzimuthStart": 309,
            "CPFSource": "16908_cpf_210922_7650.sdg",
            "CampaignTrack": false,
            "DateTimeEnd": "20210924.125706",
            "DateTimeMiddle": "20210924.124736",
            "DateTimeStart": "20210924.123826",
            "MaximumElevation": 68,
            "Object_NORAD": "16908",
            "Object_Name": "EGS",
            "Pass": "NO/SE-CW"
        },
        {
            "AzimuthEnd": 281,
            "AzimuthMiddle": 337,
            "AzimuthStart": 33,
            "CPFSource": "8820_cpf_210922_7650.sdg",
            "CampaignTrack": false,
            "DateTimeEnd": "20210924.133326",
            "DateTimeMiddle": "20210924.130926",
            "DateTimeStart": "20210924.124546",
            "MaximumElevation": 35,
            "Object_NORAD": "8820",
            "Object_Name": "LAGEOS1",
            "Pass": "NE/NO-CW"
        },
        {
            "AzimuthEnd": 22,
            "AzimuthMiddle": 77,
            "AzimuthStart": 128,
            "CPFSource": "36508_cpf_210922_7650.sdg",
            "CampaignTrack": false,
            "DateTimeEnd": "20210924.135216",
            "DateTimeMiddle": "20210924.134806",
            "DateTimeStart": "20210924.134416",
            "MaximumElevation": 23,
            "Object_NORAD": "36508",
            "Object_Name": "CRYOSAT2",
            "Pass": "SE/NE-CCW"
        },
        {
            "AzimuthEnd": 168,
            "AzimuthMiddle": 96,
            "AzimuthStart": 28,
            "CPFSource": "27944_cpf_210922_7650.sdg",
            "CampaignTrack": false,
            "DateTimeEnd": "20210924.141956",
            "DateTimeMiddle": "20210924.141516",
            "DateTimeStart": "20210924.141056",
            "MaximumElevation": 39,
            "Object_NORAD": "27944",
            "Object_Name": "LARETS",
            "Pass": "NE/SE-CW"
        },
        {
            "AzimuthEnd": 112,
            "AzimuthMiddle": 29,
            "AzimuthStart": 313,
            "CPFSource": "7646_cpf_210922_7650.sdg",
            "CampaignTrack": false,
            "DateTimeEnd": "20210924.142336",
            "DateTimeMiddle": "20210924.141746",
            "DateTimeStart": "20210924.141216",
            "MaximumElevation": 56,
            "Object_NORAD": "7646",
            "Object_Name": "STARLETTE",
            "Pass": "NO/SE-CW"
        },
        {
            "AzimuthEnd": 165,
            "AzimuthMiddle": 231,
            "AzimuthStart": 296,
            "CPFSource": "16908_cpf_210922_7650.sdg",
            "CampaignTrack": false,
            "DateTimeEnd": "20210924.145736",
            "DateTimeMiddle": "20210924.144906",
            "DateTimeStart": "20210924.144046",
            "MaximumElevation": 39,
            "Object_NORAD": "16908",
            "Object_Name": "EGS",
            "Pass": "NO/SE-CCW"
        },
        {
            "AzimuthEnd": 83,
            "AzimuthMiddle": 135,
            "AzimuthStart": 190,
            "CPFSource": "1328_cpf_210922_7650.sdg",
            "CampaignTrack": false,
            "DateTimeEnd": "20210924.152036",
            "DateTimeMiddle": "20210924.151436",
            "DateTimeStart": "20210924.150906",
            "MaximumElevation": 24,
            "Object_NORAD": "1328",
            "Object_Name": "EXPLORER27",
            "Pass": "SO/NE-CCW"
        },
        {
            "AzimuthEnd": 128,
            "AzimuthMiddle": 55,
            "AzimuthStart": 340,
            "CPFSource": "33105_cpf_210922_7650.sdg",
            "CampaignTrack": false,
            "DateTimeEnd": "20210924.153626",
            "DateTimeMiddle": "20210924.152826",
            "DateTimeStart": "20210924.152026",
            "MaximumElevation": 47,
            "Object_NORAD": "33105",
            "Object_Name": "JASON2",
            "Pass": "NO/SE-CW"
        },
        {
            "AzimuthEnd": 334,
            "AzimuthMiddle": 270,
            "AzimuthStart": 208,
            "CPFSource": "36508_cpf_210922_7650.sdg",
            "CampaignTrack": false,
            "DateTimeEnd": "20210924.153126",
            "DateTimeMiddle": "20210924.152646",
            "DateTimeStart": "20210924.152226",
            "MaximumElevation": 30,
            "Object_NORAD": "36508",
            "Object_Name": "CRYOSAT2",
            "Pass": "SO/NO-CW"
        },
        {
            "AzimuthEnd": 167,
            "AzimuthMiddle": 228,
            "AzimuthStart": 289,
            "CPFSource": "7646_cpf_210922_7650.sdg",
            "CampaignTrack": false,
            "DateTimeEnd": "20210924.161146",
            "DateTimeMiddle": "20210924.160636",
            "DateTimeStart": "20210924.160136",
            "MaximumElevation": 29,
            "Object_NORAD": "7646",
            "Object_Name": "STARLETTE",
            "Pass": "NO/SE-CCW"
        },
        {
            "AzimuthEnd": 328,
            "AzimuthMiddle": 24,
            "AzimuthStart": 82,
            "CPFSource": "8820_cpf_210922_7650.sdg",
            "CampaignTrack": false,
            "DateTimeEnd": "20210924.165226",
            "DateTimeMiddle": "20210924.162816",
            "DateTimeStart": "20210924.160406",
            "MaximumElevation": 37,
            "Object_NORAD": "8820",
            "Object_Name": "LAGEOS1",
            "Pass": "NE/NO-CW"
        },
        {
            "AzimuthEnd": 69,
            "AzimuthMiddle": 148,
            "AzimuthStart": 238,
            "CPFSource": "1328_cpf_210922_7650.sdg",
            "CampaignTrack": false,
            "DateTimeEnd": "20210924.171536",
            "DateTimeMiddle": "20210924.170736",
            "DateTimeStart": "20210924.170026",
            "MaximumElevation": 77,
            "Object_NORAD": "1328",
            "Object_Name": "EXPLORER27",
            "Pass": "SO/NE-CCW"
        },
        {
            "AzimuthEnd": 188,
            "AzimuthMiddle": 252,
            "AzimuthStart": 315,
            "CPFSource": "33105_cpf_210922_7650.sdg",
            "CampaignTrack": false,
            "DateTimeEnd": "20210924.173056",
            "DateTimeMiddle": "20210924.172326",
            "DateTimeStart": "20210924.171606",
            "MaximumElevation": 35,
            "Object_NORAD": "33105",
            "Object_Name": "JASON2",
            "Pass": "NO/SO-CCW"
        },
        {
            "AzimuthEnd": 12,
            "AzimuthMiddle": 70,
            "AzimuthStart": 130,
            "CPFSource": "36605_cpf_210922_7650.sdg",
            "CampaignTrack": false,
            "DateTimeEnd": "20210924.172806",
            "DateTimeMiddle": "20210924.172446",
            "DateTimeStart": "20210924.172126",
            "MaximumElevation": 25,
            "Object_NORAD": "36605",
            "Object_Name": "TANDEMX",
            "Pass": "SE/NE-CCW"
        },
        {
            "AzimuthEnd": 12,
            "AzimuthMiddle": 70,
            "AzimuthStart": 129,
            "CPFSource": "31698_cpf_210922_7650.sdg",
            "CampaignTrack": false,
            "DateTimeEnd": "20210924.172806",
            "DateTimeMiddle": "20210924.172446",
            "DateTimeStart": "20210924.172136",
            "MaximumElevation": 25,
            "Object_NORAD": "31698",
            "Object_Name": "TERRASARX",
            "Pass": "SE/NE-CCW"
        },
        {
            "AzimuthEnd": 30,
            "AzimuthMiddle": 100,
            "AzimuthStart": 173,
            "CPFSource": "11111_cpf_210922_7650.sdg",
            "CampaignTrack": false,
            "DateTimeEnd": "20210924.175036",
            "DateTimeMiddle": "20210924.174526",
            "DateTimeStart": "20210924.174016",
            "MaximumElevation": 44,
            "Object_NORAD": "11111",
            "Object_Name": "POLARIS",
            "Pass": "SE/NE-CCW"
        },
        {
            "AzimuthEnd": 50,
            "AzimuthMiddle": 111,
            "AzimuthStart": 175,
            "CPFSource": "22195_cpf_210922_7650.sdg",
            "CampaignTrack": false,
            "DateTimeEnd": "20210924.184126",
            "DateTimeMiddle": "20210924.181246",
            "DateTimeStart": "20210924.174236",
            "MaximumElevation": 40,
            "Object_NORAD": "22195",
            "Object_Name": "LAGEOS2",
            "Pass": "SE/NE-CCW"
        },
        {
            "AzimuthEnd": 186,
            "AzimuthMiddle": 108,
            "AzimuthStart": 17,
            "CPFSource": "39086_cpf_210922_7650.sdg",
            "CampaignTrack": false,
            "DateTimeEnd": "20210924.183756",
            "DateTimeMiddle": "20210924.183236",
            "DateTimeStart": "20210924.182716",
            "MaximumElevation": 69,
            "Object_NORAD": "39086",
            "Object_Name": "SARAL",
            "Pass": "NE/SO-CW"
        },
        {
            "AzimuthEnd": 75,
            "AzimuthMiddle": 354,
            "AzimuthStart": 271,
            "CPFSource": "1328_cpf_210922_7650.sdg",
            "CampaignTrack": false,
            "DateTimeEnd": "20210924.191006",
            "DateTimeMiddle": "20210924.190146",
            "DateTimeStart": "20210924.185416",
            "MaximumElevation": 63,
            "Object_NORAD": "1328",
            "Object_Name": "EXPLORER27",
            "Pass": "NO/NE-CW"
        },
        {
            "AzimuthEnd": 347,
            "AzimuthMiddle": 297,
            "AzimuthStart": 249,
            "CPFSource": "11111_cpf_210922_7650.sdg",
            "CampaignTrack": false,
            "DateTimeEnd": "20210924.193156",
            "DateTimeMiddle": "20210924.192746",
            "DateTimeStart": "20210924.192346",
            "MaximumElevation": 20,
            "Object_NORAD": "11111",
            "Object_Name": "POLARIS",
            "Pass": "SO/NO-CW"
        },
        {
            "AzimuthEnd": 334,
            "AzimuthMiddle": 241,
            "AzimuthStart": 150,
            "CPFSource": "8820_cpf_210922_7650.sdg",
            "CampaignTrack": false,
            "DateTimeEnd": "20210924.202506",
            "DateTimeMiddle": "20210924.195456",
            "DateTimeStart": "20210924.192536",
            "MaximumElevation": 84,
            "Object_NORAD": "8820",
            "Object_Name": "LAGEOS1",
            "Pass": "SE/NO-CW"
        },
        {
            "AzimuthEnd": 98,
            "AzimuthMiddle": 15,
            "AzimuthStart": 288,
            "CPFSource": "1328_cpf_210922_7650.sdg",
            "CampaignTrack": false,
            "DateTimeEnd": "20210924.210506",
            "DateTimeMiddle": "20210924.205626",
            "DateTimeStart": "20210924.204826",
            "MaximumElevation": 71,
            "Object_NORAD": "1328",
            "Object_Name": "EXPLORER27",
            "Pass": "NO/SE-CW"
        },
        {
            "AzimuthEnd": 186,
            "AzimuthMiddle": 274,
            "AzimuthStart": 355,
            "CPFSource": "39451_cpf_210922_7650.sdg",
            "CampaignTrack": false,
            "DateTimeEnd": "20210924.213626",
            "DateTimeMiddle": "20210924.213226",
            "DateTimeStart": "20210924.212836",
            "MaximumElevation": 73,
            "Object_NORAD": "39451",
            "Object_Name": "SWARMB",
            "Pass": "NO/SO-CCW"
        },
        {
            "AzimuthEnd": 57,
            "AzimuthMiddle": 327,
            "AzimuthStart": 240,
            "CPFSource": "22195_cpf_210922_7650.sdg",
            "CampaignTrack": false,
            "DateTimeEnd": "20210924.224736",
            "DateTimeMiddle": "20210924.221346",
            "DateTimeStart": "20210924.213916",
            "MaximumElevation": 71,
            "Object_NORAD": "22195",
            "Object_Name": "LAGEOS2",
            "Pass": "SO/NE-CW"
        },
        {
            "AzimuthEnd": 333,
            "AzimuthMiddle": 277,
            "AzimuthStart": 220,
            "CPFSource": "39452_cpf_210922_7650.sdg",
            "CampaignTrack": false,
            "DateTimeEnd": "20210924.222326",
            "DateTimeMiddle": "20210924.222026",
            "DateTimeStart": "20210924.221736",
            "MaximumElevation": 22,
            "Object_NORAD": "39452",
            "Object_Name": "SWARMA",
            "Pass": "SO/NO-CW"
        },
        {
            "AzimuthEnd": 332,
            "AzimuthMiddle": 278,
            "AzimuthStart": 220,
            "CPFSource": "39453_cpf_210922_7650.sdg",
            "CampaignTrack": false,
            "DateTimeEnd": "20210924.222316",
            "DateTimeMiddle": "20210924.222026",
            "DateTimeStart": "20210924.221736",
            "MaximumElevation": 22,
            "Object_NORAD": "39453",
            "Object_Name": "SWARMC",
            "Pass": "SO/NO-CW"
        },
        {
            "AzimuthEnd": 70,
            "AzimuthMiddle": 76,
            "AzimuthStart": 83,
            "CPFSource": "38250_cpf_210922_7650.sdg",
            "CampaignTrack": false,
            "DateTimeEnd": "20210924.230226",
            "DateTimeMiddle": "20210924.225016",
            "DateTimeStart": "20210924.223806",
            "MaximumElevation": 40,
            "Object_NORAD": "38250",
            "Object_Name": "BEIDOU12",
            "Pass": "NE/NE-CCW"
        },
        {
            "AzimuthEnd": 133,
            "AzimuthMiddle": 208,
            "AzimuthStart": 288,
            "CPFSource": "1328_cpf_210922_7650.sdg",
            "CampaignTrack": false,
            "DateTimeEnd": "20210924.225906",
            "DateTimeMiddle": "20210924.225036",
            "DateTimeStart": "20210924.224226",
            "MaximumElevation": 60,
            "Object_NORAD": "1328",
            "Object_Name": "EXPLORER27",
            "Pass": "NO/SE-CCW"
        }
    ]
}
