{
    "CreationDateTime": "20230321.121716",
    "PredictionsArray": [
        {
            "AzimuthEnd": 338,
            "AzimuthMiddle": 283,
            "AzimuthStart": 225,
            "CPFSource": "25615_cpf_230321_5801.tjr",
            "CampaignTrack": false,
            "DateTimeEnd": "20230321.130213",
            "DateTimeMiddle": "20230321.125753",
            "DateTimeStart": "20230321.125333",
            "MaximumElevation": 25,
            "Object_NORAD": "25615",
            "Object_Name": "USA141",
            "Pass": "SO/NO-CW"
        },
        {
            "AzimuthEnd": 346,
            "AzimuthMiddle": 270,
            "AzimuthStart": 198,
            "CPFSource": "43476_cpf_230321_5801.tjr",
            "CampaignTrack": false,
            "DateTimeEnd": "20230321.130103",
            "DateTimeMiddle": "20230321.125723",
            "DateTimeStart": "20230321.125353",
            "MaximumElevation": 43,
            "Object_NORAD": "43476",
            "Object_Name": "GRACEFO1",
            "Pass": "SO/NO-CW"
        },
        {
            "AzimuthEnd": 346,
            "AzimuthMiddle": 268,
            "AzimuthStart": 198,
            "CPFSource": "43477_cpf_230321_5801.tjr",
            "CampaignTrack": false,
            "DateTimeEnd": "20230321.130133",
            "DateTimeMiddle": "20230321.125743",
            "DateTimeStart": "20230321.125413",
            "MaximumElevation": 42,
            "Object_NORAD": "43477",
            "Object_Name": "GRACEFO2",
            "Pass": "SO/NO-CW"
        },
        {
            "AzimuthEnd": 35,
            "AzimuthMiddle": 112,
            "AzimuthStart": 191,
            "CPFSource": "33105_cpf_230321_5801.tjr",
            "CampaignTrack": false,
            "DateTimeEnd": "20230321.144253",
            "DateTimeMiddle": "20230321.143443",
            "DateTimeStart": "20230321.142643",
            "MaximumElevation": 61,
            "Object_NORAD": "33105",
            "Object_Name": "JASON2",
            "Pass": "SO/NE-CCW"
        },
        {
            "AzimuthEnd": 33,
            "AzimuthMiddle": 117,
            "AzimuthStart": 196,
            "CPFSource": "26997_cpf_230321_5801.tjr",
            "CampaignTrack": false,
            "DateTimeEnd": "20230321.151823",
            "DateTimeMiddle": "20230321.150953",
            "DateTimeStart": "20230321.150143",
            "MaximumElevation": 70,
            "Object_NORAD": "26997",
            "Object_Name": "JASON1",
            "Pass": "SO/NE-CCW"
        },
        {
            "AzimuthEnd": 334,
            "AzimuthMiddle": 264,
            "AzimuthStart": 190,
            "CPFSource": "28931_cpf_230321_5801.tjr",
            "CampaignTrack": false,
            "DateTimeEnd": "20230321.152313",
            "DateTimeMiddle": "20230321.151833",
            "DateTimeStart": "20230321.151403",
            "MaximumElevation": 42,
            "Object_NORAD": "28931",
            "Object_Name": "ALOS",
            "Pass": "SO/NO-CW"
        },
        {
            "AzimuthEnd": 14,
            "AzimuthMiddle": 311,
            "AzimuthStart": 252,
            "CPFSource": "33105_cpf_230321_5801.tjr",
            "CampaignTrack": false,
            "DateTimeEnd": "20230321.163753",
            "DateTimeMiddle": "20230321.163023",
            "DateTimeStart": "20230321.162323",
            "MaximumElevation": 30,
            "Object_NORAD": "33105",
            "Object_Name": "JASON2",
            "Pass": "SO/NE-CW"
        },
        {
            "AzimuthEnd": 14,
            "AzimuthMiddle": 64,
            "AzimuthStart": 113,
            "CPFSource": "43655_cpf_230321_5801.tjr",
            "CampaignTrack": false,
            "DateTimeEnd": "20230321.165323",
            "DateTimeMiddle": "20230321.164833",
            "DateTimeStart": "20230321.164353",
            "MaximumElevation": 22,
            "Object_NORAD": "43655",
            "Object_Name": "HAIYANG2B",
            "Pass": "SE/NE-CCW"
        },
        {
            "AzimuthEnd": 16,
            "AzimuthMiddle": 84,
            "AzimuthStart": 148,
            "CPFSource": "28230_cpf_230321_5801.tjr",
            "CampaignTrack": false,
            "DateTimeEnd": "20230321.170033",
            "DateTimeMiddle": "20230321.165613",
            "DateTimeStart": "20230321.165213",
            "MaximumElevation": 35,
            "Object_NORAD": "28230",
            "Object_Name": "GPB",
            "Pass": "SE/NE-CCW"
        },
        {
            "AzimuthEnd": 12,
            "AzimuthMiddle": 314,
            "AzimuthStart": 257,
            "CPFSource": "26997_cpf_230321_5801.tjr",
            "CampaignTrack": false,
            "DateTimeEnd": "20230321.171323",
            "DateTimeMiddle": "20230321.170613",
            "DateTimeStart": "20230321.165923",
            "MaximumElevation": 27,
            "Object_NORAD": "26997",
            "Object_Name": "JASON1",
            "Pass": "SO/NE-CW"
        },
        {
            "AzimuthEnd": 75,
            "AzimuthMiddle": 142,
            "AzimuthStart": 209,
            "CPFSource": "1328_cpf_230321_5801.tjr",
            "CampaignTrack": false,
            "DateTimeEnd": "20230321.172323",
            "DateTimeMiddle": "20230321.171533",
            "DateTimeStart": "20230321.170823",
            "MaximumElevation": 41,
            "Object_NORAD": "1328",
            "Object_Name": "EXPLORER27",
            "Pass": "SO/NE-CCW"
        },
        {
            "AzimuthEnd": 352,
            "AzimuthMiddle": 77,
            "AzimuthStart": 153,
            "CPFSource": "37781_cpf_230321_5801.tjr",
            "CampaignTrack": false,
            "DateTimeEnd": "20230321.173653",
            "DateTimeMiddle": "20230321.173033",
            "DateTimeStart": "20230321.172433",
            "MaximumElevation": 65,
            "Object_NORAD": "37781",
            "Object_Name": "HAIYANG2A",
            "Pass": "SE/NO-CW"
        },
        {
            "AzimuthEnd": 357,
            "AzimuthMiddle": 71,
            "AzimuthStart": 155,
            "CPFSource": "31698_cpf_230321_5801.tjr",
            "CampaignTrack": false,
            "DateTimeEnd": "20230321.175413",
            "DateTimeMiddle": "20230321.175023",
            "DateTimeStart": "20230321.174633",
            "MaximumElevation": 57,
            "Object_NORAD": "31698",
            "Object_Name": "TERRASARX",
            "Pass": "SE/NO-CW"
        },
        {
            "AzimuthEnd": 357,
            "AzimuthMiddle": 82,
            "AzimuthStart": 155,
            "CPFSource": "36605_cpf_230321_5801.tjr",
            "CampaignTrack": false,
            "DateTimeEnd": "20230321.175413",
            "DateTimeMiddle": "20230321.175013",
            "DateTimeStart": "20230321.174633",
            "MaximumElevation": 56,
            "Object_NORAD": "36605",
            "Object_Name": "TANDEMX",
            "Pass": "SE/NO-CW"
        },
        {
            "AzimuthEnd": 353,
            "AzimuthMiddle": 75,
            "AzimuthStart": 153,
            "CPFSource": "41579_cpf_230321_5801.tjr",
            "CampaignTrack": false,
            "DateTimeEnd": "20230321.180803",
            "DateTimeMiddle": "20230321.180153",
            "DateTimeStart": "20230321.175553",
            "MaximumElevation": 64,
            "Object_NORAD": "41579",
            "Object_Name": "COSMOS2517",
            "Pass": "SE/NO-CW"
        },
        {
            "AzimuthEnd": 337,
            "AzimuthMiddle": 262,
            "AzimuthStart": 182,
            "CPFSource": "43655_cpf_230321_5801.tjr",
            "CampaignTrack": false,
            "DateTimeEnd": "20230321.183723",
            "DateTimeMiddle": "20230321.183113",
            "DateTimeStart": "20230321.182503",
            "MaximumElevation": 53,
            "Object_NORAD": "43655",
            "Object_Name": "HAIYANG2B",
            "Pass": "SO/NO-CW"
        },
        {
            "AzimuthEnd": 29,
            "AzimuthMiddle": 124,
            "AzimuthStart": 206,
            "CPFSource": "46984_cpf_230321_5801.tjr",
            "CampaignTrack": false,
            "DateTimeEnd": "20230321.184513",
            "DateTimeMiddle": "20230321.183633",
            "DateTimeStart": "20230321.182813",
            "MaximumElevation": 89,
            "Object_NORAD": "46984",
            "Object_Name": "SENTINEL6A",
            "Pass": "SO/NE-CCW"
        },
        {
            "AzimuthEnd": 69,
            "AzimuthMiddle": 333,
            "AzimuthStart": 250,
            "CPFSource": "1328_cpf_230321_5801.tjr",
            "CampaignTrack": false,
            "DateTimeEnd": "20230321.191803",
            "DateTimeMiddle": "20230321.190913",
            "DateTimeStart": "20230321.190103",
            "MaximumElevation": 85,
            "Object_NORAD": "1328",
            "Object_Name": "EXPLORER27",
            "Pass": "SO/NE-CW"
        },
        {
            "AzimuthEnd": 218,
            "AzimuthMiddle": 287,
            "AzimuthStart": 355,
            "CPFSource": "42829_cpf_230321_5801.tjr",
            "CampaignTrack": false,
            "DateTimeEnd": "20230321.201753",
            "DateTimeMiddle": "20230321.201352",
            "DateTimeStart": "20230321.201003",
            "MaximumElevation": 38,
            "Object_NORAD": "42829",
            "Object_Name": "TECHNOSAT",
            "Pass": "NO/SO-CCW"
        },
        {
            "AzimuthEnd": 8,
            "AzimuthMiddle": 318,
            "AzimuthStart": 268,
            "CPFSource": "46984_cpf_230321_5801.tjr",
            "CampaignTrack": false,
            "DateTimeEnd": "20230321.204002",
            "DateTimeMiddle": "20230321.203332",
            "DateTimeStart": "20230321.202712",
            "MaximumElevation": 22,
            "Object_NORAD": "46984",
            "Object_Name": "SENTINEL6A",
            "Pass": "SO/NE-CW"
        },
        {
            "AzimuthEnd": 81,
            "AzimuthMiddle": 359,
            "AzimuthStart": 278,
            "CPFSource": "1328_cpf_230321_5801.tjr",
            "CampaignTrack": false,
            "DateTimeEnd": "20230321.211232",
            "DateTimeMiddle": "20230321.210352",
            "DateTimeStart": "20230321.205532",
            "MaximumElevation": 63,
            "Object_NORAD": "1328",
            "Object_Name": "EXPLORER27",
            "Pass": "NO/NE-CW"
        },
        {
            "AzimuthEnd": 1,
            "AzimuthMiddle": 79,
            "AzimuthStart": 149,
            "CPFSource": "44083_cpf_230321_5801.tjr",
            "CampaignTrack": false,
            "DateTimeEnd": "20230321.211312",
            "DateTimeMiddle": "20230321.210932",
            "DateTimeStart": "20230321.210612",
            "MaximumElevation": 44,
            "Object_NORAD": "44083",
            "Object_Name": "ASTROCSTP2",
            "Pass": "SE/NE-CCW"
        },
        {
            "AzimuthEnd": 359,
            "AzimuthMiddle": 70,
            "AzimuthStart": 144,
            "CPFSource": "43437_cpf_230321_5801.tjr",
            "CampaignTrack": false,
            "DateTimeEnd": "20230321.213442",
            "DateTimeMiddle": "20230321.212922",
            "DateTimeStart": "20230321.212412",
            "MaximumElevation": 46,
            "Object_NORAD": "43437",
            "Object_Name": "SENTINEL3B",
            "Pass": "SE/NO-CW"
        },
        {
            "AzimuthEnd": 330,
            "AzimuthMiddle": 276,
            "AzimuthStart": 227,
            "CPFSource": "39452_cpf_230321_5801.tjr",
            "CampaignTrack": false,
            "DateTimeEnd": "20230321.214352",
            "DateTimeMiddle": "20230321.214052",
            "DateTimeStart": "20230321.213812",
            "MaximumElevation": 20,
            "Object_NORAD": "39452",
            "Object_Name": "SWARMA",
            "Pass": "SO/NO-CW"
        },
        {
            "AzimuthEnd": 344,
            "AzimuthMiddle": 247,
            "AzimuthStart": 171,
            "CPFSource": "41335_cpf_230321_5801.tjr",
            "CampaignTrack": false,
            "DateTimeEnd": "20230321.221332",
            "DateTimeMiddle": "20230321.220752",
            "DateTimeStart": "20230321.220232",
            "MaximumElevation": 75,
            "Object_NORAD": "41335",
            "Object_Name": "SENTINEL3A",
            "Pass": "SE/NO-CW"
        },
        {
            "AzimuthEnd": 91,
            "AzimuthMiddle": 42,
            "AzimuthStart": 353,
            "CPFSource": "33105_cpf_230321_5801.tjr",
            "CampaignTrack": false,
            "DateTimeEnd": "20230321.223522",
            "DateTimeMiddle": "20230321.222902",
            "DateTimeStart": "20230321.222252",
            "MaximumElevation": 21,
            "Object_NORAD": "33105",
            "Object_Name": "JASON2",
            "Pass": "NO/SE-CW"
        },
        {
            "AzimuthEnd": 330,
            "AzimuthMiddle": 263,
            "AzimuthStart": 196,
            "CPFSource": "43798_cpf_230321_5801.tjr",
            "CampaignTrack": false,
            "DateTimeEnd": "20230321.223142",
            "DateTimeMiddle": "20230321.222752",
            "DateTimeStart": "20230321.222412",
            "MaximumElevation": 33,
            "Object_NORAD": "43798",
            "Object_Name": "ASTROCSTP1",
            "Pass": "SO/NO-CW"
        },
        {
            "AzimuthEnd": 108,
            "AzimuthMiddle": 13,
            "AzimuthStart": 291,
            "CPFSource": "1328_cpf_230321_5801.tjr",
            "CampaignTrack": false,
            "DateTimeEnd": "20230321.230702",
            "DateTimeMiddle": "20230321.225832",
            "DateTimeStart": "20230321.225002",
            "MaximumElevation": 82,
            "Object_NORAD": "1328",
            "Object_Name": "EXPLORER27",
            "Pass": "NO/SE-CW"
        },
        {
            "AzimuthEnd": 98,
            "AzimuthMiddle": 45,
            "AzimuthStart": 351,
            "CPFSource": "26997_cpf_230321_5801.tjr",
            "CampaignTrack": false,
            "DateTimeEnd": "20230321.231242",
            "DateTimeMiddle": "20230321.230602",
            "DateTimeStart": "20230321.225922",
            "MaximumElevation": 24,
            "Object_NORAD": "26997",
            "Object_Name": "JASON1",
            "Pass": "NO/SE-CW"
        },
        {
            "AzimuthEnd": 149,
            "AzimuthMiddle": 96,
            "AzimuthStart": 42,
            "CPFSource": "43186_cpf_230321_5801.tjr",
            "CampaignTrack": false,
            "DateTimeEnd": "20230321.231112",
            "DateTimeMiddle": "20230321.230752",
            "DateTimeStart": "20230321.230432",
            "MaximumElevation": 22,
            "Object_NORAD": "43186",
            "Object_Name": "SNETD",
            "Pass": "NE/SE-CW"
        },
        {
            "AzimuthEnd": 151,
            "AzimuthMiddle": 94,
            "AzimuthStart": 41,
            "CPFSource": "43187_cpf_230321_5801.tjr",
            "CampaignTrack": false,
            "DateTimeEnd": "20230321.231212",
            "DateTimeMiddle": "20230321.230842",
            "DateTimeStart": "20230321.230522",
            "MaximumElevation": 23,
            "Object_NORAD": "43187",
            "Object_Name": "SNETB",
            "Pass": "NE/SE-CW"
        },
        {
            "AzimuthEnd": 152,
            "AzimuthMiddle": 97,
            "AzimuthStart": 42,
            "CPFSource": "43188_cpf_230321_5801.tjr",
            "CampaignTrack": false,
            "DateTimeEnd": "20230321.231242",
            "DateTimeMiddle": "20230321.230912",
            "DateTimeStart": "20230321.230552",
            "MaximumElevation": 23,
            "Object_NORAD": "43188",
            "Object_Name": "SNETA",
            "Pass": "NE/SE-CW"
        },
        {
            "AzimuthEnd": 154,
            "AzimuthMiddle": 97,
            "AzimuthStart": 39,
            "CPFSource": "43189_cpf_230321_5801.tjr",
            "CampaignTrack": false,
            "DateTimeEnd": "20230321.231452",
            "DateTimeMiddle": "20230321.231122",
            "DateTimeStart": "20230321.230752",
            "MaximumElevation": 24,
            "Object_NORAD": "43189",
            "Object_Name": "SNETC",
            "Pass": "NE/SE-CW"
        },
        {
            "AzimuthEnd": 173,
            "AzimuthMiddle": 88,
            "AzimuthStart": 359,
            "CPFSource": "25615_cpf_230321_5801.tjr",
            "CampaignTrack": false,
            "DateTimeEnd": "20230321.233022",
            "DateTimeMiddle": "20230321.232502",
            "DateTimeStart": "20230321.231952",
            "MaximumElevation": 79,
            "Object_NORAD": "25615",
            "Object_Name": "USA141",
            "Pass": "NO/SE-CW"
        },
        {
            "AzimuthEnd": 227,
            "AzimuthMiddle": 283,
            "AzimuthStart": 334,
            "CPFSource": "43613_cpf_230321_5801.tjr",
            "CampaignTrack": false,
            "DateTimeEnd": "20230321.233142",
            "DateTimeMiddle": "20230321.232832",
            "DateTimeStart": "20230321.232542",
            "MaximumElevation": 22,
            "Object_NORAD": "43613",
            "Object_Name": "ICESAT2",
            "Pass": "NO/SO-CCW"
        },
        {
            "AzimuthEnd": 153,
            "AzimuthMiddle": 120,
            "AzimuthStart": 332,
            "CPFSource": "33105_cpf_230321_5801.tjr",
            "CampaignTrack": false,
            "DateTimeEnd": "20230322.003352",
            "DateTimeMiddle": "20230322.002532",
            "DateTimeStart": "20230322.001712",
            "MaximumElevation": 88,
            "Object_NORAD": "33105",
            "Object_Name": "JASON2",
            "Pass": "NO/SE-CW"
        },
        {
            "AzimuthEnd": 181,
            "AzimuthMiddle": 87,
            "AzimuthStart": 2,
            "CPFSource": "43476_cpf_230321_5801.tjr",
            "CampaignTrack": false,
            "DateTimeEnd": "20230322.003042",
            "DateTimeMiddle": "20230322.002642",
            "DateTimeStart": "20230322.002252",
            "MaximumElevation": 85,
            "Object_NORAD": "43476",
            "Object_Name": "GRACEFO1",
            "Pass": "NE/SO-CW"
        },
        {
            "AzimuthEnd": 181,
            "AzimuthMiddle": 55,
            "AzimuthStart": 2,
            "CPFSource": "43477_cpf_230321_5801.tjr",
            "CampaignTrack": false,
            "DateTimeEnd": "20230322.003102",
            "DateTimeMiddle": "20230322.002702",
            "DateTimeStart": "20230322.002322",
            "MaximumElevation": 85,
            "Object_NORAD": "43477",
            "Object_Name": "GRACEFO2",
            "Pass": "NE/SO-CW"
        },
        {
            "AzimuthEnd": 234,
            "AzimuthMiddle": 288,
            "AzimuthStart": 343,
            "CPFSource": "43186_cpf_230321_5801.tjr",
            "CampaignTrack": false,
            "DateTimeEnd": "20230322.004622",
            "DateTimeMiddle": "20230322.004252",
            "DateTimeStart": "20230322.003932",
            "MaximumElevation": 23,
            "Object_NORAD": "43186",
            "Object_Name": "SNETD",
            "Pass": "NO/SO-CCW"
        },
        {
            "AzimuthEnd": 235,
            "AzimuthMiddle": 291,
            "AzimuthStart": 344,
            "CPFSource": "43187_cpf_230321_5801.tjr",
            "CampaignTrack": false,
            "DateTimeEnd": "20230322.004712",
            "DateTimeMiddle": "20230322.004342",
            "DateTimeStart": "20230322.004022",
            "MaximumElevation": 23,
            "Object_NORAD": "43187",
            "Object_Name": "SNETB",
            "Pass": "NO/SO-CCW"
        },
        {
            "AzimuthEnd": 235,
            "AzimuthMiddle": 292,
            "AzimuthStart": 343,
            "CPFSource": "43188_cpf_230321_5801.tjr",
            "CampaignTrack": false,
            "DateTimeEnd": "20230322.004732",
            "DateTimeMiddle": "20230322.004402",
            "DateTimeStart": "20230322.004052",
            "MaximumElevation": 23,
            "Object_NORAD": "43188",
            "Object_Name": "SNETA",
            "Pass": "NO/SO-CCW"
        },
        {
            "AzimuthEnd": 238,
            "AzimuthMiddle": 291,
            "AzimuthStart": 341,
            "CPFSource": "43189_cpf_230321_5801.tjr",
            "CampaignTrack": false,
            "DateTimeEnd": "20230322.004932",
            "DateTimeMiddle": "20230322.004612",
            "DateTimeStart": "20230322.004302",
            "MaximumElevation": 21,
            "Object_NORAD": "43189",
            "Object_Name": "SNETC",
            "Pass": "NO/SO-CCW"
        },
        {
            "AzimuthEnd": 147,
            "AzimuthMiddle": 217,
            "AzimuthStart": 286,
            "CPFSource": "1328_cpf_230321_5801.tjr",
            "CampaignTrack": false,
            "DateTimeEnd": "20230322.010002",
            "DateTimeMiddle": "20230322.005222",
            "DateTimeStart": "20230322.004432",
            "MaximumElevation": 44,
            "Object_NORAD": "1328",
            "Object_Name": "EXPLORER27",
            "Pass": "NO/SE-CCW"
        },
        {
            "AzimuthEnd": 159,
            "AzimuthMiddle": 236,
            "AzimuthStart": 329,
            "CPFSource": "26997_cpf_230321_5801.tjr",
            "CampaignTrack": false,
            "DateTimeEnd": "20230322.011052",
            "DateTimeMiddle": "20230322.010232",
            "DateTimeStart": "20230322.005402",
            "MaximumElevation": 80,
            "Object_NORAD": "26997",
            "Object_Name": "JASON1",
            "Pass": "NO/SE-CCW"
        },
        {
            "AzimuthEnd": 110,
            "AzimuthMiddle": 49,
            "AzimuthStart": 347,
            "CPFSource": "46984_cpf_230321_5801.tjr",
            "CampaignTrack": false,
            "DateTimeEnd": "20230322.024142",
            "DateTimeMiddle": "20230322.023412",
            "DateTimeStart": "20230322.022642",
            "MaximumElevation": 31,
            "Object_NORAD": "46984",
            "Object_Name": "SENTINEL6A",
            "Pass": "NO/SE-CW"
        },
        {
            "AzimuthEnd": 179,
            "AzimuthMiddle": 99,
            "AzimuthStart": 21,
            "CPFSource": "28931_cpf_230321_5801.tjr",
            "CampaignTrack": false,
            "DateTimeEnd": "20230322.032152",
            "DateTimeMiddle": "20230322.031702",
            "DateTimeStart": "20230322.031222",
            "MaximumElevation": 55,
            "Object_NORAD": "28931",
            "Object_Name": "ALOS",
            "Pass": "NE/SE-CW"
        },
        {
            "AzimuthEnd": 170,
            "AzimuthMiddle": 246,
            "AzimuthStart": 325,
            "CPFSource": "46984_cpf_230321_5801.tjr",
            "CampaignTrack": false,
            "DateTimeEnd": "20230322.043852",
            "DateTimeMiddle": "20230322.043032",
            "DateTimeStart": "20230322.042212",
            "MaximumElevation": 60,
            "Object_NORAD": "46984",
            "Object_Name": "SENTINEL6A",
            "Pass": "NO/SE-CCW"
        },
        {
            "AzimuthEnd": 150,
            "AzimuthMiddle": 87,
            "AzimuthStart": 25,
            "CPFSource": "28230_cpf_230321_5801.tjr",
            "CampaignTrack": false,
            "DateTimeEnd": "20230322.045102",
            "DateTimeMiddle": "20230322.044652",
            "DateTimeStart": "20230322.044252",
            "MaximumElevation": 30,
            "Object_NORAD": "28230",
            "Object_Name": "GPB",
            "Pass": "NE/SE-CW"
        },
        {
            "AzimuthEnd": 176,
            "AzimuthMiddle": 102,
            "AzimuthStart": 25,
            "CPFSource": "37781_cpf_230321_5801.tjr",
            "CampaignTrack": false,
            "DateTimeEnd": "20230322.061912",
            "DateTimeMiddle": "20230322.061302",
            "DateTimeStart": "20230322.060702",
            "MaximumElevation": 50,
            "Object_NORAD": "37781",
            "Object_Name": "HAIYANG2A",
            "Pass": "NE/SE-CW"
        },
        {
            "AzimuthEnd": 232,
            "AzimuthMiddle": 281,
            "AzimuthStart": 329,
            "CPFSource": "28230_cpf_230321_5801.tjr",
            "CampaignTrack": false,
            "DateTimeEnd": "20230322.062722",
            "DateTimeMiddle": "20230322.062352",
            "DateTimeStart": "20230322.062032",
            "MaximumElevation": 20,
            "Object_NORAD": "28230",
            "Object_Name": "GPB",
            "Pass": "NO/SO-CCW"
        },
        {
            "AzimuthEnd": 173,
            "AzimuthMiddle": 99,
            "AzimuthStart": 26,
            "CPFSource": "41579_cpf_230321_5801.tjr",
            "CampaignTrack": false,
            "DateTimeEnd": "20230322.064622",
            "DateTimeMiddle": "20230322.064022",
            "DateTimeStart": "20230322.063432",
            "MaximumElevation": 46,
            "Object_NORAD": "41579",
            "Object_Name": "COSMOS2517",
            "Pass": "NE/SE-CW"
        },
        {
            "AzimuthEnd": 200,
            "AzimuthMiddle": 287,
            "AzimuthStart": 6,
            "CPFSource": "31698_cpf_230321_5801.tjr",
            "CampaignTrack": false,
            "DateTimeEnd": "20230322.070052",
            "DateTimeMiddle": "20230322.065652",
            "DateTimeStart": "20230322.065302",
            "MaximumElevation": 68,
            "Object_NORAD": "31698",
            "Object_Name": "TERRASARX",
            "Pass": "NE/SO-CW"
        },
        {
            "AzimuthEnd": 200,
            "AzimuthMiddle": 281,
            "AzimuthStart": 6,
            "CPFSource": "36605_cpf_230321_5801.tjr",
            "CampaignTrack": false,
            "DateTimeEnd": "20230322.070042",
            "DateTimeMiddle": "20230322.065652",
            "DateTimeStart": "20230322.065302",
            "MaximumElevation": 68,
            "Object_NORAD": "36605",
            "Object_Name": "TANDEMX",
            "Pass": "NE/SO-CW"
        },
        {
            "AzimuthEnd": 348,
            "AzimuthMiddle": 319,
            "AzimuthStart": 168,
            "CPFSource": "42829_cpf_230321_5801.tjr",
            "CampaignTrack": false,
            "DateTimeEnd": "20230322.070542",
            "DateTimeMiddle": "20230322.070122",
            "DateTimeStart": "20230322.065702",
            "MaximumElevation": 86,
            "Object_NORAD": "42829",
            "Object_Name": "TECHNOSAT",
            "Pass": "SE/NO-CW"
        },
        {
            "AzimuthEnd": 204,
            "AzimuthMiddle": 289,
            "AzimuthStart": 9,
            "CPFSource": "43655_cpf_230321_5801.tjr",
            "CampaignTrack": false,
            "DateTimeEnd": "20230322.071932",
            "DateTimeMiddle": "20230322.071312",
            "DateTimeStart": "20230322.070702",
            "MaximumElevation": 70,
            "Object_NORAD": "43655",
            "Object_Name": "HAIYANG2B",
            "Pass": "NE/SO-CW"
        },
        {
            "AzimuthEnd": 244,
            "AzimuthMiddle": 295,
            "AzimuthStart": 347,
            "CPFSource": "37781_cpf_230321_5801.tjr",
            "CampaignTrack": false,
            "DateTimeEnd": "20230322.080032",
            "DateTimeMiddle": "20230322.075542",
            "DateTimeStart": "20230322.075052",
            "MaximumElevation": 23,
            "Object_NORAD": "37781",
            "Object_Name": "HAIYANG2A",
            "Pass": "NO/SO-CCW"
        },
        {
            "AzimuthEnd": 242,
            "AzimuthMiddle": 296,
            "AzimuthStart": 348,
            "CPFSource": "41579_cpf_230321_5801.tjr",
            "CampaignTrack": false,
            "DateTimeEnd": "20230322.082732",
            "DateTimeMiddle": "20230322.082232",
            "DateTimeStart": "20230322.081742",
            "MaximumElevation": 25,
            "Object_NORAD": "41579",
            "Object_Name": "COSMOS2517",
            "Pass": "NO/SO-CCW"
        },
        {
            "AzimuthEnd": 210,
            "AzimuthMiddle": 272,
            "AzimuthStart": 338,
            "CPFSource": "39453_cpf_230321_5801.tjr",
            "CampaignTrack": false,
            "DateTimeEnd": "20230322.090842",
            "DateTimeMiddle": "20230322.090522",
            "DateTimeStart": "20230322.090202",
            "MaximumElevation": 30,
            "Object_NORAD": "39453",
            "Object_Name": "SWARMC",
            "Pass": "NO/SO-CCW"
        },
        {
            "AzimuthEnd": 206,
            "AzimuthMiddle": 276,
            "AzimuthStart": 340,
            "CPFSource": "39452_cpf_230321_5801.tjr",
            "CampaignTrack": false,
            "DateTimeEnd": "20230322.090852",
            "DateTimeMiddle": "20230322.090522",
            "DateTimeStart": "20230322.090212",
            "MaximumElevation": 34,
            "Object_NORAD": "39452",
            "Object_Name": "SWARMA",
            "Pass": "NO/SO-CCW"
        },
        {
            "AzimuthEnd": 145,
            "AzimuthMiddle": 95,
            "AzimuthStart": 44,
            "CPFSource": "43437_cpf_230321_5801.tjr",
            "CampaignTrack": false,
            "DateTimeEnd": "20230322.095022",
            "DateTimeMiddle": "20230322.094612",
            "DateTimeStart": "20230322.094202",
            "MaximumElevation": 21,
            "Object_NORAD": "43437",
            "Object_Name": "SENTINEL3B",
            "Pass": "NE/SE-CW"
        },
        {
            "AzimuthEnd": 15,
            "AzimuthMiddle": 81,
            "AzimuthStart": 143,
            "CPFSource": "43613_cpf_230321_5801.tjr",
            "CampaignTrack": false,
            "DateTimeEnd": "20230322.100432",
            "DateTimeMiddle": "20230322.100102",
            "DateTimeStart": "20230322.095752",
            "MaximumElevation": 30,
            "Object_NORAD": "43613",
            "Object_Name": "ICESAT2",
            "Pass": "SE/NE-CCW"
        },
        {
            "AzimuthEnd": 187,
            "AzimuthMiddle": 100,
            "AzimuthStart": 15,
            "CPFSource": "44083_cpf_230321_5801.tjr",
            "CampaignTrack": false,
            "DateTimeEnd": "20230322.100922",
            "DateTimeMiddle": "20230322.100552",
            "DateTimeStart": "20230322.100222",
            "MaximumElevation": 72,
            "Object_NORAD": "44083",
            "Object_Name": "ASTROCSTP2",
            "Pass": "NE/SO-CW"
        },
        {
            "AzimuthEnd": 166,
            "AzimuthMiddle": 95,
            "AzimuthStart": 30,
            "CPFSource": "43798_cpf_230321_5801.tjr",
            "CampaignTrack": false,
            "DateTimeEnd": "20230322.101242",
            "DateTimeMiddle": "20230322.100842",
            "DateTimeStart": "20230322.100452",
            "MaximumElevation": 34,
            "Object_NORAD": "43798",
            "Object_Name": "ASTROCSTP1",
            "Pass": "NE/SE-CW"
        },
        {
            "AzimuthEnd": 176,
            "AzimuthMiddle": 99,
            "AzimuthStart": 24,
            "CPFSource": "41335_cpf_230321_5801.tjr",
            "CampaignTrack": false,
            "DateTimeEnd": "20230322.103022",
            "DateTimeMiddle": "20230322.102502",
            "DateTimeStart": "20230322.101952",
            "MaximumElevation": 51,
            "Object_NORAD": "41335",
            "Object_Name": "SENTINEL3A",
            "Pass": "NE/SE-CW"
        },
        {
            "AzimuthEnd": 219,
            "AzimuthMiddle": 288,
            "AzimuthStart": 359,
            "CPFSource": "43437_cpf_230321_5801.tjr",
            "CampaignTrack": false,
            "DateTimeEnd": "20230322.113112",
            "DateTimeMiddle": "20230322.112602",
            "DateTimeStart": "20230322.112052",
            "MaximumElevation": 41,
            "Object_NORAD": "43437",
            "Object_Name": "SENTINEL3B",
            "Pass": "NO/SO-CCW"
        },
        {
            "AzimuthEnd": 339,
            "AzimuthMiddle": 260,
            "AzimuthStart": 182,
            "CPFSource": "43186_cpf_230321_5801.tjr",
            "CampaignTrack": false,
            "DateTimeEnd": "20230322.113142",
            "DateTimeMiddle": "20230322.112732",
            "DateTimeStart": "20230322.112332",
            "MaximumElevation": 54,
            "Object_NORAD": "43186",
            "Object_Name": "SNETD",
            "Pass": "SO/NO-CW"
        },
        {
            "AzimuthEnd": 338,
            "AzimuthMiddle": 263,
            "AzimuthStart": 183,
            "CPFSource": "43187_cpf_230321_5801.tjr",
            "CampaignTrack": false,
            "DateTimeEnd": "20230322.113242",
            "DateTimeMiddle": "20230322.112832",
            "DateTimeStart": "20230322.112432",
            "MaximumElevation": 52,
            "Object_NORAD": "43187",
            "Object_Name": "SNETB",
            "Pass": "SO/NO-CW"
        },
        {
            "AzimuthEnd": 338,
            "AzimuthMiddle": 261,
            "AzimuthStart": 183,
            "CPFSource": "43188_cpf_230321_5801.tjr",
            "CampaignTrack": false,
            "DateTimeEnd": "20230322.113302",
            "DateTimeMiddle": "20230322.112852",
            "DateTimeStart": "20230322.112452",
            "MaximumElevation": 52,
            "Object_NORAD": "43188",
            "Object_Name": "SNETA",
            "Pass": "SO/NO-CW"
        },
        {
            "AzimuthEnd": 337,
            "AzimuthMiddle": 261,
            "AzimuthStart": 185,
            "CPFSource": "43189_cpf_230321_5801.tjr",
            "CampaignTrack": false,
            "DateTimeEnd": "20230322.113512",
            "DateTimeMiddle": "20230322.113102",
            "DateTimeStart": "20230322.112702",
            "MaximumElevation": 48,
            "Object_NORAD": "43189",
            "Object_Name": "SNETC",
            "Pass": "SO/NO-CW"
        },
        {
            "AzimuthEnd": 357,
            "AzimuthMiddle": 278,
            "AzimuthStart": 194,
            "CPFSource": "25615_cpf_230321_5801.tjr",
            "CampaignTrack": false,
            "DateTimeEnd": "20230322.121812",
            "DateTimeMiddle": "20230322.121302",
            "DateTimeStart": "20230322.120752",
            "MaximumElevation": 62,
            "Object_NORAD": "25615",
            "Object_Name": "USA141",
            "Pass": "SO/NO-CW"
        },
        {
            "AzimuthEnd": 358,
            "AzimuthMiddle": 233,
            "AzimuthStart": 180,
            "CPFSource": "43476_cpf_230321_5801.tjr",
            "CampaignTrack": false,
            "DateTimeEnd": "20230322.123812",
            "DateTimeMiddle": "20230322.123412",
            "DateTimeStart": "20230322.123042",
            "MaximumElevation": 83,
            "Object_NORAD": "43476",
            "Object_Name": "GRACEFO1",
            "Pass": "S/NO-CW"
        },
        {
            "AzimuthEnd": 357,
            "AzimuthMiddle": 286,
            "AzimuthStart": 180,
            "CPFSource": "43477_cpf_230321_5801.tjr",
            "CampaignTrack": false,
            "DateTimeEnd": "20230322.123832",
            "DateTimeMiddle": "20230322.123442",
            "DateTimeStart": "20230322.123102",
            "MaximumElevation": 83,
            "Object_NORAD": "43477",
            "Object_Name": "GRACEFO2",
            "Pass": "S/NO-CW"
        },
        {
            "AzimuthEnd": 2,
            "AzimuthMiddle": 73,
            "AzimuthStart": 142,
            "CPFSource": "28931_cpf_230321_5801.tjr",
            "CampaignTrack": false,
            "DateTimeEnd": "20230322.142152",
            "DateTimeMiddle": "20230322.141712",
            "DateTimeStart": "20230322.141242",
            "MaximumElevation": 40,
            "Object_NORAD": "28931",
            "Object_Name": "ALOS",
            "Pass": "SE/NE-CCW"
        },
        {
            "AzimuthEnd": 29,
            "AzimuthMiddle": 102,
            "AzimuthStart": 205,
            "CPFSource": "33105_cpf_230321_5801.tjr",
            "CampaignTrack": false,
            "DateTimeEnd": "20230322.145752",
            "DateTimeMiddle": "20230322.144922",
            "DateTimeStart": "20230322.144102",
            "MaximumElevation": 88,
            "Object_NORAD": "33105",
            "Object_Name": "JASON2",
            "Pass": "SO/NE-CCW"
        },
        {
            "AzimuthEnd": 26,
            "AzimuthMiddle": 298,
            "AzimuthStart": 212,
            "CPFSource": "26997_cpf_230321_5801.tjr",
            "CampaignTrack": false,
            "DateTimeEnd": "20230322.153722",
            "DateTimeMiddle": "20230322.152852",
            "DateTimeStart": "20230322.152032",
            "MaximumElevation": 79,
            "Object_NORAD": "26997",
            "Object_Name": "JASON1",
            "Pass": "SO/NE-CW"
        },
        {
            "AzimuthEnd": 79,
            "AzimuthMiddle": 139,
            "AzimuthStart": 199,
            "CPFSource": "1328_cpf_230321_5801.tjr",
            "CampaignTrack": false,
            "DateTimeEnd": "20230322.163832",
            "DateTimeMiddle": "20230322.163112",
            "DateTimeStart": "20230322.162432",
            "MaximumElevation": 32,
            "Object_NORAD": "1328",
            "Object_Name": "EXPLORER27",
            "Pass": "SO/NE-CCW"
        },
        {
            "AzimuthEnd": 9,
            "AzimuthMiddle": 318,
            "AzimuthStart": 267,
            "CPFSource": "33105_cpf_230321_5801.tjr",
            "CampaignTrack": false,
            "DateTimeEnd": "20230322.165212",
            "DateTimeMiddle": "20230322.164542",
            "DateTimeStart": "20230322.163922",
            "MaximumElevation": 22,
            "Object_NORAD": "33105",
            "Object_Name": "JASON2",
            "Pass": "SO/NE-CW"
        },
        {
            "AzimuthEnd": 49,
            "AzimuthMiddle": 105,
            "AzimuthStart": 161,
            "CPFSource": "46984_cpf_230321_5801.tjr",
            "CampaignTrack": false,
            "DateTimeEnd": "20230322.171052",
            "DateTimeMiddle": "20230322.170352",
            "DateTimeStart": "20230322.165702",
            "MaximumElevation": 28,
            "Object_NORAD": "46984",
            "Object_Name": "SENTINEL6A",
            "Pass": "SE/NE-CCW"
        },
        {
            "AzimuthEnd": 5,
            "AzimuthMiddle": 68,
            "AzimuthStart": 129,
            "CPFSource": "43655_cpf_230321_5801.tjr",
            "CampaignTrack": false,
            "DateTimeEnd": "20230322.171602",
            "DateTimeMiddle": "20230322.171022",
            "DateTimeStart": "20230322.170502",
            "MaximumElevation": 33,
            "Object_NORAD": "43655",
            "Object_Name": "HAIYANG2B",
            "Pass": "SE/NE-CCW"
        },
        {
            "AzimuthEnd": 3,
            "AzimuthMiddle": 86,
            "AzimuthStart": 169,
            "CPFSource": "28230_cpf_230321_5801.tjr",
            "CampaignTrack": false,
            "DateTimeEnd": "20230322.172142",
            "DateTimeMiddle": "20230322.171702",
            "DateTimeStart": "20230322.171232",
            "MaximumElevation": 70,
            "Object_NORAD": "28230",
            "Object_Name": "GPB",
            "Pass": "SE/NE-CCW"
        },
        {
            "AzimuthEnd": 7,
            "AzimuthMiddle": 71,
            "AzimuthStart": 138,
            "CPFSource": "31698_cpf_230321_5801.tjr",
            "CampaignTrack": false,
            "DateTimeEnd": "20230322.173652",
            "DateTimeMiddle": "20230322.173322",
            "DateTimeStart": "20230322.172952",
            "MaximumElevation": 33,
            "Object_NORAD": "31698",
            "Object_Name": "TERRASARX",
            "Pass": "SE/NE-CCW"
        },
        {
            "AzimuthEnd": 7,
            "AzimuthMiddle": 75,
            "AzimuthStart": 138,
            "CPFSource": "36605_cpf_230321_5801.tjr",
            "CampaignTrack": false,
            "DateTimeEnd": "20230322.173652",
            "DateTimeMiddle": "20230322.173312",
            "DateTimeStart": "20230322.172952",
            "MaximumElevation": 33,
            "Object_NORAD": "36605",
            "Object_Name": "TANDEMX",
            "Pass": "SE/NE-CCW"
        },
        {
            "AzimuthEnd": 345,
            "AzimuthMiddle": 251,
            "AzimuthStart": 168,
            "CPFSource": "37781_cpf_230321_5801.tjr",
            "CampaignTrack": false,
            "DateTimeEnd": "20230322.175942",
            "DateTimeMiddle": "20230322.175312",
            "DateTimeStart": "20230322.174702",
            "MaximumElevation": 83,
            "Object_NORAD": "37781",
            "Object_Name": "HAIYANG2A",
            "Pass": "SE/NO-CW"
        },
        {
            "AzimuthEnd": 347,
            "AzimuthMiddle": 99,
            "AzimuthStart": 163,
            "CPFSource": "41579_cpf_230321_5801.tjr",
            "CampaignTrack": false,
            "DateTimeEnd": "20230322.182322",
            "DateTimeMiddle": "20230322.181702",
            "DateTimeStart": "20230322.181102",
            "MaximumElevation": 85,
            "Object_NORAD": "41579",
            "Object_Name": "COSMOS2517",
            "Pass": "SE/NO-CW"
        },
        {
            "AzimuthEnd": 69,
            "AzimuthMiddle": 167,
            "AzimuthStart": 242,
            "CPFSource": "1328_cpf_230321_5801.tjr",
            "CampaignTrack": false,
            "DateTimeEnd": "20230322.183322",
            "DateTimeMiddle": "20230322.182432",
            "DateTimeStart": "20230322.181632",
            "MaximumElevation": 84,
            "Object_NORAD": "1328",
            "Object_Name": "EXPLORER27",
            "Pass": "SO/NE-CCW"
        },
        {
            "AzimuthEnd": 328,
            "AzimuthMiddle": 264,
            "AzimuthStart": 198,
            "CPFSource": "43655_cpf_230321_5801.tjr",
            "CampaignTrack": false,
            "DateTimeEnd": "20230322.185902",
            "DateTimeMiddle": "20230322.185322",
            "DateTimeStart": "20230322.184742",
            "MaximumElevation": 34,
            "Object_NORAD": "43655",
            "Object_Name": "HAIYANG2B",
            "Pass": "SO/NO-CW"
        },
        {
            "AzimuthEnd": 22,
            "AzimuthMiddle": 302,
            "AzimuthStart": 224,
            "CPFSource": "46984_cpf_230321_5801.tjr",
            "CampaignTrack": false,
            "DateTimeEnd": "20230322.190742",
            "DateTimeMiddle": "20230322.185912",
            "DateTimeStart": "20230322.185102",
            "MaximumElevation": 59,
            "Object_NORAD": "46984",
            "Object_Name": "SENTINEL6A",
            "Pass": "SO/NE-CW"
        },
        {
            "AzimuthEnd": 77,
            "AzimuthMiddle": 353,
            "AzimuthStart": 274,
            "CPFSource": "1328_cpf_230321_5801.tjr",
            "CampaignTrack": false,
            "DateTimeEnd": "20230322.202742",
            "DateTimeMiddle": "20230322.201902",
            "DateTimeStart": "20230322.201052",
            "MaximumElevation": 64,
            "Object_NORAD": "1328",
            "Object_Name": "EXPLORER27",
            "Pass": "NO/NE-CW"
        },
        {
            "AzimuthEnd": 224,
            "AzimuthMiddle": 287,
            "AzimuthStart": 351,
            "CPFSource": "42829_cpf_230321_5801.tjr",
            "CampaignTrack": false,
            "DateTimeEnd": "20230322.202512",
            "DateTimeMiddle": "20230322.202122",
            "DateTimeStart": "20230322.201732",
            "MaximumElevation": 31,
            "Object_NORAD": "42829",
            "Object_Name": "TECHNOSAT",
            "Pass": "NO/SO-CCW"
        },
        {
            "AzimuthEnd": 10,
            "AzimuthMiddle": 67,
            "AzimuthStart": 124,
            "CPFSource": "43437_cpf_230321_5801.tjr",
            "CampaignTrack": false,
            "DateTimeEnd": "20230322.210822",
            "DateTimeMiddle": "20230322.210342",
            "DateTimeStart": "20230322.205912",
            "MaximumElevation": 27,
            "Object_NORAD": "43437",
            "Object_Name": "SENTINEL3B",
            "Pass": "SE/NE-CCW"
        },
        {
            "AzimuthEnd": 348,
            "AzimuthMiddle": 269,
            "AzimuthStart": 200,
            "CPFSource": "39453_cpf_230321_5801.tjr",
            "CampaignTrack": false,
            "DateTimeEnd": "20230322.211142",
            "DateTimeMiddle": "20230322.210802",
            "DateTimeStart": "20230322.210442",
            "MaximumElevation": 42,
            "Object_NORAD": "39453",
            "Object_Name": "SWARMC",
            "Pass": "SO/NO-CW"
        },
        {
            "AzimuthEnd": 350,
            "AzimuthMiddle": 272,
            "AzimuthStart": 196,
            "CPFSource": "39452_cpf_230321_5801.tjr",
            "CampaignTrack": false,
            "DateTimeEnd": "20230322.211152",
            "DateTimeMiddle": "20230322.210812",
            "DateTimeStart": "20230322.210442",
            "MaximumElevation": 49,
            "Object_NORAD": "39452",
            "Object_Name": "SWARMA",
            "Pass": "SO/NO-CW"
        },
        {
            "AzimuthEnd": 354,
            "AzimuthMiddle": 70,
            "AzimuthStart": 153,
            "CPFSource": "41335_cpf_230321_5801.tjr",
            "CampaignTrack": false,
            "DateTimeEnd": "20230322.214742",
            "DateTimeMiddle": "20230322.214212",
            "DateTimeStart": "20230322.213652",
            "MaximumElevation": 62,
            "Object_NORAD": "41335",
            "Object_Name": "SENTINEL3A",
            "Pass": "SE/NO-CW"
        },
        {
            "AzimuthEnd": 322,
            "AzimuthMiddle": 265,
            "AzimuthStart": 206,
            "CPFSource": "44083_cpf_230321_5801.tjr",
            "CampaignTrack": false,
            "DateTimeEnd": "20230322.220932",
            "DateTimeMiddle": "20230322.220632",
            "DateTimeStart": "20230322.220332",
            "MaximumElevation": 24,
            "Object_NORAD": "44083",
            "Object_Name": "ASTROCSTP2",
            "Pass": "SO/NO-CW"
        },
        {
            "AzimuthEnd": 101,
            "AzimuthMiddle": 15,
            "AzimuthStart": 289,
            "CPFSource": "1328_cpf_230321_5801.tjr",
            "CampaignTrack": false,
            "DateTimeEnd": "20230322.222222",
            "DateTimeMiddle": "20230322.221352",
            "DateTimeStart": "20230322.220522",
            "MaximumElevation": 75,
            "Object_NORAD": "1328",
            "Object_Name": "EXPLORER27",
            "Pass": "NO/SE-CW"
        },
        {
            "AzimuthEnd": 330,
            "AzimuthMiddle": 260,
            "AzimuthStart": 196,
            "CPFSource": "43798_cpf_230321_5801.tjr",
            "CampaignTrack": false,
            "DateTimeEnd": "20230322.223142",
            "DateTimeMiddle": "20230322.222742",
            "DateTimeStart": "20230322.222402",
            "MaximumElevation": 33,
            "Object_NORAD": "43798",
            "Object_Name": "ASTROCSTP1",
            "Pass": "SO/NO-CW"
        },
        {
            "AzimuthEnd": 144,
            "AzimuthMiddle": 82,
            "AzimuthStart": 17,
            "CPFSource": "25615_cpf_230321_5801.tjr",
            "CampaignTrack": false,
            "DateTimeEnd": "20230322.224502",
            "DateTimeMiddle": "20230322.224022",
            "DateTimeStart": "20230322.223542",
            "MaximumElevation": 31,
            "Object_NORAD": "25615",
            "Object_Name": "USA141",
            "Pass": "NE/SE-CW"
        },
        {
            "AzimuthEnd": 107,
            "AzimuthMiddle": 48,
            "AzimuthStart": 348,
            "CPFSource": "33105_cpf_230321_5801.tjr",
            "CampaignTrack": false,
            "DateTimeEnd": "20230322.225132",
            "DateTimeMiddle": "20230322.224422",
            "DateTimeStart": "20230322.223712",
            "MaximumElevation": 29,
            "Object_NORAD": "33105",
            "Object_Name": "JASON2",
            "Pass": "NO/SE-CW"
        },
        {
            "AzimuthEnd": 328,
            "AzimuthMiddle": 262,
            "AzimuthStart": 198,
            "CPFSource": "43437_cpf_230321_5801.tjr",
            "CampaignTrack": false,
            "DateTimeEnd": "20230322.224812",
            "DateTimeMiddle": "20230322.224312",
            "DateTimeStart": "20230322.223822",
            "MaximumElevation": 34,
            "Object_NORAD": "43437",
            "Object_Name": "SENTINEL3B",
            "Pass": "SO/NO-CW"
        },
        {
            "AzimuthEnd": 205,
            "AzimuthMiddle": 279,
            "AzimuthStart": 351,
            "CPFSource": "43613_cpf_230321_5801.tjr",
            "CampaignTrack": false,
            "DateTimeEnd": "20230322.230642",
            "DateTimeMiddle": "20230322.230302",
            "DateTimeStart": "20230322.225932",
            "MaximumElevation": 44,
            "Object_NORAD": "43613",
            "Object_Name": "ICESAT2",
            "Pass": "NO/SO-CCW"
        },
        {
            "AzimuthEnd": 151,
            "AzimuthMiddle": 96,
            "AzimuthStart": 42,
            "CPFSource": "43186_cpf_230321_5801.tjr",
            "CampaignTrack": false,
            "DateTimeEnd": "20230322.231232",
            "DateTimeMiddle": "20230322.230902",
            "DateTimeStart": "20230322.230542",
            "MaximumElevation": 23,
            "Object_NORAD": "43186",
            "Object_Name": "SNETD",
            "Pass": "NE/SE-CW"
        },
        {
            "AzimuthEnd": 153,
            "AzimuthMiddle": 97,
            "AzimuthStart": 40,
            "CPFSource": "43187_cpf_230321_5801.tjr",
            "CampaignTrack": false,
            "DateTimeEnd": "20230322.231332",
            "DateTimeMiddle": "20230322.231002",
            "DateTimeStart": "20230322.230632",
            "MaximumElevation": 23,
            "Object_NORAD": "43187",
            "Object_Name": "SNETB",
            "Pass": "NE/SE-CW"
        },
        {
            "AzimuthEnd": 152,
            "AzimuthMiddle": 96,
            "AzimuthStart": 41,
            "CPFSource": "43188_cpf_230321_5801.tjr",
            "CampaignTrack": false,
            "DateTimeEnd": "20230322.231352",
            "DateTimeMiddle": "20230322.231022",
            "DateTimeStart": "20230322.230702",
            "MaximumElevation": 23,
            "Object_NORAD": "43188",
            "Object_Name": "SNETA",
            "Pass": "NE/SE-CW"
        },
        {
            "AzimuthEnd": 155,
            "AzimuthMiddle": 96,
            "AzimuthStart": 38,
            "CPFSource": "43189_cpf_230321_5801.tjr",
            "CampaignTrack": false,
            "DateTimeEnd": "20230322.231612",
            "DateTimeMiddle": "20230322.231232",
            "DateTimeStart": "20230322.230902",
            "MaximumElevation": 25,
            "Object_NORAD": "43189",
            "Object_Name": "SNETC",
            "Pass": "NE/SE-CW"
        },
        {
            "AzimuthEnd": 115,
            "AzimuthMiddle": 49,
            "AzimuthStart": 345,
            "CPFSource": "26997_cpf_230321_5801.tjr",
            "CampaignTrack": false,
            "DateTimeEnd": "20230322.233302",
            "DateTimeMiddle": "20230322.232522",
            "DateTimeStart": "20230322.231752",
            "MaximumElevation": 35,
            "Object_NORAD": "26997",
            "Object_Name": "JASON1",
            "Pass": "NO/SE-CW"
        },
        {
            "AzimuthEnd": 138,
            "AzimuthMiddle": 215,
            "AzimuthStart": 288,
            "CPFSource": "1328_cpf_230321_5801.tjr",
            "CampaignTrack": false,
            "DateTimeEnd": "20230323.001552",
            "DateTimeMiddle": "20230323.000752",
            "DateTimeStart": "20230322.235942",
            "MaximumElevation": 55,
            "Object_NORAD": "1328",
            "Object_Name": "EXPLORER27",
            "Pass": "NO/SE-CCW"
        },
        {
            "AzimuthEnd": 163,
            "AzimuthMiddle": 85,
            "AzimuthStart": 15,
            "CPFSource": "43476_cpf_230321_5801.tjr",
            "CampaignTrack": false,
            "DateTimeEnd": "20230323.000722",
            "DateTimeMiddle": "20230323.000332",
            "DateTimeStart": "20230323.000002",
            "MaximumElevation": 44,
            "Object_NORAD": "43476",
            "Object_Name": "GRACEFO1",
            "Pass": "NE/SE-CW"
        },
        {
            "AzimuthEnd": 163,
            "AzimuthMiddle": 91,
            "AzimuthStart": 14,
            "CPFSource": "43477_cpf_230321_5801.tjr",
            "CampaignTrack": false,
            "DateTimeEnd": "20230323.000742",
            "DateTimeMiddle": "20230323.000402",
            "DateTimeStart": "20230323.000022",
            "MaximumElevation": 45,
            "Object_NORAD": "43477",
            "Object_Name": "GRACEFO2",
            "Pass": "NE/SE-CW"
        },
        {
            "AzimuthEnd": 222,
            "AzimuthMiddle": 275,
            "AzimuthStart": 329,
            "CPFSource": "25615_cpf_230321_5801.tjr",
            "CampaignTrack": false,
            "DateTimeEnd": "20230323.002422",
            "DateTimeMiddle": "20230323.002012",
            "DateTimeStart": "20230323.001602",
            "MaximumElevation": 24,
            "Object_NORAD": "25615",
            "Object_Name": "USA141",
            "Pass": "NO/SO-CCW"
        },
        {
            "AzimuthEnd": 167,
            "AzimuthMiddle": 244,
            "AzimuthStart": 326,
            "CPFSource": "33105_cpf_230321_5801.tjr",
            "CampaignTrack": false,
            "DateTimeEnd": "20230323.004822",
            "DateTimeMiddle": "20230323.004012",
            "DateTimeStart": "20230323.003202",
            "MaximumElevation": 64,
            "Object_NORAD": "33105",
            "Object_Name": "JASON2",
            "Pass": "NO/SE-CCW"
        },
        {
            "AzimuthEnd": 236,
            "AzimuthMiddle": 289,
            "AzimuthStart": 343,
            "CPFSource": "43186_cpf_230321_5801.tjr",
            "CampaignTrack": false,
            "DateTimeEnd": "20230323.004722",
            "DateTimeMiddle": "20230323.004402",
            "DateTimeStart": "20230323.004042",
            "MaximumElevation": 23,
            "Object_NORAD": "43186",
            "Object_Name": "SNETD",
            "Pass": "NO/SO-CCW"
        },
        {
            "AzimuthEnd": 236,
            "AzimuthMiddle": 291,
            "AzimuthStart": 342,
            "CPFSource": "43187_cpf_230321_5801.tjr",
            "CampaignTrack": false,
            "DateTimeEnd": "20230323.004822",
            "DateTimeMiddle": "20230323.004452",
            "DateTimeStart": "20230323.004142",
            "MaximumElevation": 22,
            "Object_NORAD": "43187",
            "Object_Name": "SNETB",
            "Pass": "NO/SO-CCW"
        },
        {
            "AzimuthEnd": 236,
            "AzimuthMiddle": 288,
            "AzimuthStart": 342,
            "CPFSource": "43188_cpf_230321_5801.tjr",
            "CampaignTrack": false,
            "DateTimeEnd": "20230323.004842",
            "DateTimeMiddle": "20230323.004522",
            "DateTimeStart": "20230323.004202",
            "MaximumElevation": 22,
            "Object_NORAD": "43188",
            "Object_Name": "SNETA",
            "Pass": "NO/SO-CCW"
        },
        {
            "AzimuthEnd": 239,
            "AzimuthMiddle": 292,
            "AzimuthStart": 340,
            "CPFSource": "43189_cpf_230321_5801.tjr",
            "CampaignTrack": false,
            "DateTimeEnd": "20230323.005042",
            "DateTimeMiddle": "20230323.004722",
            "DateTimeStart": "20230323.004422",
            "MaximumElevation": 21,
            "Object_NORAD": "43189",
            "Object_Name": "SNETC",
            "Pass": "NO/SO-CCW"
        },
        {
            "AzimuthEnd": 175,
            "AzimuthMiddle": 247,
            "AzimuthStart": 322,
            "CPFSource": "26997_cpf_230321_5801.tjr",
            "CampaignTrack": false,
            "DateTimeEnd": "20230323.012922",
            "DateTimeMiddle": "20230323.012122",
            "DateTimeStart": "20230323.011322",
            "MaximumElevation": 52,
            "Object_NORAD": "26997",
            "Object_Name": "JASON1",
            "Pass": "NO/SE-CCW"
        },
        {
            "AzimuthEnd": 129,
            "AzimuthMiddle": 55,
            "AzimuthStart": 341,
            "CPFSource": "46984_cpf_230321_5801.tjr",
            "CampaignTrack": false,
            "DateTimeEnd": "20230323.030522",
            "DateTimeMiddle": "20230323.025712",
            "DateTimeStart": "20230323.024902",
            "MaximumElevation": 48,
            "Object_NORAD": "46984",
            "Object_Name": "SENTINEL6A",
            "Pass": "NO/SE-CW"
        },
        {
            "AzimuthEnd": 206,
            "AzimuthMiddle": 284,
            "AzimuthStart": 4,
            "CPFSource": "28931_cpf_230321_5801.tjr",
            "CampaignTrack": false,
            "DateTimeEnd": "20230323.035752",
            "DateTimeMiddle": "20230323.035302",
            "DateTimeStart": "20230323.034822",
            "MaximumElevation": 59,
            "Object_NORAD": "28931",
            "Object_Name": "ALOS",
            "Pass": "NE/SO-CW"
        },
        {
            "AzimuthEnd": 189,
            "AzimuthMiddle": 252,
            "AzimuthStart": 316,
            "CPFSource": "46984_cpf_230321_5801.tjr",
            "CampaignTrack": false,
            "DateTimeEnd": "20230323.050022",
            "DateTimeMiddle": "20230323.045252",
            "DateTimeStart": "20230323.044522",
            "MaximumElevation": 36,
            "Object_NORAD": "46984",
            "Object_Name": "SENTINEL6A",
            "Pass": "NO/SO-CCW"
        },
        {
            "AzimuthEnd": 171,
            "AzimuthMiddle": 85,
            "AzimuthStart": 10,
            "CPFSource": "28230_cpf_230321_5801.tjr",
            "CampaignTrack": false,
            "DateTimeEnd": "20230323.051222",
            "DateTimeMiddle": "20230323.050742",
            "DateTimeStart": "20230323.050322",
            "MaximumElevation": 58,
            "Object_NORAD": "28230",
            "Object_Name": "GPB",
            "Pass": "NE/SE-CW"
        },
        {
            "AzimuthEnd": 150,
            "AzimuthMiddle": 95,
            "AzimuthStart": 41,
            "CPFSource": "43655_cpf_230321_5801.tjr",
            "CampaignTrack": false,
            "DateTimeEnd": "20230323.055712",
            "DateTimeMiddle": "20230323.055202",
            "DateTimeStart": "20230323.054702",
            "MaximumElevation": 24,
            "Object_NORAD": "43655",
            "Object_Name": "HAIYANG2B",
            "Pass": "NE/SE-CW"
        },
        {
            "AzimuthEnd": 190,
            "AzimuthMiddle": 105,
            "AzimuthStart": 17,
            "CPFSource": "37781_cpf_230321_5801.tjr",
            "CampaignTrack": false,
            "DateTimeEnd": "20230323.064202",
            "DateTimeMiddle": "20230323.063542",
            "DateTimeStart": "20230323.062932",
            "MaximumElevation": 78,
            "Object_NORAD": "37781",
            "Object_Name": "HAIYANG2A",
            "Pass": "NE/SO-CW"
        },
        {
            "AzimuthEnd": 185,
            "AzimuthMiddle": 104,
            "AzimuthStart": 17,
            "CPFSource": "31698_cpf_230321_5801.tjr",
            "CampaignTrack": false,
            "DateTimeEnd": "20230323.064342",
            "DateTimeMiddle": "20230323.063952",
            "DateTimeStart": "20230323.063602",
            "MaximumElevation": 68,
            "Object_NORAD": "31698",
            "Object_Name": "TERRASARX",
            "Pass": "NE/SO-CW"
        },
        {
            "AzimuthEnd": 185,
            "AzimuthMiddle": 92,
            "AzimuthStart": 17,
            "CPFSource": "36605_cpf_230321_5801.tjr",
            "CampaignTrack": false,
            "DateTimeEnd": "20230323.064342",
            "DateTimeMiddle": "20230323.063942",
            "DateTimeStart": "20230323.063602",
            "MaximumElevation": 68,
            "Object_NORAD": "36605",
            "Object_Name": "TANDEMX",
            "Pass": "NE/SO-CW"
        },
        {
            "AzimuthEnd": 183,
            "AzimuthMiddle": 103,
            "AzimuthStart": 21,
            "CPFSource": "41579_cpf_230321_5801.tjr",
            "CampaignTrack": false,
            "DateTimeEnd": "20230323.070152",
            "DateTimeMiddle": "20230323.065542",
            "DateTimeStart": "20230323.064942",
            "MaximumElevation": 63,
            "Object_NORAD": "41579",
            "Object_Name": "COSMOS2517",
            "Pass": "NE/SO-CW"
        },
        {
            "AzimuthEnd": 344,
            "AzimuthMiddle": 249,
            "AzimuthStart": 174,
            "CPFSource": "42829_cpf_230321_5801.tjr",
            "CampaignTrack": false,
            "DateTimeEnd": "20230323.071312",
            "DateTimeMiddle": "20230323.070842",
            "DateTimeStart": "20230323.070432",
            "MaximumElevation": 71,
            "Object_NORAD": "42829",
            "Object_Name": "TECHNOSAT",
            "Pass": "SE/NO-CW"
        },
        {
            "AzimuthEnd": 219,
            "AzimuthMiddle": 290,
            "AzimuthStart": 1,
            "CPFSource": "43655_cpf_230321_5801.tjr",
            "CampaignTrack": false,
            "DateTimeEnd": "20230323.074112",
            "DateTimeMiddle": "20230323.073512",
            "DateTimeStart": "20230323.072922",
            "MaximumElevation": 46,
            "Object_NORAD": "43655",
            "Object_Name": "HAIYANG2B",
            "Pass": "NE/SO-CW"
        },
        {
            "AzimuthEnd": 183,
            "AzimuthMiddle": 295,
            "AzimuthStart": 357,
            "CPFSource": "39453_cpf_230321_5801.tjr",
            "CampaignTrack": false,
            "DateTimeEnd": "20230323.083632",
            "DateTimeMiddle": "20230323.083242",
            "DateTimeStart": "20230323.082912",
            "MaximumElevation": 79,
            "Object_NORAD": "39453",
            "Object_Name": "SWARMC",
            "Pass": "NO/SO-CCW"
        },
        {
            "AzimuthEnd": 179,
            "AzimuthMiddle": 60,
            "AzimuthStart": 0,
            "CPFSource": "39452_cpf_230321_5801.tjr",
            "CampaignTrack": false,
            "DateTimeEnd": "20230323.083632",
            "DateTimeMiddle": "20230323.083252",
            "DateTimeStart": "20230323.082922",
            "MaximumElevation": 87,
            "Object_NORAD": "39452",
            "Object_Name": "SWARMA",
            "Pass": "N/SE-CW"
        },
        {
            "AzimuthEnd": 150,
            "AzimuthMiddle": 94,
            "AzimuthStart": 44,
            "CPFSource": "44083_cpf_230321_5801.tjr",
            "CampaignTrack": false,
            "DateTimeEnd": "20230323.093252",
            "DateTimeMiddle": "20230323.092952",
            "DateTimeStart": "20230323.092712",
            "MaximumElevation": 21,
            "Object_NORAD": "44083",
            "Object_Name": "ASTROCSTP2",
            "Pass": "NE/SE-CW"
        },
        {
            "AzimuthEnd": 157,
            "AzimuthMiddle": 95,
            "AzimuthStart": 36,
            "CPFSource": "41335_cpf_230321_5801.tjr",
            "CampaignTrack": false,
            "DateTimeEnd": "20230323.100352",
            "DateTimeMiddle": "20230323.095902",
            "DateTimeStart": "20230323.095422",
            "MaximumElevation": 28,
            "Object_NORAD": "41335",
            "Object_Name": "SENTINEL3A",
            "Pass": "NE/SE-CW"
        },
        {
            "AzimuthEnd": 166,
            "AzimuthMiddle": 98,
            "AzimuthStart": 31,
            "CPFSource": "43798_cpf_230321_5801.tjr",
            "CampaignTrack": false,
            "DateTimeEnd": "20230323.101242",
            "DateTimeMiddle": "20230323.100842",
            "DateTimeStart": "20230323.100452",
            "MaximumElevation": 34,
            "Object_NORAD": "43798",
            "Object_Name": "ASTROCSTP1",
            "Pass": "NE/SE-CW"
        },
        {
            "AzimuthEnd": 201,
            "AzimuthMiddle": 289,
            "AzimuthStart": 9,
            "CPFSource": "43437_cpf_230321_5801.tjr",
            "CampaignTrack": false,
            "DateTimeEnd": "20230323.110542",
            "DateTimeMiddle": "20230323.110012",
            "DateTimeStart": "20230323.105452",
            "MaximumElevation": 74,
            "Object_NORAD": "43437",
            "Object_Name": "SENTINEL3B",
            "Pass": "NE/SO-CW"
        },
        {
            "AzimuthEnd": 329,
            "AzimuthMiddle": 268,
            "AzimuthStart": 214,
            "CPFSource": "43613_cpf_230321_5801.tjr",
            "CampaignTrack": false,
            "DateTimeEnd": "20230323.111232",
            "DateTimeMiddle": "20230323.110912",
            "DateTimeStart": "20230323.110612",
            "MaximumElevation": 24,
            "Object_NORAD": "43613",
            "Object_Name": "ICESAT2",
            "Pass": "SO/NO-CW"
        },
        {
            "AzimuthEnd": 14,
            "AzimuthMiddle": 93,
            "AzimuthStart": 165,
            "CPFSource": "25615_cpf_230321_5801.tjr",
            "CampaignTrack": false,
            "DateTimeEnd": "20230323.113332",
            "DateTimeMiddle": "20230323.112822",
            "DateTimeStart": "20230323.112332",
            "MaximumElevation": 52,
            "Object_NORAD": "25615",
            "Object_Name": "USA141",
            "Pass": "SE/NE-CCW"
        },
        {
            "AzimuthEnd": 338,
            "AzimuthMiddle": 259,
            "AzimuthStart": 183,
            "CPFSource": "43186_cpf_230321_5801.tjr",
            "CampaignTrack": false,
            "DateTimeEnd": "20230323.113252",
            "DateTimeMiddle": "20230323.112842",
            "DateTimeStart": "20230323.112442",
            "MaximumElevation": 52,
            "Object_NORAD": "43186",
            "Object_Name": "SNETD",
            "Pass": "SO/NO-CW"
        },
        {
            "AzimuthEnd": 338,
            "AzimuthMiddle": 262,
            "AzimuthStart": 184,
            "CPFSource": "43187_cpf_230321_5801.tjr",
            "CampaignTrack": false,
            "DateTimeEnd": "20230323.113352",
            "DateTimeMiddle": "20230323.112942",
            "DateTimeStart": "20230323.112542",
            "MaximumElevation": 50,
            "Object_NORAD": "43187",
            "Object_Name": "SNETB",
            "Pass": "SO/NO-CW"
        },
        {
            "AzimuthEnd": 338,
            "AzimuthMiddle": 260,
            "AzimuthStart": 184,
            "CPFSource": "43188_cpf_230321_5801.tjr",
            "CampaignTrack": false,
            "DateTimeEnd": "20230323.113412",
            "DateTimeMiddle": "20230323.113002",
            "DateTimeStart": "20230323.112602",
            "MaximumElevation": 50,
            "Object_NORAD": "43188",
            "Object_Name": "SNETA",
            "Pass": "SO/NO-CW"
        },
        {
            "AzimuthEnd": 336,
            "AzimuthMiddle": 260,
            "AzimuthStart": 186,
            "CPFSource": "43189_cpf_230321_5801.tjr",
            "CampaignTrack": false,
            "DateTimeEnd": "20230323.113622",
            "DateTimeMiddle": "20230323.113212",
            "DateTimeStart": "20230323.112812",
            "MaximumElevation": 46,
            "Object_NORAD": "43189",
            "Object_Name": "SNETC",
            "Pass": "SO/NO-CW"
        },
        {
            "AzimuthEnd": 229,
            "AzimuthMiddle": 293,
            "AzimuthStart": 353,
            "CPFSource": "41335_cpf_230321_5801.tjr",
            "CampaignTrack": false,
            "DateTimeEnd": "20230323.114342",
            "DateTimeMiddle": "20230323.113842",
            "DateTimeStart": "20230323.113402",
            "MaximumElevation": 31,
            "Object_NORAD": "41335",
            "Object_Name": "SENTINEL3A",
            "Pass": "NO/SO-CCW"
        },
        {
            "AzimuthEnd": 9,
            "AzimuthMiddle": 86,
            "AzimuthStart": 161,
            "CPFSource": "43476_cpf_230321_5801.tjr",
            "CampaignTrack": false,
            "DateTimeEnd": "20230323.121502",
            "DateTimeMiddle": "20230323.121112",
            "DateTimeStart": "20230323.120742",
            "MaximumElevation": 50,
            "Object_NORAD": "43476",
            "Object_Name": "GRACEFO1",
            "Pass": "SE/NE-CCW"
        },
        {
            "AzimuthEnd": 9,
            "AzimuthMiddle": 89,
            "AzimuthStart": 162,
            "CPFSource": "43477_cpf_230321_5801.tjr",
            "CampaignTrack": false,
            "DateTimeEnd": "20230323.121522",
            "DateTimeMiddle": "20230323.121132",
            "DateTimeStart": "20230323.120802",
            "MaximumElevation": 50,
            "Object_NORAD": "43477",
            "Object_Name": "GRACEFO2",
            "Pass": "SE/NE-CCW"
        },
        {
            "AzimuthEnd": 52,
            "AzimuthMiddle": 104,
            "AzimuthStart": 155,
            "CPFSource": "33105_cpf_230321_5801.tjr",
            "CampaignTrack": false,
            "DateTimeEnd": "20230323.131602",
            "DateTimeMiddle": "20230323.130932",
            "DateTimeStart": "20230323.130312",
            "MaximumElevation": 24,
            "Object_NORAD": "33105",
            "Object_Name": "JASON2",
            "Pass": "SE/NE-CCW"
        },
        {
            "AzimuthEnd": 46,
            "AzimuthMiddle": 107,
            "AzimuthStart": 167,
            "CPFSource": "26997_cpf_230321_5801.tjr",
            "CampaignTrack": false,
            "DateTimeEnd": "20230323.140002",
            "DateTimeMiddle": "20230323.135242",
            "DateTimeStart": "20230323.134532",
            "MaximumElevation": 32,
            "Object_NORAD": "26997",
            "Object_Name": "JASON1",
            "Pass": "SE/NE-CCW"
        },
        {
            "AzimuthEnd": 346,
            "AzimuthMiddle": 244,
            "AzimuthStart": 170,
            "CPFSource": "28931_cpf_230321_5801.tjr",
            "CampaignTrack": false,
            "DateTimeEnd": "20230323.145802",
            "DateTimeMiddle": "20230323.145302",
            "DateTimeStart": "20230323.144822",
            "MaximumElevation": 81,
            "Object_NORAD": "28931",
            "Object_Name": "ALOS",
            "Pass": "SE/NO-CW"
        },
        {
            "AzimuthEnd": 24,
            "AzimuthMiddle": 298,
            "AzimuthStart": 219,
            "CPFSource": "33105_cpf_230321_5801.tjr",
            "CampaignTrack": false,
            "DateTimeEnd": "20230323.151232",
            "DateTimeMiddle": "20230323.150402",
            "DateTimeStart": "20230323.145552",
            "MaximumElevation": 66,
            "Object_NORAD": "33105",
            "Object_Name": "JASON2",
            "Pass": "SO/NE-CW"
        },
        {
            "AzimuthEnd": 21,
            "AzimuthMiddle": 305,
            "AzimuthStart": 228,
            "CPFSource": "26997_cpf_230321_5801.tjr",
            "CampaignTrack": false,
            "DateTimeEnd": "20230323.155622",
            "DateTimeMiddle": "20230323.154802",
            "DateTimeStart": "20230323.153952",
            "MaximumElevation": 53,
            "Object_NORAD": "26997",
            "Object_Name": "JASON1",
            "Pass": "SO/NE-CW"
        },
        {
            "AzimuthEnd": 84,
            "AzimuthMiddle": 136,
            "AzimuthStart": 187,
            "CPFSource": "1328_cpf_230321_5801.tjr",
            "CampaignTrack": false,
            "DateTimeEnd": "20230323.155322",
            "DateTimeMiddle": "20230323.154652",
            "DateTimeStart": "20230323.154102",
            "MaximumElevation": 24,
            "Object_NORAD": "1328",
            "Object_Name": "EXPLORER27",
            "Pass": "SO/NE-CCW"
        },
        {
            "AzimuthEnd": 13,
            "AzimuthMiddle": 63,
            "AzimuthStart": 112,
            "CPFSource": "37781_cpf_230321_5801.tjr",
            "CampaignTrack": false,
            "DateTimeEnd": "20230323.163812",
            "DateTimeMiddle": "20230323.163322",
            "DateTimeStart": "20230323.162842",
            "MaximumElevation": 22,
            "Object_NORAD": "37781",
            "Object_Name": "HAIYANG2A",
            "Pass": "SE/NE-CCW"
        },
        {
            "AzimuthEnd": 18,
            "AzimuthMiddle": 70,
            "AzimuthStart": 121,
            "CPFSource": "31698_cpf_230321_5801.tjr",
            "CampaignTrack": false,
            "DateTimeEnd": "20230323.171932",
            "DateTimeMiddle": "20230323.171622",
            "DateTimeStart": "20230323.171322",
            "MaximumElevation": 20,
            "Object_NORAD": "31698",
            "Object_Name": "TERRASARX",
            "Pass": "SE/NE-CCW"
        },
        {
            "AzimuthEnd": 19,
            "AzimuthMiddle": 72,
            "AzimuthStart": 120,
            "CPFSource": "36605_cpf_230321_5801.tjr",
            "CampaignTrack": false,
            "DateTimeEnd": "20230323.171922",
            "DateTimeMiddle": "20230323.171612",
            "DateTimeStart": "20230323.171322",
            "MaximumElevation": 20,
            "Object_NORAD": "36605",
            "Object_Name": "TANDEMX",
            "Pass": "SE/NE-CCW"
        },
        {
            "AzimuthEnd": 39,
            "AzimuthMiddle": 112,
            "AzimuthStart": 182,
            "CPFSource": "46984_cpf_230321_5801.tjr",
            "CampaignTrack": false,
            "DateTimeEnd": "20230323.173412",
            "DateTimeMiddle": "20230323.172602",
            "DateTimeStart": "20230323.171812",
            "MaximumElevation": 48,
            "Object_NORAD": "46984",
            "Object_Name": "SENTINEL6A",
            "Pass": "SO/NE-CCW"
        },
        {
            "AzimuthEnd": 357,
            "AzimuthMiddle": 70,
            "AzimuthStart": 144,
            "CPFSource": "43655_cpf_230321_5801.tjr",
            "CampaignTrack": false,
            "DateTimeEnd": "20230323.173832",
            "DateTimeMiddle": "20230323.173222",
            "DateTimeStart": "20230323.172622",
            "MaximumElevation": 50,
            "Object_NORAD": "43655",
            "Object_Name": "HAIYANG2B",
            "Pass": "SE/NO-CW"
        },
        {
            "AzimuthEnd": 70,
            "AzimuthMiddle": 152,
            "AzimuthStart": 234,
            "CPFSource": "1328_cpf_230321_5801.tjr",
            "CampaignTrack": false,
            "DateTimeEnd": "20230323.174832",
            "DateTimeMiddle": "20230323.174002",
            "DateTimeStart": "20230323.173212",
            "MaximumElevation": 72,
            "Object_NORAD": "1328",
            "Object_Name": "EXPLORER27",
            "Pass": "SO/NE-CCW"
        },
        {
            "AzimuthEnd": 350,
            "AzimuthMiddle": 269,
            "AzimuthStart": 189,
            "CPFSource": "28230_cpf_230321_5801.tjr",
            "CampaignTrack": false,
            "DateTimeEnd": "20230323.174232",
            "DateTimeMiddle": "20230323.173752",
            "DateTimeStart": "20230323.173322",
            "MaximumElevation": 58,
            "Object_NORAD": "28230",
            "Object_Name": "GPB",
            "Pass": "SO/NO-CW"
        },
        {
            "AzimuthEnd": 337,
            "AzimuthMiddle": 258,
            "AzimuthStart": 182,
            "CPFSource": "37781_cpf_230321_5801.tjr",
            "CampaignTrack": false,
            "DateTimeEnd": "20230323.182212",
            "DateTimeMiddle": "20230323.181552",
            "DateTimeStart": "20230323.180952",
            "MaximumElevation": 53,
            "Object_NORAD": "37781",
            "Object_Name": "HAIYANG2A",
            "Pass": "SO/NO-CW"
        },
        {
            "AzimuthEnd": 342,
            "AzimuthMiddle": 260,
            "AzimuthStart": 173,
            "CPFSource": "41579_cpf_230321_5801.tjr",
            "CampaignTrack": false,
            "DateTimeEnd": "20230323.183832",
            "DateTimeMiddle": "20230323.183222",
            "DateTimeStart": "20230323.182622",
            "MaximumElevation": 71,
            "Object_NORAD": "41579",
            "Object_Name": "COSMOS2517",
            "Pass": "SE/NO-CW"
        },
        {
            "AzimuthEnd": 318,
            "AzimuthMiddle": 264,
            "AzimuthStart": 212,
            "CPFSource": "36605_cpf_230321_5801.tjr",
            "CampaignTrack": false,
            "DateTimeEnd": "20230323.185312",
            "DateTimeMiddle": "20230323.185002",
            "DateTimeStart": "20230323.184702",
            "MaximumElevation": 21,
            "Object_NORAD": "36605",
            "Object_Name": "TANDEMX",
            "Pass": "SO/NO-CW"
        },
        {
            "AzimuthEnd": 319,
            "AzimuthMiddle": 266,
            "AzimuthStart": 213,
            "CPFSource": "31698_cpf_230321_5801.tjr",
            "CampaignTrack": false,
            "DateTimeEnd": "20230323.185322",
            "DateTimeMiddle": "20230323.185012",
            "DateTimeStart": "20230323.184712",
            "MaximumElevation": 21,
            "Object_NORAD": "31698",
            "Object_Name": "TERRASARX",
            "Pass": "SO/NO-CW"
        },
        {
            "AzimuthEnd": 147,
            "AzimuthMiddle": 96,
            "AzimuthStart": 43,
            "CPFSource": "42829_cpf_230321_5801.tjr",
            "CampaignTrack": false,
            "DateTimeEnd": "20230323.185642",
            "DateTimeMiddle": "20230323.185322",
            "DateTimeStart": "20230323.185002",
            "MaximumElevation": 21,
            "Object_NORAD": "42829",
            "Object_Name": "TECHNOSAT",
            "Pass": "NE/SE-CW"
        },
        {
            "AzimuthEnd": 318,
            "AzimuthMiddle": 265,
            "AzimuthStart": 215,
            "CPFSource": "43655_cpf_230321_5801.tjr",
            "CampaignTrack": false,
            "DateTimeEnd": "20230323.192032",
            "DateTimeMiddle": "20230323.191532",
            "DateTimeStart": "20230323.191052",
            "MaximumElevation": 22,
            "Object_NORAD": "43655",
            "Object_Name": "HAIYANG2B",
            "Pass": "SO/NO-CW"
        },
        {
            "AzimuthEnd": 16,
            "AzimuthMiddle": 310,
            "AzimuthStart": 242,
            "CPFSource": "46984_cpf_230321_5801.tjr",
            "CampaignTrack": false,
            "DateTimeEnd": "20230323.193002",
            "DateTimeMiddle": "20230323.192212",
            "DateTimeStart": "20230323.191422",
            "MaximumElevation": 38,
            "Object_NORAD": "46984",
            "Object_Name": "SENTINEL6A",
            "Pass": "SO/NE-CW"
        },
        {
            "AzimuthEnd": 74,
            "AzimuthMiddle": 352,
            "AzimuthStart": 268,
            "CPFSource": "1328_cpf_230321_5801.tjr",
            "CampaignTrack": false,
            "DateTimeEnd": "20230323.194302",
            "DateTimeMiddle": "20230323.193422",
            "DateTimeStart": "20230323.192612",
            "MaximumElevation": 67,
            "Object_NORAD": "1328",
            "Object_Name": "EXPLORER27",
            "Pass": "SO/NE-CW"
        },
        {
            "AzimuthEnd": 232,
            "AzimuthMiddle": 291,
            "AzimuthStart": 346,
            "CPFSource": "42829_cpf_230321_5801.tjr",
            "CampaignTrack": false,
            "DateTimeEnd": "20230323.203222",
            "DateTimeMiddle": "20230323.202842",
            "DateTimeStart": "20230323.202512",
            "MaximumElevation": 25,
            "Object_NORAD": "42829",
            "Object_Name": "TECHNOSAT",
            "Pass": "NO/SO-CCW"
        },
        {
            "AzimuthEnd": 5,
            "AzimuthMiddle": 85,
            "AzimuthStart": 173,
            "CPFSource": "39453_cpf_230321_5801.tjr",
            "CampaignTrack": false,
            "DateTimeEnd": "20230323.203912",
            "DateTimeMiddle": "20230323.203532",
            "DateTimeStart": "20230323.203202",
            "MaximumElevation": 70,
            "Object_NORAD": "39453",
            "Object_Name": "SWARMC",
            "Pass": "SE/NE-CCW"
        },
        {
            "AzimuthEnd": 8,
            "AzimuthMiddle": 81,
            "AzimuthStart": 169,
            "CPFSource": "39452_cpf_230321_5801.tjr",
            "CampaignTrack": false,
            "DateTimeEnd": "20230323.203922",
            "DateTimeMiddle": "20230323.203542",
            "DateTimeStart": "20230323.203212",
            "MaximumElevation": 60,
            "Object_NORAD": "39452",
            "Object_Name": "SWARMA",
            "Pass": "SE/NE-CCW"
        },
        {
            "AzimuthEnd": 4,
            "AzimuthMiddle": 71,
            "AzimuthStart": 134,
            "CPFSource": "41335_cpf_230321_5801.tjr",
            "CampaignTrack": false,
            "DateTimeEnd": "20230323.212132",
            "DateTimeMiddle": "20230323.211622",
            "DateTimeStart": "20230323.211132",
            "MaximumElevation": 35,
            "Object_NORAD": "41335",
            "Object_Name": "SENTINEL3A",
            "Pass": "SE/NE-CCW"
        },
        {
            "AzimuthEnd": 95,
            "AzimuthMiddle": 14,
            "AzimuthStart": 287,
            "CPFSource": "1328_cpf_230321_5801.tjr",
            "CampaignTrack": false,
            "DateTimeEnd": "20230323.213742",
            "DateTimeMiddle": "20230323.212912",
            "DateTimeStart": "20230323.212042",
            "MaximumElevation": 69,
            "Object_NORAD": "1328",
            "Object_Name": "EXPLORER27",
            "Pass": "NO/SE-CW"
        },
        {
            "AzimuthEnd": 348,
            "AzimuthMiddle": 268,
            "AzimuthStart": 169,
            "CPFSource": "44083_cpf_230321_5801.tjr",
            "CampaignTrack": false,
            "DateTimeEnd": "20230323.213412",
            "DateTimeMiddle": "20230323.213032",
            "DateTimeStart": "20230323.212702",
            "MaximumElevation": 85,
            "Object_NORAD": "44083",
            "Object_Name": "ASTROCSTP2",
            "Pass": "SE/NO-CW"
        },
        {
            "AzimuthEnd": 340,
            "AzimuthMiddle": 255,
            "AzimuthStart": 178,
            "CPFSource": "43437_cpf_230321_5801.tjr",
            "CampaignTrack": false,
            "DateTimeEnd": "20230323.222242",
            "DateTimeMiddle": "20230323.221712",
            "DateTimeStart": "20230323.221202",
            "MaximumElevation": 61,
            "Object_NORAD": "43437",
            "Object_Name": "SENTINEL3B",
            "Pass": "SE/NO-CW"
        },
        {
            "AzimuthEnd": 330,
            "AzimuthMiddle": 263,
            "AzimuthStart": 196,
            "CPFSource": "43798_cpf_230321_5801.tjr",
            "CampaignTrack": false,
            "DateTimeEnd": "20230323.223132",
            "DateTimeMiddle": "20230323.222742",
            "DateTimeStart": "20230323.222402",
            "MaximumElevation": 34,
            "Object_NORAD": "43798",
            "Object_Name": "ASTROCSTP1",
            "Pass": "SO/NO-CW"
        },
        {
            "AzimuthEnd": 184,
            "AzimuthMiddle": 80,
            "AzimuthStart": 7,
            "CPFSource": "43613_cpf_230321_5801.tjr",
            "CampaignTrack": false,
            "DateTimeEnd": "20230323.224112",
            "DateTimeMiddle": "20230323.223722",
            "DateTimeStart": "20230323.223342",
            "MaximumElevation": 82,
            "Object_NORAD": "43613",
            "Object_Name": "ICESAT2",
            "Pass": "NE/SO-CW"
        },
        {
            "AzimuthEnd": 122,
            "AzimuthMiddle": 52,
            "AzimuthStart": 343,
            "CPFSource": "33105_cpf_230321_5801.tjr",
            "CampaignTrack": false,
            "DateTimeEnd": "20230323.230712",
            "DateTimeMiddle": "20230323.225922",
            "DateTimeStart": "20230323.225142",
            "MaximumElevation": 41,
            "Object_NORAD": "33105",
            "Object_Name": "JASON2",
            "Pass": "NO/SE-CW"
        },
        {
            "AzimuthEnd": 322,
            "AzimuthMiddle": 265,
            "AzimuthStart": 208,
            "CPFSource": "41335_cpf_230321_5801.tjr",
            "CampaignTrack": false,
            "DateTimeEnd": "20230323.230052",
            "DateTimeMiddle": "20230323.225612",
            "DateTimeStart": "20230323.225142",
            "MaximumElevation": 25,
            "Object_NORAD": "41335",
            "Object_Name": "SENTINEL3A",
            "Pass": "SO/NO-CW"
        },
        {
            "AzimuthEnd": 152,
            "AzimuthMiddle": 96,
            "AzimuthStart": 41,
            "CPFSource": "43186_cpf_230321_5801.tjr",
            "CampaignTrack": false,
            "DateTimeEnd": "20230323.231342",
            "DateTimeMiddle": "20230323.231012",
            "DateTimeStart": "20230323.230652",
            "MaximumElevation": 23,
            "Object_NORAD": "43186",
            "Object_Name": "SNETD",
            "Pass": "NE/SE-CW"
        },
        {
            "AzimuthEnd": 153,
            "AzimuthMiddle": 97,
            "AzimuthStart": 39,
            "CPFSource": "43187_cpf_230321_5801.tjr",
            "CampaignTrack": false,
            "DateTimeEnd": "20230323.231442",
            "DateTimeMiddle": "20230323.231112",
            "DateTimeStart": "20230323.230742",
            "MaximumElevation": 24,
            "Object_NORAD": "43187",
            "Object_Name": "SNETB",
            "Pass": "NE/SE-CW"
        },
        {
            "AzimuthEnd": 154,
            "AzimuthMiddle": 96,
            "AzimuthStart": 39,
            "CPFSource": "43188_cpf_230321_5801.tjr",
            "CampaignTrack": false,
            "DateTimeEnd": "20230323.231512",
            "DateTimeMiddle": "20230323.231132",
            "DateTimeStart": "20230323.230802",
            "MaximumElevation": 24,
            "Object_NORAD": "43188",
            "Object_Name": "SNETA",
            "Pass": "NE/SE-CW"
        },
        {
            "AzimuthEnd": 156,
            "AzimuthMiddle": 96,
            "AzimuthStart": 38,
            "CPFSource": "43189_cpf_230321_5801.tjr",
            "CampaignTrack": false,
            "DateTimeEnd": "20230323.231722",
            "DateTimeMiddle": "20230323.231342",
            "DateTimeStart": "20230323.231012",
            "MaximumElevation": 26,
            "Object_NORAD": "43189",
            "Object_Name": "SNETC",
            "Pass": "NE/SE-CW"
        },
        {
            "AzimuthEnd": 129,
            "AzimuthMiddle": 211,
            "AzimuthStart": 290,
            "CPFSource": "1328_cpf_230321_5801.tjr",
            "CampaignTrack": false,
            "DateTimeEnd": "20230323.233142",
            "DateTimeMiddle": "20230323.232322",
            "DateTimeStart": "20230323.231502",
            "MaximumElevation": 67,
            "Object_NORAD": "1328",
            "Object_Name": "EXPLORER27",
            "Pass": "NO/SE-CCW"
        },
        {
            "AzimuthEnd": 190,
            "AzimuthMiddle": 266,
            "AzimuthStart": 348,
            "CPFSource": "25615_cpf_230321_5801.tjr",
            "CampaignTrack": false,
            "DateTimeEnd": "20230323.234102",
            "DateTimeMiddle": "20230323.233552",
            "DateTimeStart": "20230323.233042",
            "MaximumElevation": 59,
            "Object_NORAD": "25615",
            "Object_Name": "USA141",
            "Pass": "NO/SO-CCW"
        },
        {
            "AzimuthEnd": 123,
            "AzimuthMiddle": 55,
            "AzimuthStart": 339,
            "CPFSource": "26997_cpf_230321_5801.tjr",
            "CampaignTrack": false,
            "DateTimeEnd": "20230323.235752",
            "DateTimeMiddle": "20230323.234442",
            "DateTimeStart": "20230323.233632",
            "MaximumElevation": 52,
            "Object_NORAD": "26997",
            "Object_Name": "JASON1",
            "Pass": "NO/SE-CW"
        },
        {
            "AzimuthEnd": 146,
            "AzimuthMiddle": 84,
            "AzimuthStart": 28,
            "CPFSource": "43476_cpf_230321_5801.tjr",
            "CampaignTrack": false,
            "DateTimeEnd": "20230323.234352",
            "DateTimeMiddle": "20230323.234022",
            "DateTimeStart": "20230323.233712",
            "MaximumElevation": 25,
            "Object_NORAD": "43476",
            "Object_Name": "GRACEFO1",
            "Pass": "NE/SE-CW"
        },
        {
            "AzimuthEnd": 145,
            "AzimuthMiddle": 87,
            "AzimuthStart": 27,
            "CPFSource": "43477_cpf_230321_5801.tjr",
            "CampaignTrack": false,
            "DateTimeEnd": "20230323.234412",
            "DateTimeMiddle": "20230323.234052",
            "DateTimeStart": "20230323.233732",
            "MaximumElevation": 25,
            "Object_NORAD": "43477",
            "Object_Name": "GRACEFO2",
            "Pass": "NE/SE-CW"
        }
    ]
}
