{
    "CreationDateTime": "20210910.095933",
    "PredictionsArray": [
        {
            "AzimuthEnd": 229,
            "AzimuthMiddle": 309,
            "AzimuthStart": 24,
            "CPFSource": "8820_cpf_210910_7530.sdg",
            "CampaignTrack": false,
            "DateTimeEnd": "20210910.114020",
            "DateTimeMiddle": "20210910.111100",
            "DateTimeStart": "20210910.104200",
            "MaximumElevation": 71,
            "Object_NORAD": "8820",
            "Object_Name": "LAGEOS1",
            "Pass": "NE/SO-CW"
        },
        {
            "AzimuthEnd": 183,
            "AzimuthMiddle": 267,
            "AzimuthStart": 356,
            "CPFSource": "39453_cpf_210910_7530.sdg",
            "CampaignTrack": false,
            "DateTimeEnd": "20210910.105240",
            "DateTimeMiddle": "20210910.104910",
            "DateTimeStart": "20210910.104550",
            "MaximumElevation": 78,
            "Object_NORAD": "39453",
            "Object_Name": "SWARMC",
            "Pass": "NO/SO-CCW"
        },
        {
            "AzimuthEnd": 183,
            "AzimuthMiddle": 286,
            "AzimuthStart": 356,
            "CPFSource": "39452_cpf_210910_7530.sdg",
            "CampaignTrack": false,
            "DateTimeEnd": "20210910.105240",
            "DateTimeMiddle": "20210910.104910",
            "DateTimeStart": "20210910.104550",
            "MaximumElevation": 77,
            "Object_NORAD": "39452",
            "Object_Name": "SWARMA",
            "Pass": "NO/SO-CCW"
        },
        {
            "AzimuthEnd": 50,
            "AzimuthMiddle": 326,
            "AzimuthStart": 248,
            "CPFSource": "16908_cpf_210910_7530.sdg",
            "CampaignTrack": false,
            "DateTimeEnd": "20210910.111850",
            "DateTimeMiddle": "20210910.110920",
            "DateTimeStart": "20210910.110020",
            "MaximumElevation": 61,
            "Object_NORAD": "16908",
            "Object_Name": "EGS",
            "Pass": "SO/NE-CW"
        },
        {
            "AzimuthEnd": 335,
            "AzimuthMiddle": 276,
            "AzimuthStart": 215,
            "CPFSource": "39451_cpf_210910_7530.sdg",
            "CampaignTrack": false,
            "DateTimeEnd": "20210910.113500",
            "DateTimeMiddle": "20210910.113140",
            "DateTimeStart": "20210910.112820",
            "MaximumElevation": 25,
            "Object_NORAD": "39451",
            "Object_Name": "SWARMB",
            "Pass": "SO/NO-CW"
        },
        {
            "AzimuthEnd": 67,
            "AzimuthMiddle": 133,
            "AzimuthStart": 196,
            "CPFSource": "7646_cpf_210910_7530.sdg",
            "CampaignTrack": false,
            "DateTimeEnd": "20210910.113930",
            "DateTimeMiddle": "20210910.113410",
            "DateTimeStart": "20210910.112850",
            "MaximumElevation": 33,
            "Object_NORAD": "7646",
            "Object_Name": "STARLETTE",
            "Pass": "SO/NE-CCW"
        },
        {
            "AzimuthEnd": 6,
            "AzimuthMiddle": 318,
            "AzimuthStart": 271,
            "CPFSource": "33105_cpf_210910_7530.sdg",
            "CampaignTrack": false,
            "DateTimeEnd": "20210910.115430",
            "DateTimeMiddle": "20210910.114820",
            "DateTimeStart": "20210910.114220",
            "MaximumElevation": 20,
            "Object_NORAD": "33105",
            "Object_Name": "JASON2",
            "Pass": "NO/NE-CW"
        },
        {
            "AzimuthEnd": 138,
            "AzimuthMiddle": 59,
            "AzimuthStart": 343,
            "CPFSource": "38077_cpf_210910_7530.sdg",
            "CampaignTrack": false,
            "DateTimeEnd": "20210910.131240",
            "DateTimeMiddle": "20210910.130350",
            "DateTimeStart": "20210910.125510",
            "MaximumElevation": 55,
            "Object_NORAD": "38077",
            "Object_Name": "LARES",
            "Pass": "NO/SE-CW"
        },
        {
            "AzimuthEnd": 58,
            "AzimuthMiddle": 353,
            "AzimuthStart": 288,
            "CPFSource": "16908_cpf_210910_7530.sdg",
            "CampaignTrack": false,
            "DateTimeEnd": "20210910.132120",
            "DateTimeMiddle": "20210910.131250",
            "DateTimeStart": "20210910.130430",
            "MaximumElevation": 35,
            "Object_NORAD": "16908",
            "Object_Name": "EGS",
            "Pass": "NO/NE-CW"
        },
        {
            "AzimuthEnd": 45,
            "AzimuthMiddle": 326,
            "AzimuthStart": 251,
            "CPFSource": "7646_cpf_210910_7530.sdg",
            "CampaignTrack": false,
            "DateTimeEnd": "20210910.132840",
            "DateTimeMiddle": "20210910.132300",
            "DateTimeStart": "20210910.131720",
            "MaximumElevation": 52,
            "Object_NORAD": "7646",
            "Object_Name": "STARLETTE",
            "Pass": "SO/NE-CW"
        },
        {
            "AzimuthEnd": 248,
            "AzimuthMiddle": 278,
            "AzimuthStart": 306,
            "CPFSource": "38250_cpf_210910_7530.sdg",
            "CampaignTrack": false,
            "DateTimeEnd": "20210910.150800",
            "DateTimeMiddle": "20210910.141730",
            "DateTimeStart": "20210910.132700",
            "MaximumElevation": 47,
            "Object_NORAD": "38250",
            "Object_Name": "BEIDOU12",
            "Pass": "NO/SO-CCW"
        },
        {
            "AzimuthEnd": 146,
            "AzimuthMiddle": 94,
            "AzimuthStart": 44,
            "CPFSource": "27944_cpf_210910_7530.sdg",
            "CampaignTrack": false,
            "DateTimeEnd": "20210910.135230",
            "DateTimeMiddle": "20210910.134840",
            "DateTimeStart": "20210910.134500",
            "MaximumElevation": 20,
            "Object_NORAD": "27944",
            "Object_Name": "LARETS",
            "Pass": "NE/SE-CW"
        },
        {
            "AzimuthEnd": 297,
            "AzimuthMiddle": 349,
            "AzimuthStart": 40,
            "CPFSource": "8820_cpf_210910_7530.sdg",
            "CampaignTrack": false,
            "DateTimeEnd": "20210910.145640",
            "DateTimeMiddle": "20210910.143410",
            "DateTimeStart": "20210910.141200",
            "MaximumElevation": 30,
            "Object_NORAD": "8820",
            "Object_Name": "LAGEOS1",
            "Pass": "NE/NO-CW"
        },
        {
            "AzimuthEnd": 200,
            "AzimuthMiddle": 259,
            "AzimuthStart": 317,
            "CPFSource": "38077_cpf_210910_7530.sdg",
            "CampaignTrack": false,
            "DateTimeEnd": "20210910.150850",
            "DateTimeMiddle": "20210910.150110",
            "DateTimeStart": "20210910.145340",
            "MaximumElevation": 30,
            "Object_NORAD": "38077",
            "Object_Name": "LARES",
            "Pass": "NO/SO-CCW"
        },
        {
            "AzimuthEnd": 90,
            "AzimuthMiddle": 20,
            "AzimuthStart": 308,
            "CPFSource": "16908_cpf_210910_7530.sdg",
            "CampaignTrack": false,
            "DateTimeEnd": "20210910.152540",
            "DateTimeMiddle": "20210910.151650",
            "DateTimeStart": "20210910.150800",
            "MaximumElevation": 42,
            "Object_NORAD": "16908",
            "Object_Name": "EGS",
            "Pass": "NO/E-CW"
        },
        {
            "AzimuthEnd": 42,
            "AzimuthMiddle": 348,
            "AzimuthStart": 297,
            "CPFSource": "7646_cpf_210910_7530.sdg",
            "CampaignTrack": false,
            "DateTimeEnd": "20210910.151740",
            "DateTimeMiddle": "20210910.151300",
            "DateTimeStart": "20210910.150840",
            "MaximumElevation": 22,
            "Object_NORAD": "7646",
            "Object_Name": "STARLETTE",
            "Pass": "NO/NE-CW"
        },
        {
            "AzimuthEnd": 223,
            "AzimuthMiddle": 290,
            "AzimuthStart": 353,
            "CPFSource": "27944_cpf_210910_7530.sdg",
            "CampaignTrack": false,
            "DateTimeEnd": "20210910.153030",
            "DateTimeMiddle": "20210910.152600",
            "DateTimeStart": "20210910.152150",
            "MaximumElevation": 33,
            "Object_NORAD": "27944",
            "Object_Name": "LARETS",
            "Pass": "NO/SO-CCW"
        },
        {
            "AzimuthEnd": 348,
            "AzimuthMiddle": 263,
            "AzimuthStart": 185,
            "CPFSource": "36508_cpf_210910_7530.sdg",
            "CampaignTrack": false,
            "DateTimeEnd": "20210910.154520",
            "DateTimeMiddle": "20210910.154010",
            "DateTimeStart": "20210910.153520",
            "MaximumElevation": 61,
            "Object_NORAD": "36508",
            "Object_Name": "CRYOSAT2",
            "Pass": "SO/NO-CW"
        },
        {
            "AzimuthEnd": 68,
            "AzimuthMiddle": 13,
            "AzimuthStart": 318,
            "CPFSource": "7646_cpf_210910_7530.sdg",
            "CampaignTrack": false,
            "DateTimeEnd": "20210910.170840",
            "DateTimeMiddle": "20210910.170340",
            "DateTimeStart": "20210910.165900",
            "MaximumElevation": 23,
            "Object_NORAD": "7646",
            "Object_Name": "STARLETTE",
            "Pass": "NO/NE-CW"
        },
        {
            "AzimuthEnd": 134,
            "AzimuthMiddle": 221,
            "AzimuthStart": 307,
            "CPFSource": "16908_cpf_210910_7530.sdg",
            "CampaignTrack": false,
            "DateTimeEnd": "20210910.172850",
            "DateTimeMiddle": "20210910.171920",
            "DateTimeStart": "20210910.171000",
            "MaximumElevation": 83,
            "Object_NORAD": "16908",
            "Object_Name": "EGS",
            "Pass": "NO/SE-CCW"
        },
        {
            "AzimuthEnd": 332,
            "AzimuthMiddle": 35,
            "AzimuthStart": 100,
            "CPFSource": "8820_cpf_210910_7530.sdg",
            "CampaignTrack": false,
            "DateTimeEnd": "20210910.181959",
            "DateTimeMiddle": "20210910.175350",
            "DateTimeStart": "20210910.172750",
            "MaximumElevation": 46,
            "Object_NORAD": "8820",
            "Object_Name": "LAGEOS1",
            "Pass": "SE/NO-CW"
        },
        {
            "AzimuthEnd": 111,
            "AzimuthMiddle": 49,
            "AzimuthStart": 346,
            "CPFSource": "33105_cpf_210910_7530.sdg",
            "CampaignTrack": false,
            "DateTimeEnd": "20210910.175420",
            "DateTimeMiddle": "20210910.174700",
            "DateTimeStart": "20210910.173940",
            "MaximumElevation": 31,
            "Object_NORAD": "33105",
            "Object_Name": "JASON2",
            "Pass": "NO/SE-CW"
        },
        {
            "AzimuthEnd": 341,
            "AzimuthMiddle": 258,
            "AzimuthStart": 178,
            "CPFSource": "31698_cpf_210910_7530.sdg",
            "CampaignTrack": false,
            "DateTimeEnd": "20210910.181949",
            "DateTimeMiddle": "20210910.181549",
            "DateTimeStart": "20210910.181210",
            "MaximumElevation": 61,
            "Object_NORAD": "31698",
            "Object_Name": "TERRASARX",
            "Pass": "SE/NO-CW"
        },
        {
            "AzimuthEnd": 341,
            "AzimuthMiddle": 259,
            "AzimuthStart": 178,
            "CPFSource": "36605_cpf_210910_7530.sdg",
            "CampaignTrack": false,
            "DateTimeEnd": "20210910.181949",
            "DateTimeMiddle": "20210910.181549",
            "DateTimeStart": "20210910.181210",
            "MaximumElevation": 61,
            "Object_NORAD": "36605",
            "Object_Name": "TANDEMX",
            "Pass": "SE/NO-CW"
        },
        {
            "AzimuthEnd": 114,
            "AzimuthMiddle": 36,
            "AzimuthStart": 313,
            "CPFSource": "7646_cpf_210910_7530.sdg",
            "CampaignTrack": false,
            "DateTimeEnd": "20210910.185949",
            "DateTimeMiddle": "20210910.185339",
            "DateTimeStart": "20210910.184749",
            "MaximumElevation": 60,
            "Object_NORAD": "7646",
            "Object_Name": "STARLETTE",
            "Pass": "NO/SE-CW"
        },
        {
            "AzimuthEnd": 212,
            "AzimuthMiddle": 285,
            "AzimuthStart": 2,
            "CPFSource": "39086_cpf_210910_7530.sdg",
            "CampaignTrack": false,
            "DateTimeEnd": "20210910.191449",
            "DateTimeMiddle": "20210910.190939",
            "DateTimeStart": "20210910.190429",
            "MaximumElevation": 50,
            "Object_NORAD": "39086",
            "Object_Name": "SARAL",
            "Pass": "NE/SO-CW"
        },
        {
            "AzimuthEnd": 188,
            "AzimuthMiddle": 237,
            "AzimuthStart": 285,
            "CPFSource": "16908_cpf_210910_7530.sdg",
            "CampaignTrack": false,
            "DateTimeEnd": "20210910.192709",
            "DateTimeMiddle": "20210910.192009",
            "DateTimeStart": "20210910.191319",
            "MaximumElevation": 22,
            "Object_NORAD": "16908",
            "Object_Name": "EGS",
            "Pass": "NO/SO-CCW"
        },
        {
            "AzimuthEnd": 170,
            "AzimuthMiddle": 246,
            "AzimuthStart": 324,
            "CPFSource": "33105_cpf_210910_7530.sdg",
            "CampaignTrack": false,
            "DateTimeEnd": "20210910.195049",
            "DateTimeMiddle": "20210910.194239",
            "DateTimeStart": "20210910.193429",
            "MaximumElevation": 58,
            "Object_NORAD": "33105",
            "Object_Name": "JASON2",
            "Pass": "NO/SE-CCW"
        },
        {
            "AzimuthEnd": 82,
            "AzimuthMiddle": 135,
            "AzimuthStart": 190,
            "CPFSource": "1328_cpf_210910_7530.sdg",
            "CampaignTrack": false,
            "DateTimeEnd": "20210910.200209",
            "DateTimeMiddle": "20210910.195519",
            "DateTimeStart": "20210910.194849",
            "MaximumElevation": 26,
            "Object_NORAD": "1328",
            "Object_Name": "EXPLORER27",
            "Pass": "SO/NE-CCW"
        },
        {
            "AzimuthEnd": 48,
            "AzimuthMiddle": 117,
            "AzimuthStart": 191,
            "CPFSource": "22195_cpf_210910_7530.sdg",
            "CampaignTrack": false,
            "DateTimeEnd": "20210910.210859",
            "DateTimeMiddle": "20210910.203749",
            "DateTimeStart": "20210910.200509",
            "MaximumElevation": 56,
            "Object_NORAD": "22195",
            "Object_Name": "LAGEOS2",
            "Pass": "SO/NE-CCW"
        },
        {
            "AzimuthEnd": 23,
            "AzimuthMiddle": 102,
            "AzimuthStart": 185,
            "CPFSource": "11111_cpf_210910_7530.sdg",
            "CampaignTrack": false,
            "DateTimeEnd": "20210910.204409",
            "DateTimeMiddle": "20210910.203839",
            "DateTimeStart": "20210910.203319",
            "MaximumElevation": 65,
            "Object_NORAD": "11111",
            "Object_Name": "POLARIS",
            "Pass": "SO/NE-CCW"
        },
        {
            "AzimuthEnd": 167,
            "AzimuthMiddle": 227,
            "AzimuthStart": 289,
            "CPFSource": "7646_cpf_210910_7530.sdg",
            "CampaignTrack": false,
            "DateTimeEnd": "20210910.204809",
            "DateTimeMiddle": "20210910.204229",
            "DateTimeStart": "20210910.203709",
            "MaximumElevation": 30,
            "Object_NORAD": "7646",
            "Object_Name": "STARLETTE",
            "Pass": "NO/SE-CCW"
        },
        {
            "AzimuthEnd": 332,
            "AzimuthMiddle": 248,
            "AzimuthStart": 166,
            "CPFSource": "8820_cpf_210910_7530.sdg",
            "CampaignTrack": false,
            "DateTimeEnd": "20210910.215319",
            "DateTimeMiddle": "20210910.212319",
            "DateTimeStart": "20210910.205429",
            "MaximumElevation": 63,
            "Object_NORAD": "8820",
            "Object_Name": "LAGEOS1",
            "Pass": "SE/NO-CW"
        },
        {
            "AzimuthEnd": 69,
            "AzimuthMiddle": 156,
            "AzimuthStart": 235,
            "CPFSource": "1328_cpf_210910_7530.sdg",
            "CampaignTrack": false,
            "DateTimeEnd": "20210910.215709",
            "DateTimeMiddle": "20210910.214829",
            "DateTimeStart": "20210910.214019",
            "MaximumElevation": 74,
            "Object_NORAD": "1328",
            "Object_Name": "EXPLORER27",
            "Pass": "SO/NE-CCW"
        },
        {
            "AzimuthEnd": 8,
            "AzimuthMiddle": 85,
            "AzimuthStart": 168,
            "CPFSource": "39453_cpf_210910_7530.sdg",
            "CampaignTrack": false,
            "DateTimeEnd": "20210910.225039",
            "DateTimeMiddle": "20210910.224709",
            "DateTimeStart": "20210910.224349",
            "MaximumElevation": 57,
            "Object_NORAD": "39453",
            "Object_Name": "SWARMC",
            "Pass": "SE/NE-CCW"
        },
        {
            "AzimuthEnd": 8,
            "AzimuthMiddle": 91,
            "AzimuthStart": 168,
            "CPFSource": "39452_cpf_210910_7530.sdg",
            "CampaignTrack": false,
            "DateTimeEnd": "20210910.225039",
            "DateTimeMiddle": "20210910.224709",
            "DateTimeStart": "20210910.224349",
            "MaximumElevation": 58,
            "Object_NORAD": "39452",
            "Object_Name": "SWARMA",
            "Pass": "SE/NE-CCW"
        },
        {
            "AzimuthEnd": 203,
            "AzimuthMiddle": 275,
            "AzimuthStart": 343,
            "CPFSource": "39451_cpf_210910_7530.sdg",
            "CampaignTrack": false,
            "DateTimeEnd": "20210910.230559",
            "DateTimeMiddle": "20210910.230219",
            "DateTimeStart": "20210910.225849",
            "MaximumElevation": 38,
            "Object_NORAD": "39451",
            "Object_Name": "SWARMB",
            "Pass": "NO/SO-CCW"
        },
        {
            "AzimuthEnd": 74,
            "AzimuthMiddle": 353,
            "AzimuthStart": 268,
            "CPFSource": "1328_cpf_210910_7530.sdg",
            "CampaignTrack": false,
            "DateTimeEnd": "20210910.235129",
            "DateTimeMiddle": "20210910.234259",
            "DateTimeStart": "20210910.233429",
            "MaximumElevation": 66,
            "Object_NORAD": "1328",
            "Object_Name": "EXPLORER27",
            "Pass": "SO/NE-CW"
        },
        {
            "AzimuthEnd": 70,
            "AzimuthMiddle": 76,
            "AzimuthStart": 83,
            "CPFSource": "38250_cpf_210910_7530.sdg",
            "CampaignTrack": false,
            "DateTimeEnd": "20210910.235819",
            "DateTimeMiddle": "20210910.234649",
            "DateTimeStart": "20210910.233539",
            "MaximumElevation": 40,
            "Object_NORAD": "38250",
            "Object_Name": "BEIDOU12",
            "Pass": "NE/NE-CCW"
        },
        {
            "AzimuthEnd": 65,
            "AzimuthMiddle": 339,
            "AzimuthStart": 255,
            "CPFSource": "22195_cpf_210910_7530.sdg",
            "CampaignTrack": false,
            "DateTimeEnd": "20210911.011559",
            "DateTimeMiddle": "20210911.004229",
            "DateTimeStart": "20210911.000819",
            "MaximumElevation": 62,
            "Object_NORAD": "22195",
            "Object_Name": "LAGEOS2",
            "Pass": "SO/NE-CW"
        },
        {
            "AzimuthEnd": 95,
            "AzimuthMiddle": 15,
            "AzimuthStart": 287,
            "CPFSource": "1328_cpf_210910_7530.sdg",
            "CampaignTrack": false,
            "DateTimeEnd": "20210911.014559",
            "DateTimeMiddle": "20210911.013749",
            "DateTimeStart": "20210911.012909",
            "MaximumElevation": 69,
            "Object_NORAD": "1328",
            "Object_Name": "EXPLORER27",
            "Pass": "NO/SE-CW"
        },
        {
            "AzimuthEnd": 334,
            "AzimuthMiddle": 262,
            "AzimuthStart": 188,
            "CPFSource": "27944_cpf_210910_7530.sdg",
            "CampaignTrack": false,
            "DateTimeEnd": "20210911.023119",
            "DateTimeMiddle": "20210911.022639",
            "DateTimeStart": "20210911.022209",
            "MaximumElevation": 43,
            "Object_NORAD": "27944",
            "Object_Name": "LARETS",
            "Pass": "SO/NO-CW"
        },
        {
            "AzimuthEnd": 130,
            "AzimuthMiddle": 207,
            "AzimuthStart": 289,
            "CPFSource": "1328_cpf_210910_7530.sdg",
            "CampaignTrack": false,
            "DateTimeEnd": "20210911.033949",
            "DateTimeMiddle": "20210911.033159",
            "DateTimeStart": "20210911.032339",
            "MaximumElevation": 64,
            "Object_NORAD": "1328",
            "Object_Name": "EXPLORER27",
            "Pass": "NO/SE-CCW"
        },
        {
            "AzimuthEnd": 193,
            "AzimuthMiddle": 270,
            "AzimuthStart": 0,
            "CPFSource": "36508_cpf_210910_7530.sdg",
            "CampaignTrack": false,
            "DateTimeEnd": "20210911.034929",
            "DateTimeMiddle": "20210911.034429",
            "DateTimeStart": "20210911.033929",
            "MaximumElevation": 71,
            "Object_NORAD": "36508",
            "Object_Name": "CRYOSAT2",
            "Pass": "N/SO-CW"
        },
        {
            "AzimuthEnd": 22,
            "AzimuthMiddle": 300,
            "AzimuthStart": 204,
            "CPFSource": "38077_cpf_210910_7530.sdg",
            "CampaignTrack": false,
            "DateTimeEnd": "20210911.040009",
            "DateTimeMiddle": "20210911.035059",
            "DateTimeStart": "20210911.034159",
            "MaximumElevation": 83,
            "Object_NORAD": "38077",
            "Object_Name": "LARES",
            "Pass": "SO/NE-CW"
        },
        {
            "AzimuthEnd": 125,
            "AzimuthMiddle": 35,
            "AzimuthStart": 305,
            "CPFSource": "22195_cpf_210910_7530.sdg",
            "CampaignTrack": false,
            "DateTimeEnd": "20210911.052909",
            "DateTimeMiddle": "20210911.045619",
            "DateTimeStart": "20210911.042249",
            "MaximumElevation": 75,
            "Object_NORAD": "22195",
            "Object_Name": "LAGEOS2",
            "Pass": "NO/SE-CW"
        },
        {
            "AzimuthEnd": 16,
            "AzimuthMiddle": 66,
            "AzimuthStart": 113,
            "CPFSource": "39086_cpf_210910_7530.sdg",
            "CampaignTrack": false,
            "DateTimeEnd": "20210911.044919",
            "DateTimeMiddle": "20210911.044509",
            "DateTimeStart": "20210911.044119",
            "MaximumElevation": 20,
            "Object_NORAD": "39086",
            "Object_Name": "SARAL",
            "Pass": "SE/NE-CCW"
        },
        {
            "AzimuthEnd": 334,
            "AzimuthMiddle": 258,
            "AzimuthStart": 187,
            "CPFSource": "39086_cpf_210910_7530.sdg",
            "CampaignTrack": false,
            "DateTimeEnd": "20210911.062929",
            "DateTimeMiddle": "20210911.062409",
            "DateTimeStart": "20210911.061909",
            "MaximumElevation": 44,
            "Object_NORAD": "39086",
            "Object_Name": "SARAL",
            "Pass": "SO/NO-CW"
        },
        {
            "AzimuthEnd": 163,
            "AzimuthMiddle": 50,
            "AzimuthStart": 342,
            "CPFSource": "11111_cpf_210910_7530.sdg",
            "CampaignTrack": false,
            "DateTimeEnd": "20210911.071549",
            "DateTimeMiddle": "20210911.071019",
            "DateTimeStart": "20210911.070459",
            "MaximumElevation": 88,
            "Object_NORAD": "11111",
            "Object_Name": "POLARIS",
            "Pass": "NO/SE-CW"
        },
        {
            "AzimuthEnd": 224,
            "AzimuthMiddle": 288,
            "AzimuthStart": 349,
            "CPFSource": "31698_cpf_210910_7530.sdg",
            "CampaignTrack": false,
            "DateTimeEnd": "20210911.072549",
            "DateTimeMiddle": "20210911.072219",
            "DateTimeStart": "20210911.071859",
            "MaximumElevation": 30,
            "Object_NORAD": "31698",
            "Object_Name": "TERRASARX",
            "Pass": "NO/SO-CCW"
        },
        {
            "AzimuthEnd": 223,
            "AzimuthMiddle": 287,
            "AzimuthStart": 349,
            "CPFSource": "36605_cpf_210910_7530.sdg",
            "CampaignTrack": false,
            "DateTimeEnd": "20210911.072549",
            "DateTimeMiddle": "20210911.072219",
            "DateTimeStart": "20210911.071859",
            "MaximumElevation": 30,
            "Object_NORAD": "36605",
            "Object_Name": "TANDEMX",
            "Pass": "NO/SO-CCW"
        },
        {
            "AzimuthEnd": 49,
            "AzimuthMiddle": 104,
            "AzimuthStart": 159,
            "CPFSource": "33105_cpf_210910_7530.sdg",
            "CampaignTrack": false,
            "DateTimeEnd": "20210911.081849",
            "DateTimeMiddle": "20210911.081159",
            "DateTimeStart": "20210911.080519",
            "MaximumElevation": 27,
            "Object_NORAD": "33105",
            "Object_Name": "JASON2",
            "Pass": "SE/NE-CCW"
        },
        {
            "AzimuthEnd": 68,
            "AzimuthMiddle": 125,
            "AzimuthStart": 182,
            "CPFSource": "16908_cpf_210910_7530.sdg",
            "CampaignTrack": false,
            "DateTimeEnd": "20210911.082149",
            "DateTimeMiddle": "20210911.081359",
            "DateTimeStart": "20210911.080619",
            "MaximumElevation": 29,
            "Object_NORAD": "16908",
            "Object_Name": "EGS",
            "Pass": "SO/NE-CCW"
        },
        {
            "AzimuthEnd": 191,
            "AzimuthMiddle": 251,
            "AzimuthStart": 307,
            "CPFSource": "22195_cpf_210910_7530.sdg",
            "CampaignTrack": false,
            "DateTimeEnd": "20210911.092219",
            "DateTimeMiddle": "20210911.085529",
            "DateTimeStart": "20210911.082929",
            "MaximumElevation": 34,
            "Object_NORAD": "22195",
            "Object_Name": "LAGEOS2",
            "Pass": "NO/SO-CCW"
        },
        {
            "AzimuthEnd": 205,
            "AzimuthMiddle": 117,
            "AzimuthStart": 25,
            "CPFSource": "8820_cpf_210910_7530.sdg",
            "CampaignTrack": false,
            "DateTimeEnd": "20210911.101919",
            "DateTimeMiddle": "20210911.094929",
            "DateTimeStart": "20210911.091919",
            "MaximumElevation": 79,
            "Object_NORAD": "8820",
            "Object_Name": "LAGEOS1",
            "Pass": "NE/SO-CW"
        },
        {
            "AzimuthEnd": 22,
            "AzimuthMiddle": 300,
            "AzimuthStart": 222,
            "CPFSource": "33105_cpf_210910_7530.sdg",
            "CampaignTrack": false,
            "DateTimeEnd": "20210911.101459",
            "DateTimeMiddle": "20210911.100639",
            "DateTimeStart": "20210911.095839",
            "MaximumElevation": 60,
            "Object_NORAD": "33105",
            "Object_Name": "JASON2",
            "Pass": "SO/NE-CW"
        },
        {
            "AzimuthEnd": 146,
            "AzimuthMiddle": 82,
            "AzimuthStart": 24,
            "CPFSource": "39453_cpf_210910_7530.sdg",
            "CampaignTrack": false,
            "DateTimeEnd": "20210911.101019",
            "DateTimeMiddle": "20210911.100709",
            "DateTimeStart": "20210911.100419",
            "MaximumElevation": 26,
            "Object_NORAD": "39453",
            "Object_Name": "SWARMC",
            "Pass": "NE/SE-CW"
        },
        {
            "AzimuthEnd": 146,
            "AzimuthMiddle": 85,
            "AzimuthStart": 23,
            "CPFSource": "39452_cpf_210910_7530.sdg",
            "CampaignTrack": false,
            "DateTimeEnd": "20210911.101019",
            "DateTimeMiddle": "20210911.100719",
            "DateTimeStart": "20210911.100419",
            "MaximumElevation": 26,
            "Object_NORAD": "39452",
            "Object_Name": "SWARMA",
            "Pass": "NE/SE-CW"
        },
        {
            "AzimuthEnd": 51,
            "AzimuthMiddle": 315,
            "AzimuthStart": 234,
            "CPFSource": "16908_cpf_210910_7530.sdg",
            "CampaignTrack": false,
            "DateTimeEnd": "20210911.102429",
            "DateTimeMiddle": "20210911.101459",
            "DateTimeStart": "20210911.100549",
            "MaximumElevation": 82,
            "Object_NORAD": "16908",
            "Object_Name": "EGS",
            "Pass": "SO/NE-CW"
        },
        {
            "AzimuthEnd": 346,
            "AzimuthMiddle": 274,
            "AzimuthStart": 201,
            "CPFSource": "39451_cpf_210910_7530.sdg",
            "CampaignTrack": false,
            "DateTimeEnd": "20210911.111529",
            "DateTimeMiddle": "20210911.111139",
            "DateTimeStart": "20210911.110759",
            "MaximumElevation": 40,
            "Object_NORAD": "39451",
            "Object_Name": "SWARMB",
            "Pass": "SO/NO-CW"
        },
        {
            "AzimuthEnd": 57,
            "AzimuthMiddle": 132,
            "AzimuthStart": 216,
            "CPFSource": "7646_cpf_210910_7530.sdg",
            "CampaignTrack": false,
            "DateTimeEnd": "20210911.115859",
            "DateTimeMiddle": "20210911.115319",
            "DateTimeStart": "20210911.114729",
            "MaximumElevation": 62,
            "Object_NORAD": "7646",
            "Object_Name": "STARLETTE",
            "Pass": "SO/NE-CCW"
        },
        {
            "AzimuthEnd": 110,
            "AzimuthMiddle": 51,
            "AzimuthStart": 353,
            "CPFSource": "38077_cpf_210910_7530.sdg",
            "CampaignTrack": false,
            "DateTimeEnd": "20210911.120649",
            "DateTimeMiddle": "20210911.115909",
            "DateTimeStart": "20210911.115139",
            "MaximumElevation": 28,
            "Object_NORAD": "38077",
            "Object_Name": "LARES",
            "Pass": "NO/SE-CW"
        },
        {
            "AzimuthEnd": 53,
            "AzimuthMiddle": 345,
            "AzimuthStart": 277,
            "CPFSource": "16908_cpf_210910_7530.sdg",
            "CampaignTrack": false,
            "DateTimeEnd": "20210911.122639",
            "DateTimeMiddle": "20210911.121759",
            "DateTimeStart": "20210911.120919",
            "MaximumElevation": 38,
            "Object_NORAD": "16908",
            "Object_Name": "EGS",
            "Pass": "NO/NE-CW"
        },
        {
            "AzimuthEnd": 272,
            "AzimuthMiddle": 332,
            "AzimuthStart": 30,
            "CPFSource": "8820_cpf_210910_7530.sdg",
            "CampaignTrack": false,
            "DateTimeEnd": "20210911.134149",
            "DateTimeMiddle": "20210911.131649",
            "DateTimeStart": "20210911.125209",
            "MaximumElevation": 39,
            "Object_NORAD": "8820",
            "Object_Name": "LAGEOS1",
            "Pass": "NE/NO-CW"
        },
        {
            "AzimuthEnd": 42,
            "AzimuthMiddle": 335,
            "AzimuthStart": 268,
            "CPFSource": "7646_cpf_210910_7530.sdg",
            "CampaignTrack": false,
            "DateTimeEnd": "20210911.134749",
            "DateTimeMiddle": "20210911.134229",
            "DateTimeStart": "20210911.133709",
            "MaximumElevation": 34,
            "Object_NORAD": "7646",
            "Object_Name": "STARLETTE",
            "Pass": "SO/NE-CW"
        },
        {
            "AzimuthEnd": 171,
            "AzimuthMiddle": 249,
            "AzimuthStart": 330,
            "CPFSource": "38077_cpf_210910_7530.sdg",
            "CampaignTrack": false,
            "DateTimeEnd": "20210911.140629",
            "DateTimeMiddle": "20210911.135739",
            "DateTimeStart": "20210911.134849",
            "MaximumElevation": 65,
            "Object_NORAD": "38077",
            "Object_Name": "LARES",
            "Pass": "NO/SE-CCW"
        },
        {
            "AzimuthEnd": 78,
            "AzimuthMiddle": 11,
            "AzimuthStart": 305,
            "CPFSource": "16908_cpf_210910_7530.sdg",
            "CampaignTrack": false,
            "DateTimeEnd": "20210911.143039",
            "DateTimeMiddle": "20210911.142159",
            "DateTimeStart": "20210911.141329",
            "MaximumElevation": 36,
            "Object_NORAD": "16908",
            "Object_Name": "EGS",
            "Pass": "NO/NE-CW"
        },
        {
            "AzimuthEnd": 177,
            "AzimuthMiddle": 100,
            "AzimuthStart": 23,
            "CPFSource": "27944_cpf_210910_7530.sdg",
            "CampaignTrack": false,
            "DateTimeEnd": "20210911.143019",
            "DateTimeMiddle": "20210911.142529",
            "DateTimeStart": "20210911.142049",
            "MaximumElevation": 51,
            "Object_NORAD": "27944",
            "Object_Name": "LARETS",
            "Pass": "NE/SE-CW"
        },
        {
            "AzimuthEnd": 9,
            "AzimuthMiddle": 77,
            "AzimuthStart": 148,
            "CPFSource": "36508_cpf_210910_7530.sdg",
            "CampaignTrack": false,
            "DateTimeEnd": "20210911.145449",
            "DateTimeMiddle": "20210911.144959",
            "DateTimeStart": "20210911.144519",
            "MaximumElevation": 40,
            "Object_NORAD": "36508",
            "Object_Name": "CRYOSAT2",
            "Pass": "SE/NE-CCW"
        },
        {
            "AzimuthEnd": 48,
            "AzimuthMiddle": 357,
            "AzimuthStart": 309,
            "CPFSource": "7646_cpf_210910_7530.sdg",
            "CampaignTrack": false,
            "DateTimeEnd": "20210911.153719",
            "DateTimeMiddle": "20210911.153249",
            "DateTimeStart": "20210911.152839",
            "MaximumElevation": 20,
            "Object_NORAD": "7646",
            "Object_Name": "STARLETTE",
            "Pass": "NO/NE-CW"
        },
        {
            "AzimuthEnd": 324,
            "AzimuthMiddle": 19,
            "AzimuthStart": 74,
            "CPFSource": "8820_cpf_210910_7530.sdg",
            "CampaignTrack": false,
            "DateTimeEnd": "20210911.165859",
            "DateTimeMiddle": "20210911.163539",
            "DateTimeStart": "20210911.161229",
            "MaximumElevation": 33,
            "Object_NORAD": "8820",
            "Object_Name": "LAGEOS1",
            "Pass": "NE/NO-CW"
        },
        {
            "AzimuthEnd": 119,
            "AzimuthMiddle": 38,
            "AzimuthStart": 309,
            "CPFSource": "16908_cpf_210910_7530.sdg",
            "CampaignTrack": false,
            "DateTimeEnd": "20210911.163429",
            "DateTimeMiddle": "20210911.162509",
            "DateTimeStart": "20210911.161549",
            "MaximumElevation": 72,
            "Object_NORAD": "16908",
            "Object_Name": "EGS",
            "Pass": "NO/SE-CW"
        },
        {
            "AzimuthEnd": 83,
            "AzimuthMiddle": 20,
            "AzimuthStart": 319,
            "CPFSource": "7646_cpf_210910_7530.sdg",
            "CampaignTrack": false,
            "DateTimeEnd": "20210911.172849",
            "DateTimeMiddle": "20210911.172319",
            "DateTimeStart": "20210911.171819",
            "MaximumElevation": 29,
            "Object_NORAD": "7646",
            "Object_Name": "STARLETTE",
            "Pass": "NO/NE-CW"
        },
        {
            "AzimuthEnd": 125,
            "AzimuthMiddle": 52,
            "AzimuthStart": 341,
            "CPFSource": "33105_cpf_210910_7530.sdg",
            "CampaignTrack": false,
            "DateTimeEnd": "20210911.180959",
            "DateTimeMiddle": "20210911.180159",
            "DateTimeStart": "20210911.175409",
            "MaximumElevation": 44,
            "Object_NORAD": "33105",
            "Object_Name": "JASON2",
            "Pass": "NO/SE-CW"
        },
        {
            "AzimuthEnd": 351,
            "AzimuthMiddle": 70,
            "AzimuthStart": 162,
            "CPFSource": "31698_cpf_210910_7530.sdg",
            "CampaignTrack": false,
            "DateTimeEnd": "20210911.180249",
            "DateTimeMiddle": "20210911.175849",
            "DateTimeStart": "20210911.175459",
            "MaximumElevation": 75,
            "Object_NORAD": "31698",
            "Object_Name": "TERRASARX",
            "Pass": "SE/NO-CW"
        },
        {
            "AzimuthEnd": 351,
            "AzimuthMiddle": 64,
            "AzimuthStart": 162,
            "CPFSource": "36605_cpf_210910_7530.sdg",
            "CampaignTrack": false,
            "DateTimeEnd": "20210911.180239",
            "DateTimeMiddle": "20210911.175849",
            "DateTimeStart": "20210911.175459",
            "MaximumElevation": 75,
            "Object_NORAD": "36605",
            "Object_Name": "TANDEMX",
            "Pass": "SE/NO-CW"
        },
        {
            "AzimuthEnd": 169,
            "AzimuthMiddle": 231,
            "AzimuthStart": 295,
            "CPFSource": "16908_cpf_210910_7530.sdg",
            "CampaignTrack": false,
            "DateTimeEnd": "20210911.183449",
            "DateTimeMiddle": "20210911.182629",
            "DateTimeStart": "20210911.181809",
            "MaximumElevation": 35,
            "Object_NORAD": "16908",
            "Object_Name": "EGS",
            "Pass": "NO/SE-CCW"
        },
        {
            "AzimuthEnd": 55,
            "AzimuthMiddle": 105,
            "AzimuthStart": 157,
            "CPFSource": "22195_cpf_210910_7530.sdg",
            "CampaignTrack": false,
            "DateTimeEnd": "20210911.191129",
            "DateTimeMiddle": "20210911.184659",
            "DateTimeStart": "20210911.182119",
            "MaximumElevation": 27,
            "Object_NORAD": "22195",
            "Object_Name": "LAGEOS2",
            "Pass": "SE/NE-CCW"
        },
        {
            "AzimuthEnd": 190,
            "AzimuthMiddle": 108,
            "AzimuthStart": 15,
            "CPFSource": "39086_cpf_210910_7530.sdg",
            "CampaignTrack": false,
            "DateTimeEnd": "20210911.184359",
            "DateTimeMiddle": "20210911.183839",
            "DateTimeStart": "20210911.183319",
            "MaximumElevation": 79,
            "Object_NORAD": "39086",
            "Object_Name": "SARAL",
            "Pass": "NE/SO-CW"
        },
        {
            "AzimuthEnd": 132,
            "AzimuthMiddle": 232,
            "AzimuthStart": 306,
            "CPFSource": "7646_cpf_210910_7530.sdg",
            "CampaignTrack": false,
            "DateTimeEnd": "20210911.191919",
            "DateTimeMiddle": "20210911.191249",
            "DateTimeStart": "20210911.190659",
            "MaximumElevation": 84,
            "Object_NORAD": "7646",
            "Object_Name": "STARLETTE",
            "Pass": "NO/SE-CCW"
        },
        {
            "AzimuthEnd": 334,
            "AzimuthMiddle": 54,
            "AzimuthStart": 142,
            "CPFSource": "8820_cpf_210910_7530.sdg",
            "CampaignTrack": false,
            "DateTimeEnd": "20210911.203049",
            "DateTimeMiddle": "20210911.200059",
            "DateTimeStart": "20210911.193149",
            "MaximumElevation": 85,
            "Object_NORAD": "8820",
            "Object_Name": "LAGEOS1",
            "Pass": "SE/NO-CW"
        },
        {
            "AzimuthEnd": 185,
            "AzimuthMiddle": 252,
            "AzimuthStart": 317,
            "CPFSource": "33105_cpf_210910_7530.sdg",
            "CampaignTrack": false,
            "DateTimeEnd": "20210911.200449",
            "DateTimeMiddle": "20210911.195709",
            "DateTimeStart": "20210911.194939",
            "MaximumElevation": 38,
            "Object_NORAD": "33105",
            "Object_Name": "JASON2",
            "Pass": "NO/SO-CCW"
        },
        {
            "AzimuthEnd": 32,
            "AzimuthMiddle": 100,
            "AzimuthStart": 168,
            "CPFSource": "11111_cpf_210910_7530.sdg",
            "CampaignTrack": false,
            "DateTimeEnd": "20210911.200939",
            "DateTimeMiddle": "20210911.200429",
            "DateTimeStart": "20210911.195929",
            "MaximumElevation": 38,
            "Object_NORAD": "11111",
            "Object_Name": "POLARIS",
            "Pass": "SE/NE-CCW"
        },
        {
            "AzimuthEnd": 70,
            "AzimuthMiddle": 151,
            "AzimuthStart": 227,
            "CPFSource": "1328_cpf_210910_7530.sdg",
            "CampaignTrack": false,
            "DateTimeEnd": "20210911.211239",
            "DateTimeMiddle": "20210911.210359",
            "DateTimeStart": "20210911.205559",
            "MaximumElevation": 62,
            "Object_NORAD": "1328",
            "Object_Name": "EXPLORER27",
            "Pass": "SO/NE-CCW"
        },
        {
            "AzimuthEnd": 352,
            "AzimuthMiddle": 297,
            "AzimuthStart": 244,
            "CPFSource": "11111_cpf_210910_7530.sdg",
            "CampaignTrack": false,
            "DateTimeEnd": "20210911.215119",
            "DateTimeMiddle": "20210911.214649",
            "DateTimeStart": "20210911.214229",
            "MaximumElevation": 22,
            "Object_NORAD": "11111",
            "Object_Name": "POLARIS",
            "Pass": "SO/NO-CW"
        },
        {
            "AzimuthEnd": 52,
            "AzimuthMiddle": 318,
            "AzimuthStart": 226,
            "CPFSource": "22195_cpf_210910_7530.sdg",
            "CampaignTrack": false,
            "DateTimeEnd": "20210911.231839",
            "DateTimeMiddle": "20210911.224459",
            "DateTimeStart": "20210911.221029",
            "MaximumElevation": 83,
            "Object_NORAD": "22195",
            "Object_Name": "LAGEOS2",
            "Pass": "SO/NE-CW"
        },
        {
            "AzimuthEnd": 189,
            "AzimuthMiddle": 266,
            "AzimuthStart": 353,
            "CPFSource": "39451_cpf_210910_7530.sdg",
            "CampaignTrack": false,
            "DateTimeEnd": "20210911.224619",
            "DateTimeMiddle": "20210911.224229",
            "DateTimeStart": "20210911.223839",
            "MaximumElevation": 64,
            "Object_NORAD": "39451",
            "Object_Name": "SWARMB",
            "Pass": "NO/SO-CCW"
        },
        {
            "AzimuthEnd": 71,
            "AzimuthMiddle": 350,
            "AzimuthStart": 262,
            "CPFSource": "1328_cpf_210910_7530.sdg",
            "CampaignTrack": false,
            "DateTimeEnd": "20210911.230659",
            "DateTimeMiddle": "20210911.225819",
            "DateTimeStart": "20210911.224949",
            "MaximumElevation": 71,
            "Object_NORAD": "1328",
            "Object_Name": "EXPLORER27",
            "Pass": "SO/NE-CW"
        },
        {
            "AzimuthEnd": 313,
            "AzimuthMiddle": 264,
            "AzimuthStart": 218,
            "CPFSource": "8820_cpf_210910_7530.sdg",
            "CampaignTrack": false,
            "DateTimeEnd": "20210911.235759",
            "DateTimeMiddle": "20210911.233709",
            "DateTimeStart": "20210911.231729",
            "MaximumElevation": 20,
            "Object_NORAD": "8820",
            "Object_Name": "LAGEOS1",
            "Pass": "SO/NO-CW"
        },
        {
            "AzimuthEnd": 43,
            "AzimuthMiddle": 93,
            "AzimuthStart": 151,
            "CPFSource": "38250_cpf_210910_7530.sdg",
            "CampaignTrack": false,
            "DateTimeEnd": "20210912.030239",
            "DateTimeMiddle": "20210912.012909",
            "DateTimeStart": "20210912.000009",
            "MaximumElevation": 67,
            "Object_NORAD": "38250",
            "Object_Name": "BEIDOU12",
            "Pass": "SE/NE-CCW"
        },
        {
            "AzimuthEnd": 89,
            "AzimuthMiddle": 10,
            "AzimuthStart": 285,
            "CPFSource": "1328_cpf_210910_7530.sdg",
            "CampaignTrack": false,
            "DateTimeEnd": "20210912.010129",
            "DateTimeMiddle": "20210912.005309",
            "DateTimeStart": "20210912.004429",
            "MaximumElevation": 65,
            "Object_NORAD": "1328",
            "Object_Name": "EXPLORER27",
            "Pass": "NO/NE-CW"
        },
        {
            "AzimuthEnd": 2,
            "AzimuthMiddle": 72,
            "AzimuthStart": 140,
            "CPFSource": "27944_cpf_210910_7530.sdg",
            "CampaignTrack": false,
            "DateTimeEnd": "20210912.013039",
            "DateTimeMiddle": "20210912.012559",
            "DateTimeStart": "20210912.012139",
            "MaximumElevation": 38,
            "Object_NORAD": "27944",
            "Object_Name": "LARETS",
            "Pass": "SE/NE-CCW"
        },
        {
            "AzimuthEnd": 96,
            "AzimuthMiddle": 12,
            "AzimuthStart": 288,
            "CPFSource": "22195_cpf_210910_7530.sdg",
            "CampaignTrack": false,
            "DateTimeEnd": "20210912.033039",
            "DateTimeMiddle": "20210912.025759",
            "DateTimeStart": "20210912.022409",
            "MaximumElevation": 59,
            "Object_NORAD": "22195",
            "Object_Name": "LAGEOS2",
            "Pass": "NO/SE-CW"
        },
        {
            "AzimuthEnd": 33,
            "AzimuthMiddle": 106,
            "AzimuthStart": 176,
            "CPFSource": "38077_cpf_210910_7530.sdg",
            "CampaignTrack": false,
            "DateTimeEnd": "20210912.025539",
            "DateTimeMiddle": "20210912.024659",
            "DateTimeStart": "20210912.023839",
            "MaximumElevation": 48,
            "Object_NORAD": "38077",
            "Object_Name": "LARES",
            "Pass": "SE/NE-CCW"
        },
        {
            "AzimuthEnd": 122,
            "AzimuthMiddle": 205,
            "AzimuthStart": 290,
            "CPFSource": "1328_cpf_210910_7530.sdg",
            "CampaignTrack": false,
            "DateTimeEnd": "20210912.025529",
            "DateTimeMiddle": "20210912.024729",
            "DateTimeStart": "20210912.023859",
            "MaximumElevation": 76,
            "Object_NORAD": "1328",
            "Object_Name": "EXPLORER27",
            "Pass": "NO/SE-CCW"
        },
        {
            "AzimuthEnd": 156,
            "AzimuthMiddle": 89,
            "AzimuthStart": 23,
            "CPFSource": "36508_cpf_210910_7530.sdg",
            "CampaignTrack": false,
            "DateTimeEnd": "20210912.025839",
            "DateTimeMiddle": "20210912.025359",
            "DateTimeStart": "20210912.024929",
            "MaximumElevation": 34,
            "Object_NORAD": "36508",
            "Object_Name": "CRYOSAT2",
            "Pass": "NE/SE-CW"
        },
        {
            "AzimuthEnd": 234,
            "AzimuthMiddle": 285,
            "AzimuthStart": 333,
            "CPFSource": "36508_cpf_210910_7530.sdg",
            "CampaignTrack": false,
            "DateTimeEnd": "20210912.043629",
            "DateTimeMiddle": "20210912.043229",
            "DateTimeStart": "20210912.042849",
            "MaximumElevation": 20,
            "Object_NORAD": "36508",
            "Object_Name": "CRYOSAT2",
            "Pass": "NO/SO-CCW"
        },
        {
            "AzimuthEnd": 167,
            "AzimuthMiddle": 223,
            "AzimuthStart": 277,
            "CPFSource": "1328_cpf_210910_7530.sdg",
            "CampaignTrack": false,
            "DateTimeEnd": "20210912.044709",
            "DateTimeMiddle": "20210912.044039",
            "DateTimeStart": "20210912.043359",
            "MaximumElevation": 26,
            "Object_NORAD": "1328",
            "Object_Name": "EXPLORER27",
            "Pass": "NO/SE-CCW"
        },
        {
            "AzimuthEnd": 11,
            "AzimuthMiddle": 303,
            "AzimuthStart": 238,
            "CPFSource": "38077_cpf_210910_7530.sdg",
            "CampaignTrack": false,
            "DateTimeEnd": "20210912.045319",
            "DateTimeMiddle": "20210912.044459",
            "DateTimeStart": "20210912.043659",
            "MaximumElevation": 37,
            "Object_NORAD": "38077",
            "Object_Name": "LARES",
            "Pass": "SO/NE-CW"
        },
        {
            "AzimuthEnd": 347,
            "AzimuthMiddle": 51,
            "AzimuthStart": 165,
            "CPFSource": "39086_cpf_210910_7530.sdg",
            "CampaignTrack": false,
            "DateTimeEnd": "20210912.055839",
            "DateTimeMiddle": "20210912.055309",
            "DateTimeStart": "20210912.054749",
            "MaximumElevation": 89,
            "Object_NORAD": "39086",
            "Object_Name": "SARAL",
            "Pass": "SE/NO-CW"
        },
        {
            "AzimuthEnd": 147,
            "AzimuthMiddle": 67,
            "AzimuthStart": 351,
            "CPFSource": "11111_cpf_210910_7530.sdg",
            "CampaignTrack": false,
            "DateTimeEnd": "20210912.064129",
            "DateTimeMiddle": "20210912.063559",
            "DateTimeStart": "20210912.063049",
            "MaximumElevation": 53,
            "Object_NORAD": "11111",
            "Object_Name": "POLARIS",
            "Pass": "NO/SE-CW"
        },
        {
            "AzimuthEnd": 160,
            "AzimuthMiddle": 238,
            "AzimuthStart": 312,
            "CPFSource": "22195_cpf_210910_7530.sdg",
            "CampaignTrack": false,
            "DateTimeEnd": "20210912.073559",
            "DateTimeMiddle": "20210912.070419",
            "DateTimeStart": "20210912.063259",
            "MaximumElevation": 65,
            "Object_NORAD": "22195",
            "Object_Name": "LAGEOS2",
            "Pass": "NO/SE-CCW"
        },
        {
            "AzimuthEnd": 208,
            "AzimuthMiddle": 288,
            "AzimuthStart": 1,
            "CPFSource": "31698_cpf_210910_7530.sdg",
            "CampaignTrack": false,
            "DateTimeEnd": "20210912.070909",
            "DateTimeMiddle": "20210912.070519",
            "DateTimeStart": "20210912.070139",
            "MaximumElevation": 50,
            "Object_NORAD": "31698",
            "Object_Name": "TERRASARX",
            "Pass": "NE/SO-CW"
        },
        {
            "AzimuthEnd": 207,
            "AzimuthMiddle": 285,
            "AzimuthStart": 0,
            "CPFSource": "36605_cpf_210910_7530.sdg",
            "CampaignTrack": false,
            "DateTimeEnd": "20210912.070909",
            "DateTimeMiddle": "20210912.070519",
            "DateTimeStart": "20210912.070139",
            "MaximumElevation": 51,
            "Object_NORAD": "36605",
            "Object_Name": "TANDEMX",
            "Pass": "N/SO-CW"
        },
        {
            "AzimuthEnd": 180,
            "AzimuthMiddle": 107,
            "AzimuthStart": 30,
            "CPFSource": "8820_cpf_210910_7530.sdg",
            "CampaignTrack": false,
            "DateTimeEnd": "20210912.085439",
            "DateTimeMiddle": "20210912.082629",
            "DateTimeStart": "20210912.075729",
            "MaximumElevation": 49,
            "Object_NORAD": "8820",
            "Object_Name": "LAGEOS1",
            "Pass": "NE/S-CW"
        },
        {
            "AzimuthEnd": 41,
            "AzimuthMiddle": 108,
            "AzimuthStart": 176,
            "CPFSource": "33105_cpf_210910_7530.sdg",
            "CampaignTrack": false,
            "DateTimeEnd": "20210912.083409",
            "DateTimeMiddle": "20210912.082629",
            "DateTimeStart": "20210912.081849",
            "MaximumElevation": 41,
            "Object_NORAD": "33105",
            "Object_Name": "JASON2",
            "Pass": "SE/NE-CCW"
        },
        {
            "AzimuthEnd": 54,
            "AzimuthMiddle": 140,
            "AzimuthStart": 219,
            "CPFSource": "16908_cpf_210910_7530.sdg",
            "CampaignTrack": false,
            "DateTimeEnd": "20210912.093019",
            "DateTimeMiddle": "20210912.092049",
            "DateTimeStart": "20210912.091139",
            "MaximumElevation": 72,
            "Object_NORAD": "16908",
            "Object_Name": "EGS",
            "Pass": "SO/NE-CCW"
        },
        {
            "AzimuthEnd": 17,
            "AzimuthMiddle": 306,
            "AzimuthStart": 236,
            "CPFSource": "33105_cpf_210910_7530.sdg",
            "CampaignTrack": false,
            "DateTimeEnd": "20210912.102939",
            "DateTimeMiddle": "20210912.102139",
            "DateTimeStart": "20210912.101359",
            "MaximumElevation": 42,
            "Object_NORAD": "33105",
            "Object_Name": "JASON2",
            "Pass": "SO/NE-CW"
        },
        {
            "AzimuthEnd": 79,
            "AzimuthMiddle": 129,
            "AzimuthStart": 176,
            "CPFSource": "7646_cpf_210910_7530.sdg",
            "CampaignTrack": false,
            "DateTimeEnd": "20210912.102819",
            "DateTimeMiddle": "20210912.102349",
            "DateTimeStart": "20210912.101929",
            "MaximumElevation": 20,
            "Object_NORAD": "7646",
            "Object_Name": "STARLETTE",
            "Pass": "SE/NE-CCW"
        },
        {
            "AzimuthEnd": 355,
            "AzimuthMiddle": 271,
            "AzimuthStart": 186,
            "CPFSource": "39451_cpf_210910_7530.sdg",
            "CampaignTrack": false,
            "DateTimeEnd": "20210912.105539",
            "DateTimeMiddle": "20210912.105139",
            "DateTimeStart": "20210912.104749",
            "MaximumElevation": 68,
            "Object_NORAD": "39451",
            "Object_Name": "SWARMB",
            "Pass": "SO/NO-CW"
        },
        {
            "AzimuthEnd": 203,
            "AzimuthMiddle": 273,
            "AzimuthStart": 341,
            "CPFSource": "39453_cpf_210910_7530.sdg",
            "CampaignTrack": false,
            "DateTimeEnd": "20210912.110159",
            "DateTimeMiddle": "20210912.105839",
            "DateTimeStart": "20210912.105529",
            "MaximumElevation": 35,
            "Object_NORAD": "39453",
            "Object_Name": "SWARMC",
            "Pass": "NO/SO-CCW"
        },
        {
            "AzimuthEnd": 204,
            "AzimuthMiddle": 275,
            "AzimuthStart": 340,
            "CPFSource": "39452_cpf_210910_7530.sdg",
            "CampaignTrack": false,
            "DateTimeEnd": "20210912.110159",
            "DateTimeMiddle": "20210912.105839",
            "DateTimeStart": "20210912.105539",
            "MaximumElevation": 35,
            "Object_NORAD": "39452",
            "Object_Name": "SWARMA",
            "Pass": "NO/SO-CCW"
        },
        {
            "AzimuthEnd": 50,
            "AzimuthMiddle": 336,
            "AzimuthStart": 264,
            "CPFSource": "16908_cpf_210910_7530.sdg",
            "CampaignTrack": false,
            "DateTimeEnd": "20210912.113219",
            "DateTimeMiddle": "20210912.112309",
            "DateTimeStart": "20210912.111419",
            "MaximumElevation": 46,
            "Object_NORAD": "16908",
            "Object_Name": "EGS",
            "Pass": "SO/NE-CW"
        },
        {
            "AzimuthEnd": 246,
            "AzimuthMiddle": 316,
            "AzimuthStart": 25,
            "CPFSource": "8820_cpf_210910_7530.sdg",
            "CampaignTrack": false,
            "DateTimeEnd": "20210912.122549",
            "DateTimeMiddle": "20210912.115759",
            "DateTimeStart": "20210912.113019",
            "MaximumElevation": 55,
            "Object_NORAD": "8820",
            "Object_Name": "LAGEOS1",
            "Pass": "NE/SO-CW"
        },
        {
            "AzimuthEnd": 50,
            "AzimuthMiddle": 331,
            "AzimuthStart": 236,
            "CPFSource": "7646_cpf_210910_7530.sdg",
            "CampaignTrack": false,
            "DateTimeEnd": "20210912.121819",
            "DateTimeMiddle": "20210912.121229",
            "DateTimeStart": "20210912.120629",
            "MaximumElevation": 77,
            "Object_NORAD": "7646",
            "Object_Name": "STARLETTE",
            "Pass": "SO/NE-CW"
        },
        {
            "AzimuthEnd": 144,
            "AzimuthMiddle": 62,
            "AzimuthStart": 341,
            "CPFSource": "38077_cpf_210910_7530.sdg",
            "CampaignTrack": false,
            "DateTimeEnd": "20210912.130229",
            "DateTimeMiddle": "20210912.125329",
            "DateTimeStart": "20210912.124439",
            "MaximumElevation": 64,
            "Object_NORAD": "38077",
            "Object_Name": "LARES",
            "Pass": "NO/SE-CW"
        },
        {
            "AzimuthEnd": 67,
            "AzimuthMiddle": 2,
            "AzimuthStart": 299,
            "CPFSource": "16908_cpf_210910_7530.sdg",
            "CampaignTrack": false,
            "DateTimeEnd": "20210912.133529",
            "DateTimeMiddle": "20210912.132659",
            "DateTimeStart": "20210912.131849",
            "MaximumElevation": 34,
            "Object_NORAD": "16908",
            "Object_Name": "EGS",
            "Pass": "NO/NE-CW"
        },
        {
            "AzimuthEnd": 40,
            "AzimuthMiddle": 343,
            "AzimuthStart": 285,
            "CPFSource": "7646_cpf_210910_7530.sdg",
            "CampaignTrack": false,
            "DateTimeEnd": "20210912.140659",
            "DateTimeMiddle": "20210912.140209",
            "DateTimeStart": "20210912.135719",
            "MaximumElevation": 25,
            "Object_NORAD": "7646",
            "Object_Name": "STARLETTE",
            "Pass": "NO/NE-CW"
        },
        {
            "AzimuthEnd": 206,
            "AzimuthMiddle": 260,
            "AzimuthStart": 312,
            "CPFSource": "38077_cpf_210910_7530.sdg",
            "CampaignTrack": false,
            "DateTimeEnd": "20210912.145749",
            "DateTimeMiddle": "20210912.145039",
            "DateTimeStart": "20210912.144339",
            "MaximumElevation": 25,
            "Object_NORAD": "38077",
            "Object_Name": "LARES",
            "Pass": "NO/SO-CCW"
        },
        {
            "AzimuthEnd": 310,
            "AzimuthMiddle": 1,
            "AzimuthStart": 51,
            "CPFSource": "8820_cpf_210910_7530.sdg",
            "CampaignTrack": false,
            "DateTimeEnd": "20210912.154039",
            "DateTimeMiddle": "20210912.151839",
            "DateTimeStart": "20210912.145659",
            "MaximumElevation": 29,
            "Object_NORAD": "8820",
            "Object_Name": "LAGEOS1",
            "Pass": "NE/NO-CW"
        },
        {
            "AzimuthEnd": 204,
            "AzimuthMiddle": 283,
            "AzimuthStart": 5,
            "CPFSource": "27944_cpf_210910_7530.sdg",
            "CampaignTrack": false,
            "DateTimeEnd": "20210912.150659",
            "DateTimeMiddle": "20210912.150209",
            "DateTimeStart": "20210912.145729",
            "MaximumElevation": 61,
            "Object_NORAD": "27944",
            "Object_Name": "LARETS",
            "Pass": "NE/SO-CW"
        },
        {
            "AzimuthEnd": 105,
            "AzimuthMiddle": 28,
            "AzimuthStart": 310,
            "CPFSource": "16908_cpf_210910_7530.sdg",
            "CampaignTrack": false,
            "DateTimeEnd": "20210912.153949",
            "DateTimeMiddle": "20210912.153039",
            "DateTimeStart": "20210912.152129",
            "MaximumElevation": 55,
            "Object_NORAD": "16908",
            "Object_Name": "EGS",
            "Pass": "NO/SE-CW"
        },
        {
            "AzimuthEnd": 346,
            "AzimuthMiddle": 269,
            "AzimuthStart": 188,
            "CPFSource": "36508_cpf_210910_7530.sdg",
            "CampaignTrack": false,
            "DateTimeEnd": "20210912.154319",
            "DateTimeMiddle": "20210912.153819",
            "DateTimeStart": "20210912.153319",
            "MaximumElevation": 55,
            "Object_NORAD": "36508",
            "Object_Name": "CRYOSAT2",
            "Pass": "SO/NO-CW"
        },
        {
            "AzimuthEnd": 57,
            "AzimuthMiddle": 6,
            "AzimuthStart": 316,
            "CPFSource": "7646_cpf_210910_7530.sdg",
            "CampaignTrack": false,
            "DateTimeEnd": "20210912.155719",
            "DateTimeMiddle": "20210912.155239",
            "DateTimeStart": "20210912.154819",
            "MaximumElevation": 20,
            "Object_NORAD": "7646",
            "Object_Name": "STARLETTE",
            "Pass": "NO/NE-CW"
        },
        {
            "AzimuthEnd": 152,
            "AzimuthMiddle": 228,
            "AzimuthStart": 301,
            "CPFSource": "16908_cpf_210910_7530.sdg",
            "CampaignTrack": false,
            "DateTimeEnd": "20210912.174139",
            "DateTimeMiddle": "20210912.173229",
            "DateTimeStart": "20210912.172339",
            "MaximumElevation": 54,
            "Object_NORAD": "16908",
            "Object_Name": "EGS",
            "Pass": "NO/SE-CCW"
        },
        {
            "AzimuthEnd": 100,
            "AzimuthMiddle": 30,
            "AzimuthStart": 316,
            "CPFSource": "7646_cpf_210910_7530.sdg",
            "CampaignTrack": false,
            "DateTimeEnd": "20210912.174849",
            "DateTimeMiddle": "20210912.174259",
            "DateTimeStart": "20210912.173729",
            "MaximumElevation": 41,
            "Object_NORAD": "7646",
            "Object_Name": "STARLETTE",
            "Pass": "NO/SE-CW"
        },
        {
            "AzimuthEnd": 1,
            "AzimuthMiddle": 72,
            "AzimuthStart": 146,
            "CPFSource": "31698_cpf_210910_7530.sdg",
            "CampaignTrack": false,
            "DateTimeEnd": "20210912.174539",
            "DateTimeMiddle": "20210912.174149",
            "DateTimeStart": "20210912.173809",
            "MaximumElevation": 42,
            "Object_NORAD": "31698",
            "Object_Name": "TERRASARX",
            "Pass": "SE/NE-CCW"
        },
        {
            "AzimuthEnd": 1,
            "AzimuthMiddle": 77,
            "AzimuthStart": 146,
            "CPFSource": "36605_cpf_210910_7530.sdg",
            "CampaignTrack": false,
            "DateTimeEnd": "20210912.174529",
            "DateTimeMiddle": "20210912.174139",
            "DateTimeStart": "20210912.173809",
            "MaximumElevation": 42,
            "Object_NORAD": "36605",
            "Object_Name": "TANDEMX",
            "Pass": "SE/NE-CCW"
        },
        {
            "AzimuthEnd": 168,
            "AzimuthMiddle": 97,
            "AzimuthStart": 28,
            "CPFSource": "39086_cpf_210910_7530.sdg",
            "CampaignTrack": false,
            "DateTimeEnd": "20210912.181239",
            "DateTimeMiddle": "20210912.180729",
            "DateTimeStart": "20210912.180229",
            "MaximumElevation": 38,
            "Object_NORAD": "39086",
            "Object_Name": "SARAL",
            "Pass": "NE/SE-CW"
        },
        {
            "AzimuthEnd": 139,
            "AzimuthMiddle": 58,
            "AzimuthStart": 337,
            "CPFSource": "33105_cpf_210910_7530.sdg",
            "CampaignTrack": false,
            "DateTimeEnd": "20210912.182519",
            "DateTimeMiddle": "20210912.181659",
            "DateTimeStart": "20210912.180849",
            "MaximumElevation": 63,
            "Object_NORAD": "33105",
            "Object_Name": "JASON2",
            "Pass": "NO/SE-CW"
        },
        {
            "AzimuthEnd": 334,
            "AzimuthMiddle": 44,
            "AzimuthStart": 117,
            "CPFSource": "8820_cpf_210910_7530.sdg",
            "CampaignTrack": false,
            "DateTimeEnd": "20210912.190809",
            "DateTimeMiddle": "20210912.184009",
            "DateTimeStart": "20210912.181219",
            "MaximumElevation": 59,
            "Object_NORAD": "8820",
            "Object_Name": "LAGEOS1",
            "Pass": "SE/NO-CW"
        },
        {
            "AzimuthEnd": 44,
            "AzimuthMiddle": 98,
            "AzimuthStart": 149,
            "CPFSource": "11111_cpf_210910_7530.sdg",
            "CampaignTrack": false,
            "DateTimeEnd": "20210912.193449",
            "DateTimeMiddle": "20210912.193019",
            "DateTimeStart": "20210912.192609",
            "MaximumElevation": 23,
            "Object_NORAD": "11111",
            "Object_Name": "POLARIS",
            "Pass": "SE/NE-CCW"
        },
        {
            "AzimuthEnd": 151,
            "AzimuthMiddle": 225,
            "AzimuthStart": 298,
            "CPFSource": "7646_cpf_210910_7530.sdg",
            "CampaignTrack": false,
            "DateTimeEnd": "20210912.193809",
            "DateTimeMiddle": "20210912.193159",
            "DateTimeStart": "20210912.192619",
            "MaximumElevation": 48,
            "Object_NORAD": "7646",
            "Object_Name": "STARLETTE",
            "Pass": "NO/SE-CCW"
        },
        {
            "AzimuthEnd": 240,
            "AzimuthMiddle": 292,
            "AzimuthStart": 344,
            "CPFSource": "39086_cpf_210910_7530.sdg",
            "CampaignTrack": false,
            "DateTimeEnd": "20210912.195059",
            "DateTimeMiddle": "20210912.194639",
            "DateTimeStart": "20210912.194229",
            "MaximumElevation": 22,
            "Object_NORAD": "39086",
            "Object_Name": "SARAL",
            "Pass": "NO/SO-CCW"
        },
        {
            "AzimuthEnd": 201,
            "AzimuthMiddle": 255,
            "AzimuthStart": 307,
            "CPFSource": "33105_cpf_210910_7530.sdg",
            "CampaignTrack": false,
            "DateTimeEnd": "20210912.201819",
            "DateTimeMiddle": "20210912.201139",
            "DateTimeStart": "20210912.200509",
            "MaximumElevation": 25,
            "Object_NORAD": "33105",
            "Object_Name": "JASON2",
            "Pass": "NO/SO-CCW"
        },
        {
            "AzimuthEnd": 72,
            "AzimuthMiddle": 145,
            "AzimuthStart": 218,
            "CPFSource": "1328_cpf_210910_7530.sdg",
            "CampaignTrack": false,
            "DateTimeEnd": "20210912.202759",
            "DateTimeMiddle": "20210912.201939",
            "DateTimeStart": "20210912.201159",
            "MaximumElevation": 50,
            "Object_NORAD": "1328",
            "Object_Name": "EXPLORER27",
            "Pass": "SO/NE-CCW"
        },
        {
            "AzimuthEnd": 47,
            "AzimuthMiddle": 120,
            "AzimuthStart": 198,
            "CPFSource": "22195_cpf_210910_7530.sdg",
            "CampaignTrack": false,
            "DateTimeEnd": "20210912.212259",
            "DateTimeMiddle": "20210912.205059",
            "DateTimeStart": "20210912.201729",
            "MaximumElevation": 64,
            "Object_NORAD": "22195",
            "Object_Name": "LAGEOS2",
            "Pass": "SO/NE-CCW"
        },
        {
            "AzimuthEnd": 187,
            "AzimuthMiddle": 260,
            "AzimuthStart": 340,
            "CPFSource": "13067_cpf_210910_7530.sdg",
            "CampaignTrack": false,
            "DateTimeEnd": "20210912.211429",
            "DateTimeMiddle": "20210912.211039",
            "DateTimeStart": "20210912.210649",
            "MaximumElevation": 50,
            "Object_NORAD": "13067",
            "Object_Name": "COSMOS1340",
            "Pass": "NO/SO-CCW"
        },
        {
            "AzimuthEnd": 1,
            "AzimuthMiddle": 293,
            "AzimuthStart": 225,
            "CPFSource": "11111_cpf_210910_7530.sdg",
            "CampaignTrack": false,
            "DateTimeEnd": "20210912.211729",
            "DateTimeMiddle": "20210912.211219",
            "DateTimeStart": "20210912.210719",
            "MaximumElevation": 36,
            "Object_NORAD": "11111",
            "Object_Name": "POLARIS",
            "Pass": "SO/NE-CW"
        },
        {
            "AzimuthEnd": 328,
            "AzimuthMiddle": 254,
            "AzimuthStart": 184,
            "CPFSource": "8820_cpf_210910_7530.sdg",
            "CampaignTrack": false,
            "DateTimeEnd": "20210912.224039",
            "DateTimeMiddle": "20210912.221219",
            "DateTimeStart": "20210912.214519",
            "MaximumElevation": 44,
            "Object_NORAD": "8820",
            "Object_Name": "LAGEOS1",
            "Pass": "SO/NO-CW"
        },
        {
            "AzimuthEnd": 70,
            "AzimuthMiddle": 346,
            "AzimuthStart": 256,
            "CPFSource": "1328_cpf_210910_7530.sdg",
            "CampaignTrack": false,
            "DateTimeEnd": "20210912.222219",
            "DateTimeMiddle": "20210912.221339",
            "DateTimeStart": "20210912.220519",
            "MaximumElevation": 77,
            "Object_NORAD": "1328",
            "Object_Name": "EXPLORER27",
            "Pass": "SO/NE-CW"
        },
        {
            "AzimuthEnd": 176,
            "AzimuthMiddle": 84,
            "AzimuthStart": 2,
            "CPFSource": "39451_cpf_210910_7530.sdg",
            "CampaignTrack": false,
            "DateTimeEnd": "20210912.222629",
            "DateTimeMiddle": "20210912.222229",
            "DateTimeStart": "20210912.221839",
            "MaximumElevation": 75,
            "Object_NORAD": "39451",
            "Object_Name": "SWARMB",
            "Pass": "NE/SE-CW"
        },
        {
            "AzimuthEnd": 354,
            "AzimuthMiddle": 272,
            "AzimuthStart": 189,
            "CPFSource": "39453_cpf_210910_7530.sdg",
            "CampaignTrack": false,
            "DateTimeEnd": "20210912.230009",
            "DateTimeMiddle": "20210912.225639",
            "DateTimeStart": "20210912.225319",
            "MaximumElevation": 63,
            "Object_NORAD": "39453",
            "Object_Name": "SWARMC",
            "Pass": "SO/NO-CW"
        },
        {
            "AzimuthEnd": 354,
            "AzimuthMiddle": 264,
            "AzimuthStart": 189,
            "CPFSource": "39452_cpf_210910_7530.sdg",
            "CampaignTrack": false,
            "DateTimeEnd": "20210912.230009",
            "DateTimeMiddle": "20210912.225639",
            "DateTimeStart": "20210912.225319",
            "MaximumElevation": 62,
            "Object_NORAD": "39452",
            "Object_Name": "SWARMA",
            "Pass": "SO/NO-CW"
        }
    ]
}
