{
    "CreationDateTime": "20220613.115658",
    "PredictionsArray": [
        {
            "AzimuthEnd": 9,
            "AzimuthMiddle": 295,
            "AzimuthStart": 223,
            "CPFSource": "23705_cpf_220613_6641.sdg",
            "CampaignTrack": false,
            "DateTimeEnd": "20220613.193617",
            "DateTimeMiddle": "20220613.193037",
            "DateTimeStart": "20220613.192507",
            "MaximumElevation": 44,
            "Object_NORAD": "23705",
            "Object_Name": "SL16-07",
            "Pass": "SO/NE-CW"
        },
        {
            "AzimuthEnd": 184,
            "AzimuthMiddle": 262,
            "AzimuthStart": 347,
            "CPFSource": "22784_cpf_220613_6641.sdg",
            "CampaignTrack": false,
            "DateTimeEnd": "20220613.202036",
            "DateTimeMiddle": "20220613.201416",
            "DateTimeStart": "20220613.200756",
            "MaximumElevation": 67,
            "Object_NORAD": "22784",
            "Object_Name": "SL14-09",
            "Pass": "NO/SO-CCW"
        },
        {
            "AzimuthEnd": 138,
            "AzimuthMiddle": 78,
            "AzimuthStart": 16,
            "CPFSource": "18749_cpf_220613_6641.sdg",
            "CampaignTrack": false,
            "DateTimeEnd": "20220613.202156",
            "DateTimeMiddle": "20220613.201756",
            "DateTimeStart": "20220613.201356",
            "MaximumElevation": 27,
            "Object_NORAD": "18749",
            "Object_Name": "SL14-06",
            "Pass": "NE/SE-CW"
        },
        {
            "AzimuthEnd": 0,
            "AzimuthMiddle": 300,
            "AzimuthStart": 243,
            "CPFSource": "25407_cpf_220613_6641.sdg",
            "CampaignTrack": false,
            "DateTimeEnd": "20220613.202736",
            "DateTimeMiddle": "20220613.202226",
            "DateTimeStart": "20220613.201736",
            "MaximumElevation": 26,
            "Object_NORAD": "25407",
            "Object_Name": "SL16-14",
            "Pass": "SO/N-CW"
        },
        {
            "AzimuthEnd": 7,
            "AzimuthMiddle": 70,
            "AzimuthStart": 128,
            "CPFSource": "16615_cpf_220613_6641.sdg",
            "CampaignTrack": false,
            "DateTimeEnd": "20220613.202836",
            "DateTimeMiddle": "20220613.202346",
            "DateTimeStart": "20220613.201916",
            "MaximumElevation": 29,
            "Object_NORAD": "16615",
            "Object_Name": "ARIANE1-1",
            "Pass": "SE/NE-CCW"
        },
        {
            "AzimuthEnd": 40,
            "AzimuthMiddle": 104,
            "AzimuthStart": 164,
            "CPFSource": "22566_cpf_220613_6641.sdg",
            "CampaignTrack": false,
            "DateTimeEnd": "20220613.203256",
            "DateTimeMiddle": "20220613.202736",
            "DateTimeStart": "20220613.202236",
            "MaximumElevation": 31,
            "Object_NORAD": "22566",
            "Object_Name": "SL16-05",
            "Pass": "SE/NE-CCW"
        },
        {
            "AzimuthEnd": 359,
            "AzimuthMiddle": 75,
            "AzimuthStart": 148,
            "CPFSource": "23343_cpf_220613_6641.sdg",
            "CampaignTrack": false,
            "DateTimeEnd": "20220613.204546",
            "DateTimeMiddle": "20220613.204116",
            "DateTimeStart": "20220613.203656",
            "MaximumElevation": 48,
            "Object_NORAD": "23343",
            "Object_Name": "SL16-02",
            "Pass": "SE/NO-CW"
        },
        {
            "AzimuthEnd": 137,
            "AzimuthMiddle": 63,
            "AzimuthStart": 349,
            "CPFSource": "23088_cpf_220613_6641.sdg",
            "CampaignTrack": false,
            "DateTimeEnd": "20220613.211436",
            "DateTimeMiddle": "20220613.210856",
            "DateTimeStart": "20220613.210316",
            "MaximumElevation": 46,
            "Object_NORAD": "23088",
            "Object_Name": "SL16-01",
            "Pass": "NO/SE-CW"
        },
        {
            "AzimuthEnd": 177,
            "AzimuthMiddle": 102,
            "AzimuthStart": 22,
            "CPFSource": "37766_cpf_220613_6641.sdg",
            "CampaignTrack": false,
            "DateTimeEnd": "20220613.214516",
            "DateTimeMiddle": "20220613.214036",
            "DateTimeStart": "20220613.213546",
            "MaximumElevation": 51,
            "Object_NORAD": "37766",
            "Object_Name": "CZ2C-06",
            "Pass": "NE/SE-CW"
        },
        {
            "AzimuthEnd": 325,
            "AzimuthMiddle": 262,
            "AzimuthStart": 203,
            "CPFSource": "16615_cpf_220613_6641.sdg",
            "CampaignTrack": false,
            "DateTimeEnd": "20220613.220756",
            "DateTimeMiddle": "20220613.220306",
            "DateTimeStart": "20220613.215836",
            "MaximumElevation": 28,
            "Object_NORAD": "16615",
            "Object_Name": "ARIANE1-1",
            "Pass": "SO/NO-CW"
        },
        {
            "AzimuthEnd": 4,
            "AzimuthMiddle": 299,
            "AzimuthStart": 236,
            "CPFSource": "22566_cpf_220613_6641.sdg",
            "CampaignTrack": false,
            "DateTimeEnd": "20220613.221706",
            "DateTimeMiddle": "20220613.221136",
            "DateTimeStart": "20220613.220626",
            "MaximumElevation": 32,
            "Object_NORAD": "22566",
            "Object_Name": "SL16-05",
            "Pass": "SO/NE-CW"
        },
        {
            "AzimuthEnd": 339,
            "AzimuthMiddle": 256,
            "AzimuthStart": 180,
            "CPFSource": "21610_cpf_220613_6641.sdg",
            "CampaignTrack": false,
            "DateTimeEnd": "20220613.223406",
            "DateTimeMiddle": "20220613.222846",
            "DateTimeStart": "20220613.222346",
            "MaximumElevation": 56,
            "Object_NORAD": "21610",
            "Object_Name": "ARIANE40-2",
            "Pass": "S/NO-CW"
        },
        {
            "AzimuthEnd": 328,
            "AzimuthMiddle": 264,
            "AzimuthStart": 197,
            "CPFSource": "20443_cpf_220613_6641.sdg",
            "CampaignTrack": false,
            "DateTimeEnd": "20220613.224806",
            "DateTimeMiddle": "20220613.224316",
            "DateTimeStart": "20220613.223836",
            "MaximumElevation": 33,
            "Object_NORAD": "20443",
            "Object_Name": "ARIANE40-1",
            "Pass": "SO/NO-CW"
        },
        {
            "AzimuthEnd": 174,
            "AzimuthMiddle": 20,
            "AzimuthStart": 353,
            "CPFSource": "19275_cpf_220613_6641.sdg",
            "CampaignTrack": false,
            "DateTimeEnd": "20220613.225716",
            "DateTimeMiddle": "20220613.225226",
            "DateTimeStart": "20220613.224756",
            "MaximumElevation": 88,
            "Object_NORAD": "19275",
            "Object_Name": "SL14-07",
            "Pass": "NO/SE-CW"
        },
        {
            "AzimuthEnd": 164,
            "AzimuthMiddle": 247,
            "AzimuthStart": 336,
            "CPFSource": "19120_cpf_220613_6641.sdg",
            "CampaignTrack": false,
            "DateTimeEnd": "20220613.230246",
            "DateTimeMiddle": "20220613.225656",
            "DateTimeStart": "20220613.225106",
            "MaximumElevation": 80,
            "Object_NORAD": "19120",
            "Object_Name": "SL16-18",
            "Pass": "NO/SE-CCW"
        },
        {
            "AzimuthEnd": 207,
            "AzimuthMiddle": 287,
            "AzimuthStart": 7,
            "CPFSource": "11081_cpf_220613_6641.sdg",
            "CampaignTrack": false,
            "DateTimeEnd": "20220614.005546",
            "DateTimeMiddle": "20220614.004936",
            "DateTimeStart": "20220614.004336",
            "MaximumElevation": 63,
            "Object_NORAD": "11081",
            "Object_Name": "DELTA1-02",
            "Pass": "NE/SO-CW"
        },
        {
            "AzimuthEnd": 21,
            "AzimuthMiddle": 85,
            "AzimuthStart": 150,
            "CPFSource": "13590_cpf_220613_6641.sdg",
            "CampaignTrack": false,
            "DateTimeEnd": "20220614.010916",
            "DateTimeMiddle": "20220614.010106",
            "DateTimeStart": "20220614.005306",
            "MaximumElevation": 37,
            "Object_NORAD": "13590",
            "Object_Name": "SL14-11",
            "Pass": "SE/NE-CCW"
        },
        {
            "AzimuthEnd": 31,
            "AzimuthMiddle": 85,
            "AzimuthStart": 141,
            "CPFSource": "20671_cpf_220613_6641.sdg",
            "CampaignTrack": false,
            "DateTimeEnd": "20220614.063116",
            "DateTimeMiddle": "20220614.062606",
            "DateTimeStart": "20220614.062056",
            "MaximumElevation": 26,
            "Object_NORAD": "20671",
            "Object_Name": "SL14-08",
            "Pass": "SE/NE-CCW"
        },
        {
            "AzimuthEnd": 191,
            "AzimuthMiddle": 268,
            "AzimuthStart": 345,
            "CPFSource": "17178_cpf_220613_6641.sdg",
            "CampaignTrack": false,
            "DateTimeEnd": "20220614.070556",
            "DateTimeMiddle": "20220614.065706",
            "DateTimeStart": "20220614.064816",
            "MaximumElevation": 60,
            "Object_NORAD": "17178",
            "Object_Name": "SL14-10",
            "Pass": "NO/SO-CCW"
        },
        {
            "AzimuthEnd": 155,
            "AzimuthMiddle": 67,
            "AzimuthStart": 340,
            "CPFSource": "22566_cpf_220613_6641.sdg",
            "CampaignTrack": false,
            "DateTimeEnd": "20220614.071406",
            "DateTimeMiddle": "20220614.070806",
            "DateTimeStart": "20220614.070216",
            "MaximumElevation": 77,
            "Object_NORAD": "22566",
            "Object_Name": "SL16-05",
            "Pass": "NO/SE-CW"
        },
        {
            "AzimuthEnd": 11,
            "AzimuthMiddle": 293,
            "AzimuthStart": 221,
            "CPFSource": "23405_cpf_220613_6641.sdg",
            "CampaignTrack": false,
            "DateTimeEnd": "20220614.071956",
            "DateTimeMiddle": "20220614.071406",
            "DateTimeStart": "20220614.070836",
            "MaximumElevation": 47,
            "Object_NORAD": "23405",
            "Object_Name": "SL16-11",
            "Pass": "SO/NE-CW"
        },
        {
            "AzimuthEnd": 24,
            "AzimuthMiddle": 88,
            "AzimuthStart": 152,
            "CPFSource": "22784_cpf_220613_6641.sdg",
            "CampaignTrack": false,
            "DateTimeEnd": "20220614.075756",
            "DateTimeMiddle": "20220614.075216",
            "DateTimeStart": "20220614.074646",
            "MaximumElevation": 34,
            "Object_NORAD": "22784",
            "Object_Name": "SL14-09",
            "Pass": "SE/NE-CCW"
        },
        {
            "AzimuthEnd": 35,
            "AzimuthMiddle": 320,
            "AzimuthStart": 229,
            "CPFSource": "15354_cpf_220613_6641.sdg",
            "CampaignTrack": false,
            "DateTimeEnd": "20220614.180006",
            "DateTimeMiddle": "20220614.175656",
            "DateTimeStart": "20220614.175346",
            "MaximumElevation": 62,
            "Object_NORAD": "15354",
            "Object_Name": "ERBS",
            "Pass": "SO/NE-CW"
        },
        {
            "AzimuthEnd": 10,
            "AzimuthMiddle": 298,
            "AzimuthStart": 222,
            "CPFSource": "23705_cpf_220613_6641.sdg",
            "CampaignTrack": false,
            "DateTimeEnd": "20220614.192116",
            "DateTimeMiddle": "20220614.191536",
            "DateTimeStart": "20220614.191006",
            "MaximumElevation": 46,
            "Object_NORAD": "23705",
            "Object_Name": "SL16-07",
            "Pass": "SO/NE-CW"
        },
        {
            "AzimuthEnd": 356,
            "AzimuthMiddle": 282,
            "AzimuthStart": 210,
            "CPFSource": "17178_cpf_220613_6641.sdg",
            "CampaignTrack": false,
            "DateTimeEnd": "20220614.200356",
            "DateTimeMiddle": "20220614.195506",
            "DateTimeStart": "20220614.194636",
            "MaximumElevation": 47,
            "Object_NORAD": "17178",
            "Object_Name": "SL14-10",
            "Pass": "SO/NO-CW"
        },
        {
            "AzimuthEnd": 1,
            "AzimuthMiddle": 299,
            "AzimuthStart": 241,
            "CPFSource": "25407_cpf_220613_6641.sdg",
            "CampaignTrack": false,
            "DateTimeEnd": "20220614.201156",
            "DateTimeMiddle": "20220614.200636",
            "DateTimeStart": "20220614.200146",
            "MaximumElevation": 28,
            "Object_NORAD": "25407",
            "Object_Name": "SL16-14",
            "Pass": "SO/NE-CW"
        },
        {
            "AzimuthEnd": 42,
            "AzimuthMiddle": 103,
            "AzimuthStart": 162,
            "CPFSource": "22566_cpf_220613_6641.sdg",
            "CampaignTrack": false,
            "DateTimeEnd": "20220614.201756",
            "DateTimeMiddle": "20220614.201246",
            "DateTimeStart": "20220614.200746",
            "MaximumElevation": 30,
            "Object_NORAD": "22566",
            "Object_Name": "SL16-05",
            "Pass": "SE/NE-CCW"
        },
        {
            "AzimuthEnd": 201,
            "AzimuthMiddle": 270,
            "AzimuthStart": 338,
            "CPFSource": "22784_cpf_220613_6641.sdg",
            "CampaignTrack": false,
            "DateTimeEnd": "20220614.203816",
            "DateTimeMiddle": "20220614.203216",
            "DateTimeStart": "20220614.202626",
            "MaximumElevation": 40,
            "Object_NORAD": "22784",
            "Object_Name": "SL14-09",
            "Pass": "NO/SO-CCW"
        },
        {
            "AzimuthEnd": 159,
            "AzimuthMiddle": 77,
            "AzimuthStart": 2,
            "CPFSource": "18749_cpf_220613_6641.sdg",
            "CampaignTrack": false,
            "DateTimeEnd": "20220614.203946",
            "DateTimeMiddle": "20220614.203506",
            "DateTimeStart": "20220614.203046",
            "MaximumElevation": 53,
            "Object_NORAD": "18749",
            "Object_Name": "SL14-06",
            "Pass": "NE/SE-CW"
        },
        {
            "AzimuthEnd": 136,
            "AzimuthMiddle": 62,
            "AzimuthStart": 350,
            "CPFSource": "23088_cpf_220613_6641.sdg",
            "CampaignTrack": false,
            "DateTimeEnd": "20220614.205956",
            "DateTimeMiddle": "20220614.205416",
            "DateTimeStart": "20220614.204846",
            "MaximumElevation": 44,
            "Object_NORAD": "23088",
            "Object_Name": "SL16-01",
            "Pass": "NO/SE-CW"
        },
        {
            "AzimuthEnd": 347,
            "AzimuthMiddle": 30,
            "AzimuthStart": 166,
            "CPFSource": "23343_cpf_220613_6641.sdg",
            "CampaignTrack": false,
            "DateTimeEnd": "20220614.210856",
            "DateTimeMiddle": "20220614.210416",
            "DateTimeStart": "20220614.205946",
            "MaximumElevation": 89,
            "Object_NORAD": "23343",
            "Object_Name": "SL16-02",
            "Pass": "SE/NO-CW"
        },
        {
            "AzimuthEnd": 339,
            "AzimuthMiddle": 260,
            "AzimuthStart": 179,
            "CPFSource": "16615_cpf_220613_6641.sdg",
            "CampaignTrack": false,
            "DateTimeEnd": "20220614.213726",
            "DateTimeMiddle": "20220614.213206",
            "DateTimeStart": "20220614.212656",
            "MaximumElevation": 58,
            "Object_NORAD": "16615",
            "Object_Name": "ARIANE1-1",
            "Pass": "SE/NO-CW"
        },
        {
            "AzimuthEnd": 355,
            "AzimuthMiddle": 74,
            "AzimuthStart": 151,
            "CPFSource": "21610_cpf_220613_6641.sdg",
            "CampaignTrack": false,
            "DateTimeEnd": "20220614.215416",
            "DateTimeMiddle": "20220614.214906",
            "DateTimeStart": "20220614.214406",
            "MaximumElevation": 56,
            "Object_NORAD": "21610",
            "Object_Name": "ARIANE40-2",
            "Pass": "SE/NO-CW"
        },
        {
            "AzimuthEnd": 4,
            "AzimuthMiddle": 300,
            "AzimuthStart": 234,
            "CPFSource": "22566_cpf_220613_6641.sdg",
            "CampaignTrack": false,
            "DateTimeEnd": "20220614.220206",
            "DateTimeMiddle": "20220614.215646",
            "DateTimeStart": "20220614.215126",
            "MaximumElevation": 33,
            "Object_NORAD": "22566",
            "Object_Name": "SL16-05",
            "Pass": "SO/NE-CW"
        },
        {
            "AzimuthEnd": 345,
            "AzimuthMiddle": 259,
            "AzimuthStart": 168,
            "CPFSource": "20443_cpf_220613_6641.sdg",
            "CampaignTrack": false,
            "DateTimeEnd": "20220614.221126",
            "DateTimeMiddle": "20220614.220606",
            "DateTimeStart": "20220614.220056",
            "MaximumElevation": 82,
            "Object_NORAD": "20443",
            "Object_Name": "ARIANE40-1",
            "Pass": "SE/NO-CW"
        },
        {
            "AzimuthEnd": 202,
            "AzimuthMiddle": 287,
            "AzimuthStart": 7,
            "CPFSource": "37766_cpf_220613_6641.sdg",
            "CampaignTrack": false,
            "DateTimeEnd": "20220614.221826",
            "DateTimeMiddle": "20220614.221336",
            "DateTimeStart": "20220614.220846",
            "MaximumElevation": 67,
            "Object_NORAD": "37766",
            "Object_Name": "CZ2C-06",
            "Pass": "NE/SO-CW"
        },
        {
            "AzimuthEnd": 159,
            "AzimuthMiddle": 7,
            "AzimuthStart": 338,
            "CPFSource": "19120_cpf_220613_6641.sdg",
            "CampaignTrack": false,
            "DateTimeEnd": "20220614.224336",
            "DateTimeMiddle": "20220614.223736",
            "DateTimeStart": "20220614.223156",
            "MaximumElevation": 87,
            "Object_NORAD": "19120",
            "Object_Name": "SL16-18",
            "Pass": "NO/SE-CW"
        },
        {
            "AzimuthEnd": 194,
            "AzimuthMiddle": 266,
            "AzimuthStart": 340,
            "CPFSource": "19275_cpf_220613_6641.sdg",
            "CampaignTrack": false,
            "DateTimeEnd": "20220614.231436",
            "DateTimeMiddle": "20220614.231006",
            "DateTimeStart": "20220614.230536",
            "MaximumElevation": 45,
            "Object_NORAD": "19275",
            "Object_Name": "SL14-07",
            "Pass": "NO/SO-CCW"
        },
        {
            "AzimuthEnd": 37,
            "AzimuthMiddle": 102,
            "AzimuthStart": 170,
            "CPFSource": "17590_cpf_220613_6641.sdg",
            "CampaignTrack": false,
            "DateTimeEnd": "20220615.010916",
            "DateTimeMiddle": "20220615.010356",
            "DateTimeStart": "20220615.005836",
            "MaximumElevation": 37,
            "Object_NORAD": "17590",
            "Object_Name": "SL16-10",
            "Pass": "SE/NE-CCW"
        },
        {
            "AzimuthEnd": 217,
            "AzimuthMiddle": 288,
            "AzimuthStart": 1,
            "CPFSource": "11081_cpf_220613_6641.sdg",
            "CampaignTrack": false,
            "DateTimeEnd": "20220615.011046",
            "DateTimeMiddle": "20220615.010456",
            "DateTimeStart": "20220615.005916",
            "MaximumElevation": 47,
            "Object_NORAD": "11081",
            "Object_Name": "DELTA1-02",
            "Pass": "NE/SO-CW"
        },
        {
            "AzimuthEnd": 147,
            "AzimuthMiddle": 226,
            "AzimuthStart": 314,
            "CPFSource": "15354_cpf_220613_6641.sdg",
            "CampaignTrack": false,
            "DateTimeEnd": "20220615.020236",
            "DateTimeMiddle": "20220615.015926",
            "DateTimeStart": "20220615.015616",
            "MaximumElevation": 67,
            "Object_NORAD": "15354",
            "Object_Name": "ERBS",
            "Pass": "NO/SE-CCW"
        },
        {
            "AzimuthEnd": 20,
            "AzimuthMiddle": 90,
            "AzimuthStart": 159,
            "CPFSource": "20671_cpf_220613_6641.sdg",
            "CampaignTrack": false,
            "DateTimeEnd": "20220615.064846",
            "DateTimeMiddle": "20220615.064246",
            "DateTimeStart": "20220615.063656",
            "MaximumElevation": 42,
            "Object_NORAD": "20671",
            "Object_Name": "SL14-08",
            "Pass": "SE/NE-CCW"
        },
        {
            "AzimuthEnd": 153,
            "AzimuthMiddle": 74,
            "AzimuthStart": 341,
            "CPFSource": "22566_cpf_220613_6641.sdg",
            "CampaignTrack": false,
            "DateTimeEnd": "20220615.065906",
            "DateTimeMiddle": "20220615.065316",
            "DateTimeStart": "20220615.064726",
            "MaximumElevation": 73,
            "Object_NORAD": "22566",
            "Object_Name": "SL16-05",
            "Pass": "NO/SE-CW"
        },
        {
            "AzimuthEnd": 12,
            "AzimuthMiddle": 293,
            "AzimuthStart": 219,
            "CPFSource": "23405_cpf_220613_6641.sdg",
            "CampaignTrack": false,
            "DateTimeEnd": "20220615.070446",
            "DateTimeMiddle": "20220615.065856",
            "DateTimeStart": "20220615.065326",
            "MaximumElevation": 50,
            "Object_NORAD": "23405",
            "Object_Name": "SL16-11",
            "Pass": "SO/NE-CW"
        },
        {
            "AzimuthEnd": 24,
            "AzimuthMiddle": 92,
            "AzimuthStart": 157,
            "CPFSource": "18959_cpf_220613_6641.sdg",
            "CampaignTrack": false,
            "DateTimeEnd": "20220615.070726",
            "DateTimeMiddle": "20220615.070306",
            "DateTimeStart": "20220615.065856",
            "MaximumElevation": 34,
            "Object_NORAD": "18959",
            "Object_Name": "SL14-05",
            "Pass": "SE/NE-CCW"
        },
        {
            "AzimuthEnd": 58,
            "AzimuthMiddle": 127,
            "AzimuthStart": 191,
            "CPFSource": "15354_cpf_220613_6641.sdg",
            "CampaignTrack": false,
            "DateTimeEnd": "20220615.165726",
            "DateTimeMiddle": "20220615.165426",
            "DateTimeStart": "20220615.165146",
            "MaximumElevation": 31,
            "Object_NORAD": "15354",
            "Object_Name": "ERBS",
            "Pass": "SO/NE-CCW"
        },
        {
            "AzimuthEnd": 207,
            "AzimuthMiddle": 270,
            "AzimuthStart": 334,
            "CPFSource": "20671_cpf_220613_6641.sdg",
            "CampaignTrack": false,
            "DateTimeEnd": "20220615.192756",
            "DateTimeMiddle": "20220615.192216",
            "DateTimeStart": "20220615.191636",
            "MaximumElevation": 34,
            "Object_NORAD": "20671",
            "Object_Name": "SL14-08",
            "Pass": "NO/SO-CCW"
        },
        {
            "AzimuthEnd": 2,
            "AzimuthMiddle": 301,
            "AzimuthStart": 238,
            "CPFSource": "25407_cpf_220613_6641.sdg",
            "CampaignTrack": false,
            "DateTimeEnd": "20220615.195606",
            "DateTimeMiddle": "20220615.195056",
            "DateTimeStart": "20220615.194546",
            "MaximumElevation": 30,
            "Object_NORAD": "25407",
            "Object_Name": "SL16-14",
            "Pass": "SO/NE-CW"
        },
        {
            "AzimuthEnd": 42,
            "AzimuthMiddle": 101,
            "AzimuthStart": 161,
            "CPFSource": "22566_cpf_220613_6641.sdg",
            "CampaignTrack": false,
            "DateTimeEnd": "20220615.200306",
            "DateTimeMiddle": "20220615.195756",
            "DateTimeStart": "20220615.195256",
            "MaximumElevation": 28,
            "Object_NORAD": "22566",
            "Object_Name": "SL16-05",
            "Pass": "SE/NE-CCW"
        },
        {
            "AzimuthEnd": 134,
            "AzimuthMiddle": 65,
            "AzimuthStart": 351,
            "CPFSource": "23088_cpf_220613_6641.sdg",
            "CampaignTrack": false,
            "DateTimeEnd": "20220615.204516",
            "DateTimeMiddle": "20220615.203946",
            "DateTimeStart": "20220615.203416",
            "MaximumElevation": 42,
            "Object_NORAD": "23088",
            "Object_Name": "SL16-01",
            "Pass": "NO/SE-CW"
        },
        {
            "AzimuthEnd": 179,
            "AzimuthMiddle": 277,
            "AzimuthStart": 349,
            "CPFSource": "18749_cpf_220613_6641.sdg",
            "CampaignTrack": false,
            "DateTimeEnd": "20220615.205656",
            "DateTimeMiddle": "20220615.205216",
            "DateTimeStart": "20220615.204756",
            "MaximumElevation": 75,
            "Object_NORAD": "18749",
            "Object_Name": "SL14-06",
            "Pass": "NO/SE-CCW"
        },
        {
            "AzimuthEnd": 352,
            "AzimuthMiddle": 78,
            "AzimuthStart": 156,
            "CPFSource": "16615_cpf_220613_6641.sdg",
            "CampaignTrack": false,
            "DateTimeEnd": "20220615.210636",
            "DateTimeMiddle": "20220615.210106",
            "DateTimeStart": "20220615.205556",
            "MaximumElevation": 68,
            "Object_NORAD": "16615",
            "Object_Name": "ARIANE1-1",
            "Pass": "SE/NO-CW"
        },
        {
            "AzimuthEnd": 150,
            "AzimuthMiddle": 94,
            "AzimuthStart": 40,
            "CPFSource": "37766_cpf_220613_6641.sdg",
            "CampaignTrack": false,
            "DateTimeEnd": "20220615.211326",
            "DateTimeMiddle": "20220615.210926",
            "DateTimeStart": "20220615.210536",
            "MaximumElevation": 23,
            "Object_NORAD": "37766",
            "Object_Name": "CZ2C-06",
            "Pass": "NE/SE-CW"
        },
        {
            "AzimuthEnd": 336,
            "AzimuthMiddle": 259,
            "AzimuthStart": 185,
            "CPFSource": "23343_cpf_220613_6641.sdg",
            "CampaignTrack": false,
            "DateTimeEnd": "20220615.213156",
            "DateTimeMiddle": "20220615.212716",
            "DateTimeStart": "20220615.212256",
            "MaximumElevation": 47,
            "Object_NORAD": "23343",
            "Object_Name": "SL16-02",
            "Pass": "SO/NO-CW"
        },
        {
            "AzimuthEnd": 0,
            "AzimuthMiddle": 74,
            "AzimuthStart": 141,
            "CPFSource": "20443_cpf_220613_6641.sdg",
            "CampaignTrack": false,
            "DateTimeEnd": "20220615.213416",
            "DateTimeMiddle": "20220615.212906",
            "DateTimeStart": "20220615.212416",
            "MaximumElevation": 42,
            "Object_NORAD": "20443",
            "Object_Name": "ARIANE40-1",
            "Pass": "SE/N-CCW"
        },
        {
            "AzimuthEnd": 5,
            "AzimuthMiddle": 298,
            "AzimuthStart": 232,
            "CPFSource": "22566_cpf_220613_6641.sdg",
            "CampaignTrack": false,
            "DateTimeEnd": "20220615.214716",
            "DateTimeMiddle": "20220615.214146",
            "DateTimeStart": "20220615.213626",
            "MaximumElevation": 35,
            "Object_NORAD": "22566",
            "Object_Name": "SL16-05",
            "Pass": "SO/NE-CW"
        },
        {
            "AzimuthEnd": 154,
            "AzimuthMiddle": 68,
            "AzimuthStart": 340,
            "CPFSource": "19120_cpf_220613_6641.sdg",
            "CampaignTrack": false,
            "DateTimeEnd": "20220615.222416",
            "DateTimeMiddle": "20220615.221826",
            "DateTimeStart": "20220615.221236",
            "MaximumElevation": 77,
            "Object_NORAD": "19120",
            "Object_Name": "SL16-18",
            "Pass": "NO/SE-CW"
        },
        {
            "AzimuthEnd": 228,
            "AzimuthMiddle": 289,
            "AzimuthStart": 351,
            "CPFSource": "37766_cpf_220613_6641.sdg",
            "CampaignTrack": false,
            "DateTimeEnd": "20220615.225046",
            "DateTimeMiddle": "20220615.224636",
            "DateTimeStart": "20220615.224216",
            "MaximumElevation": 29,
            "Object_NORAD": "37766",
            "Object_Name": "CZ2C-06",
            "Pass": "NO/SO-CCW"
        },
        {
            "AzimuthEnd": 330,
            "AzimuthMiddle": 260,
            "AzimuthStart": 195,
            "CPFSource": "21610_cpf_220613_6641.sdg",
            "CampaignTrack": false,
            "DateTimeEnd": "20220615.225306",
            "DateTimeMiddle": "20220615.224806",
            "DateTimeStart": "20220615.224326",
            "MaximumElevation": 35,
            "Object_NORAD": "21610",
            "Object_Name": "ARIANE40-2",
            "Pass": "SO/NO-CW"
        },
        {
            "AzimuthEnd": 159,
            "AzimuthMiddle": 98,
            "AzimuthStart": 35,
            "CPFSource": "11081_cpf_220613_6641.sdg",
            "CampaignTrack": false,
            "DateTimeEnd": "20220615.234306",
            "DateTimeMiddle": "20220615.233746",
            "DateTimeStart": "20220615.233226",
            "MaximumElevation": 30,
            "Object_NORAD": "11081",
            "Object_Name": "DELTA1-02",
            "Pass": "NE/SE-CW"
        }
    ]
}
