{
    "CreationDateTime": "20221020.111143",
    "PredictionsArray": [
        {
            "AzimuthEnd": 159,
            "AzimuthMiddle": 97,
            "AzimuthStart": 35,
            "CPFSource": "37766_cpf_221020_7931.tjr",
            "CampaignTrack": false,
            "DateTimeEnd": "20221020.213518",
            "DateTimeMiddle": "20221020.213108",
            "DateTimeStart": "20221020.212658",
            "MaximumElevation": 29,
            "Object_NORAD": "37766",
            "Object_Name": "CZ2C-06",
            "Pass": "NE/SE-CW"
        },
        {
            "AzimuthEnd": 342,
            "AzimuthMiddle": 255,
            "AzimuthStart": 175,
            "CPFSource": "20443_cpf_221020_7931.tjr",
            "CampaignTrack": false,
            "DateTimeEnd": "20221020.222028",
            "DateTimeMiddle": "20221020.221508",
            "DateTimeStart": "20221020.220958",
            "MaximumElevation": 68,
            "Object_NORAD": "20443",
            "Object_Name": "ARIANE40-1",
            "Pass": "SE/NO-CW"
        },
        {
            "AzimuthEnd": 335,
            "AzimuthMiddle": 260,
            "AzimuthStart": 188,
            "CPFSource": "21610_cpf_221020_7931.tjr",
            "CampaignTrack": false,
            "DateTimeEnd": "20221020.224038",
            "DateTimeMiddle": "20221020.223528",
            "DateTimeStart": "20221020.223038",
            "MaximumElevation": 45,
            "Object_NORAD": "21610",
            "Object_Name": "ARIANE40-2",
            "Pass": "SO/NO-CW"
        },
        {
            "AzimuthEnd": 162,
            "AzimuthMiddle": 79,
            "AzimuthStart": 359,
            "CPFSource": "13590_cpf_221020_7931.tjr",
            "CampaignTrack": false,
            "DateTimeEnd": "20221020.231738",
            "DateTimeMiddle": "20221020.230828",
            "DateTimeStart": "20221020.225938",
            "MaximumElevation": 64,
            "Object_NORAD": "13590",
            "Object_Name": "SL14-11",
            "Pass": "NO/SE-CW"
        },
        {
            "AzimuthEnd": 238,
            "AzimuthMiddle": 293,
            "AzimuthStart": 345,
            "CPFSource": "37766_cpf_221020_7931.tjr",
            "CampaignTrack": false,
            "DateTimeEnd": "20221020.231148",
            "DateTimeMiddle": "20221020.230758",
            "DateTimeStart": "20221020.230418",
            "MaximumElevation": 23,
            "Object_NORAD": "37766",
            "Object_Name": "CZ2C-06",
            "Pass": "NO/SO-CCW"
        },
        {
            "AzimuthEnd": 23,
            "AzimuthMiddle": 133,
            "AzimuthStart": 199,
            "CPFSource": "17590_cpf_221020_7931.tjr",
            "CampaignTrack": false,
            "DateTimeEnd": "20221020.232828",
            "DateTimeMiddle": "20221020.232228",
            "DateTimeStart": "20221020.231648",
            "MaximumElevation": 86,
            "Object_NORAD": "17590",
            "Object_Name": "SL16-10",
            "Pass": "SO/NE-CCW"
        },
        {
            "AzimuthEnd": 154,
            "AzimuthMiddle": 75,
            "AzimuthStart": 342,
            "CPFSource": "16182_cpf_221020_7931.tjr",
            "CampaignTrack": false,
            "DateTimeEnd": "20221021.000958",
            "DateTimeMiddle": "20221021.000408",
            "DateTimeStart": "20221020.235818",
            "MaximumElevation": 75,
            "Object_NORAD": "16182",
            "Object_Name": "SL16-09",
            "Pass": "NO/SE-CW"
        },
        {
            "AzimuthEnd": 353,
            "AzimuthMiddle": 282,
            "AzimuthStart": 209,
            "CPFSource": "17912_cpf_221020_7931.tjr",
            "CampaignTrack": false,
            "DateTimeEnd": "20221021.003628",
            "DateTimeMiddle": "20221021.003158",
            "DateTimeStart": "20221021.002738",
            "MaximumElevation": 42,
            "Object_NORAD": "17912",
            "Object_Name": "SL14-03",
            "Pass": "SO/NO-CW"
        },
        {
            "AzimuthEnd": 162,
            "AzimuthMiddle": 261,
            "AzimuthStart": 337,
            "CPFSource": "19650_cpf_221020_7931.tjr",
            "CampaignTrack": false,
            "DateTimeEnd": "20221021.005938",
            "DateTimeMiddle": "20221021.005338",
            "DateTimeStart": "20221021.004758",
            "MaximumElevation": 86,
            "Object_NORAD": "19650",
            "Object_Name": "SL16-19",
            "Pass": "NO/SE-CCW"
        },
        {
            "AzimuthEnd": 42,
            "AzimuthMiddle": 169,
            "AzimuthStart": 219,
            "CPFSource": "15354_cpf_221020_7931.tjr",
            "CampaignTrack": false,
            "DateTimeEnd": "20221021.184238",
            "DateTimeMiddle": "20221021.183938",
            "DateTimeStart": "20221021.183648",
            "MaximumElevation": 85,
            "Object_NORAD": "15354",
            "Object_Name": "ERBS",
            "Pass": "SO/NE-CCW"
        },
        {
            "AzimuthEnd": 343,
            "AzimuthMiddle": 263,
            "AzimuthStart": 174,
            "CPFSource": "16615_cpf_221020_7931.tjr",
            "CampaignTrack": false,
            "DateTimeEnd": "20221021.211928",
            "DateTimeMiddle": "20221021.211408",
            "DateTimeStart": "20221021.210848",
            "MaximumElevation": 70,
            "Object_NORAD": "16615",
            "Object_Name": "ARIANE1-1",
            "Pass": "SE/NO-CW"
        },
        {
            "AzimuthEnd": 358,
            "AzimuthMiddle": 74,
            "AzimuthStart": 148,
            "CPFSource": "20443_cpf_221020_7931.tjr",
            "CampaignTrack": false,
            "DateTimeEnd": "20221021.214318",
            "DateTimeMiddle": "20221021.213808",
            "DateTimeStart": "20221021.213308",
            "MaximumElevation": 51,
            "Object_NORAD": "20443",
            "Object_Name": "ARIANE40-1",
            "Pass": "SE/NO-CW"
        },
        {
            "AzimuthEnd": 352,
            "AzimuthMiddle": 78,
            "AzimuthStart": 158,
            "CPFSource": "21610_cpf_221020_7931.tjr",
            "CampaignTrack": false,
            "DateTimeEnd": "20221021.220058",
            "DateTimeMiddle": "20221021.215538",
            "DateTimeStart": "20221021.215038",
            "MaximumElevation": 71,
            "Object_NORAD": "21610",
            "Object_Name": "ARIANE40-2",
            "Pass": "SE/NO-CW"
        },
        {
            "AzimuthEnd": 186,
            "AzimuthMiddle": 95,
            "AzimuthStart": 17,
            "CPFSource": "37766_cpf_221020_7931.tjr",
            "CampaignTrack": false,
            "DateTimeEnd": "20221021.220858",
            "DateTimeMiddle": "20221021.220408",
            "DateTimeStart": "20221021.215928",
            "MaximumElevation": 70,
            "Object_NORAD": "37766",
            "Object_Name": "CZ2C-06",
            "Pass": "NE/SO-CW"
        },
        {
            "AzimuthEnd": 24,
            "AzimuthMiddle": 100,
            "AzimuthStart": 196,
            "CPFSource": "17590_cpf_221020_7931.tjr",
            "CampaignTrack": false,
            "DateTimeEnd": "20221021.231138",
            "DateTimeMiddle": "20221021.230548",
            "DateTimeStart": "20221021.225958",
            "MaximumElevation": 79,
            "Object_NORAD": "17590",
            "Object_Name": "SL16-10",
            "Pass": "SO/NE-CCW"
        },
        {
            "AzimuthEnd": 151,
            "AzimuthMiddle": 64,
            "AzimuthStart": 343,
            "CPFSource": "16182_cpf_221020_7931.tjr",
            "CampaignTrack": false,
            "DateTimeEnd": "20221021.235348",
            "DateTimeMiddle": "20221021.234748",
            "DateTimeStart": "20221021.234208",
            "MaximumElevation": 69,
            "Object_NORAD": "16182",
            "Object_Name": "SL16-09",
            "Pass": "NO/SE-CW"
        },
        {
            "AzimuthEnd": 201,
            "AzimuthMiddle": 273,
            "AzimuthStart": 341,
            "CPFSource": "13590_cpf_221020_7931.tjr",
            "CampaignTrack": false,
            "DateTimeEnd": "20221022.002438",
            "DateTimeMiddle": "20221022.001558",
            "DateTimeStart": "20221022.000738",
            "MaximumElevation": 47,
            "Object_NORAD": "13590",
            "Object_Name": "SL14-11",
            "Pass": "NO/SO-CCW"
        },
        {
            "AzimuthEnd": 159,
            "AzimuthMiddle": 118,
            "AzimuthStart": 339,
            "CPFSource": "19650_cpf_221020_7931.tjr",
            "CampaignTrack": false,
            "DateTimeEnd": "20221022.004348",
            "DateTimeMiddle": "20221022.003758",
            "DateTimeStart": "20221022.003208",
            "MaximumElevation": 87,
            "Object_NORAD": "19650",
            "Object_Name": "SL16-19",
            "Pass": "NO/SE-CW"
        },
        {
            "AzimuthEnd": 134,
            "AzimuthMiddle": 63,
            "AzimuthStart": 324,
            "CPFSource": "15354_cpf_221020_7931.tjr",
            "CampaignTrack": false,
            "DateTimeEnd": "20221022.024058",
            "DateTimeMiddle": "20221022.023758",
            "DateTimeStart": "20221022.023458",
            "MaximumElevation": 68,
            "Object_NORAD": "15354",
            "Object_Name": "ERBS",
            "Pass": "NO/SE-CW"
        },
        {
            "AzimuthEnd": 212,
            "AzimuthMiddle": 286,
            "AzimuthStart": 1,
            "CPFSource": "37766_cpf_221020_7931.tjr",
            "CampaignTrack": false,
            "DateTimeEnd": "20221022.224138",
            "DateTimeMiddle": "20221022.223708",
            "DateTimeStart": "20221022.223238",
            "MaximumElevation": 49,
            "Object_NORAD": "37766",
            "Object_Name": "CZ2C-06",
            "Pass": "NE/SO-CW"
        },
        {
            "AzimuthEnd": 26,
            "AzimuthMiddle": 109,
            "AzimuthStart": 193,
            "CPFSource": "17590_cpf_221020_7931.tjr",
            "CampaignTrack": false,
            "DateTimeEnd": "20221022.225458",
            "DateTimeMiddle": "20221022.224858",
            "DateTimeStart": "20221022.224318",
            "MaximumElevation": 73,
            "Object_NORAD": "17590",
            "Object_Name": "SL16-10",
            "Pass": "SO/NE-CCW"
        },
        {
            "AzimuthEnd": 178,
            "AzimuthMiddle": 273,
            "AzimuthStart": 352,
            "CPFSource": "13590_cpf_221020_7931.tjr",
            "CampaignTrack": false,
            "DateTimeEnd": "20221022.233618",
            "DateTimeMiddle": "20221022.232708",
            "DateTimeStart": "20221022.231808",
            "MaximumElevation": 85,
            "Object_NORAD": "13590",
            "Object_Name": "SL14-11",
            "Pass": "NO/SE-CCW"
        },
        {
            "AzimuthEnd": 17,
            "AzimuthMiddle": 89,
            "AzimuthStart": 169,
            "CPFSource": "17912_cpf_221020_7931.tjr",
            "CampaignTrack": false,
            "DateTimeEnd": "20221022.233318",
            "DateTimeMiddle": "20221022.232848",
            "DateTimeStart": "20221022.232418",
            "MaximumElevation": 51,
            "Object_NORAD": "17912",
            "Object_Name": "SL14-03",
            "Pass": "SE/NE-CCW"
        },
        {
            "AzimuthEnd": 149,
            "AzimuthMiddle": 68,
            "AzimuthStart": 344,
            "CPFSource": "16182_cpf_221020_7931.tjr",
            "CampaignTrack": false,
            "DateTimeEnd": "20221022.233728",
            "DateTimeMiddle": "20221022.233138",
            "DateTimeStart": "20221022.232548",
            "MaximumElevation": 64,
            "Object_NORAD": "16182",
            "Object_Name": "SL16-09",
            "Pass": "NO/SE-CW"
        }
    ]
}
