{
    "CreationDateTime": "20210623.152034",
    "PredictionsArray": [
        {
            "AzimuthEnd": 151,
            "AzimuthMiddle": 58,
            "AzimuthStart": 28,
            "CPFSource": "38250_cpf_210623_6740.sdg",
            "CampaignTrack": false,
            "DateTimeEnd": "20210623.172635",
            "DateTimeMiddle": "20210623.153545",
            "DateTimeStart": "20210623.152025",
            "MaximumElevation": 77,
            "Object_NORAD": "38250",
            "Object_Name": "BEIDOU12",
            "Pass": "NE/SE-CW"
        },
        {
            "AzimuthEnd": 164,
            "AzimuthMiddle": 239,
            "AzimuthStart": 311,
            "CPFSource": "22195_cpf_210623_6740.sdg",
            "CampaignTrack": false,
            "DateTimeEnd": "20210623.163135",
            "DateTimeMiddle": "20210623.155955",
            "DateTimeStart": "20210623.152905",
            "MaximumElevation": 61,
            "Object_NORAD": "22195",
            "Object_Name": "LAGEOS2",
            "Pass": "NO/SE-CCW"
        },
        {
            "AzimuthEnd": 270,
            "AzimuthMiddle": 331,
            "AzimuthStart": 30,
            "CPFSource": "8820_cpf_210623_6740.sdg",
            "CampaignTrack": false,
            "DateTimeEnd": "20210623.170205",
            "DateTimeMiddle": "20210623.163645",
            "DateTimeStart": "20210623.161205",
            "MaximumElevation": 40,
            "Object_NORAD": "8820",
            "Object_Name": "LAGEOS1",
            "Pass": "NE/O-CW"
        },
        {
            "AzimuthEnd": 44,
            "AzimuthMiddle": 339,
            "AzimuthStart": 276,
            "CPFSource": "7646_cpf_210623_6740.sdg",
            "CampaignTrack": false,
            "DateTimeEnd": "20210623.163515",
            "DateTimeMiddle": "20210623.162915",
            "DateTimeStart": "20210623.162305",
            "MaximumElevation": 32,
            "Object_NORAD": "7646",
            "Object_Name": "STARLETTE",
            "Pass": "NO/NE-CW"
        },
        {
            "AzimuthEnd": 42,
            "AzimuthMiddle": 101,
            "AzimuthStart": 158,
            "CPFSource": "38077_cpf_210623_6740.sdg",
            "CampaignTrack": false,
            "DateTimeEnd": "20210623.164955",
            "DateTimeMiddle": "20210623.164215",
            "DateTimeStart": "20210623.163455",
            "MaximumElevation": 30,
            "Object_NORAD": "38077",
            "Object_Name": "LARES",
            "Pass": "SE/NE-CCW"
        },
        {
            "AzimuthEnd": 192,
            "AzimuthMiddle": 238,
            "AzimuthStart": 283,
            "CPFSource": "16908_cpf_210623_6740.sdg",
            "CampaignTrack": false,
            "DateTimeEnd": "20210623.165745",
            "DateTimeMiddle": "20210623.165105",
            "DateTimeStart": "20210623.164435",
            "MaximumElevation": 20,
            "Object_NORAD": "16908",
            "Object_Name": "EGS",
            "Pass": "NO/SO-CCW"
        },
        {
            "AzimuthEnd": 15,
            "AzimuthMiddle": 84,
            "AzimuthStart": 155,
            "CPFSource": "39451_cpf_210623_6740.sdg",
            "CampaignTrack": false,
            "DateTimeEnd": "20210623.171655",
            "DateTimeMiddle": "20210623.171315",
            "DateTimeStart": "20210623.170945",
            "MaximumElevation": 38,
            "Object_NORAD": "39451",
            "Object_Name": "SWARMB",
            "Pass": "SE/NE-CCW"
        },
        {
            "AzimuthEnd": 19,
            "AzimuthMiddle": 69,
            "AzimuthStart": 121,
            "CPFSource": "31698_cpf_210623_6740.sdg",
            "CampaignTrack": false,
            "DateTimeEnd": "20210623.171915",
            "DateTimeMiddle": "20210623.171615",
            "DateTimeStart": "20210623.171315",
            "MaximumElevation": 20,
            "Object_NORAD": "31698",
            "Object_Name": "TERRASARX",
            "Pass": "SE/NE-CCW"
        },
        {
            "AzimuthEnd": 19,
            "AzimuthMiddle": 69,
            "AzimuthStart": 121,
            "CPFSource": "36605_cpf_210623_6740.sdg",
            "CampaignTrack": false,
            "DateTimeEnd": "20210623.171915",
            "DateTimeMiddle": "20210623.171615",
            "DateTimeStart": "20210623.171315",
            "MaximumElevation": 20,
            "Object_NORAD": "36605",
            "Object_Name": "TANDEMX",
            "Pass": "SE/NE-CCW"
        },
        {
            "AzimuthEnd": 162,
            "AzimuthMiddle": 88,
            "AzimuthStart": 11,
            "CPFSource": "39453_cpf_210623_6740.sdg",
            "CampaignTrack": false,
            "DateTimeEnd": "20210623.173645",
            "DateTimeMiddle": "20210623.173325",
            "DateTimeStart": "20210623.173005",
            "MaximumElevation": 44,
            "Object_NORAD": "39453",
            "Object_Name": "SWARMC",
            "Pass": "NE/SE-CW"
        },
        {
            "AzimuthEnd": 163,
            "AzimuthMiddle": 82,
            "AzimuthStart": 11,
            "CPFSource": "39452_cpf_210623_6740.sdg",
            "CampaignTrack": false,
            "DateTimeEnd": "20210623.173655",
            "DateTimeMiddle": "20210623.173325",
            "DateTimeStart": "20210623.173015",
            "MaximumElevation": 45,
            "Object_NORAD": "39452",
            "Object_Name": "SWARMA",
            "Pass": "NE/SE-CW"
        },
        {
            "AzimuthEnd": 56,
            "AzimuthMiddle": 3,
            "AzimuthStart": 309,
            "CPFSource": "7646_cpf_210623_6740.sdg",
            "CampaignTrack": false,
            "DateTimeEnd": "20210623.182505",
            "DateTimeMiddle": "20210623.182005",
            "DateTimeStart": "20210623.181445",
            "MaximumElevation": 23,
            "Object_NORAD": "7646",
            "Object_Name": "STARLETTE",
            "Pass": "NO/NE-CW"
        },
        {
            "AzimuthEnd": 16,
            "AzimuthMiddle": 297,
            "AzimuthStart": 221,
            "CPFSource": "38077_cpf_210623_6740.sdg",
            "CampaignTrack": false,
            "DateTimeEnd": "20210623.184835",
            "DateTimeMiddle": "20210623.183935",
            "DateTimeStart": "20210623.183105",
            "MaximumElevation": 55,
            "Object_NORAD": "38077",
            "Object_Name": "LARES",
            "Pass": "SO/NE-CW"
        },
        {
            "AzimuthEnd": 189,
            "AzimuthMiddle": 92,
            "AzimuthStart": 15,
            "CPFSource": "39086_cpf_210623_6740.sdg",
            "CampaignTrack": false,
            "DateTimeEnd": "20210623.184305",
            "DateTimeMiddle": "20210623.183735",
            "DateTimeStart": "20210623.183225",
            "MaximumElevation": 77,
            "Object_NORAD": "39086",
            "Object_Name": "SARAL",
            "Pass": "NE/SO-CW"
        },
        {
            "AzimuthEnd": 319,
            "AzimuthMiddle": 262,
            "AzimuthStart": 211,
            "CPFSource": "31698_cpf_210623_6740.sdg",
            "CampaignTrack": false,
            "DateTimeEnd": "20210623.185315",
            "DateTimeMiddle": "20210623.184955",
            "DateTimeStart": "20210623.184655",
            "MaximumElevation": 21,
            "Object_NORAD": "31698",
            "Object_Name": "TERRASARX",
            "Pass": "SO/NO-CW"
        },
        {
            "AzimuthEnd": 318,
            "AzimuthMiddle": 266,
            "AzimuthStart": 213,
            "CPFSource": "36605_cpf_210623_6740.sdg",
            "CampaignTrack": false,
            "DateTimeEnd": "20210623.185315",
            "DateTimeMiddle": "20210623.185005",
            "DateTimeStart": "20210623.184705",
            "MaximumElevation": 21,
            "Object_NORAD": "36605",
            "Object_Name": "TANDEMX",
            "Pass": "SO/NO-CW"
        },
        {
            "AzimuthEnd": 353,
            "AzimuthMiddle": 271,
            "AzimuthStart": 177,
            "CPFSource": "36508_cpf_210623_6740.sdg",
            "CampaignTrack": false,
            "DateTimeEnd": "20210623.192955",
            "DateTimeMiddle": "20210623.192445",
            "DateTimeStart": "20210623.191945",
            "MaximumElevation": 80,
            "Object_NORAD": "36508",
            "Object_Name": "CRYOSAT2",
            "Pass": "SE/NO-CW"
        },
        {
            "AzimuthEnd": 324,
            "AzimuthMiddle": 18,
            "AzimuthStart": 72,
            "CPFSource": "8820_cpf_210623_6740.sdg",
            "CampaignTrack": false,
            "DateTimeEnd": "20210623.201855",
            "DateTimeMiddle": "20210623.195545",
            "DateTimeStart": "20210623.193255",
            "MaximumElevation": 33,
            "Object_NORAD": "8820",
            "Object_Name": "LAGEOS1",
            "Pass": "NE/NO-CW"
        },
        {
            "AzimuthEnd": 96,
            "AzimuthMiddle": 26,
            "AzimuthStart": 315,
            "CPFSource": "7646_cpf_210623_6740.sdg",
            "CampaignTrack": false,
            "DateTimeEnd": "20210623.201615",
            "DateTimeMiddle": "20210623.201035",
            "DateTimeStart": "20210623.200435",
            "MaximumElevation": 39,
            "Object_NORAD": "7646",
            "Object_Name": "STARLETTE",
            "Pass": "NO/SE-CW"
        },
        {
            "AzimuthEnd": 356,
            "AzimuthMiddle": 282,
            "AzimuthStart": 207,
            "CPFSource": "13067_cpf_210623_6740.sdg",
            "CampaignTrack": false,
            "DateTimeEnd": "20210623.214855",
            "DateTimeMiddle": "20210623.214505",
            "DateTimeStart": "20210623.214125",
            "MaximumElevation": 44,
            "Object_NORAD": "13067",
            "Object_Name": "COSMOS1340",
            "Pass": "SO/NO-CW"
        },
        {
            "AzimuthEnd": 147,
            "AzimuthMiddle": 225,
            "AzimuthStart": 300,
            "CPFSource": "7646_cpf_210623_6740.sdg",
            "CampaignTrack": false,
            "DateTimeEnd": "20210623.220525",
            "DateTimeMiddle": "20210623.215945",
            "DateTimeStart": "20210623.215355",
            "MaximumElevation": 54,
            "Object_NORAD": "7646",
            "Object_Name": "STARLETTE",
            "Pass": "NO/SE-CCW"
        },
        {
            "AzimuthEnd": 168,
            "AzimuthMiddle": 261,
            "AzimuthStart": 339,
            "CPFSource": "11111_cpf_210623_6740.sdg",
            "CampaignTrack": false,
            "DateTimeEnd": "20210623.221825",
            "DateTimeMiddle": "20210623.221245",
            "DateTimeStart": "20210623.220715",
            "MaximumElevation": 77,
            "Object_NORAD": "11111",
            "Object_Name": "POLARIS",
            "Pass": "NO/SE-CCW"
        },
        {
            "AzimuthEnd": 334,
            "AzimuthMiddle": 58,
            "AzimuthStart": 140,
            "CPFSource": "8820_cpf_210623_6740.sdg",
            "CampaignTrack": false,
            "DateTimeEnd": "20210623.235034",
            "DateTimeMiddle": "20210623.232044",
            "DateTimeStart": "20210623.225145",
            "MaximumElevation": 83,
            "Object_NORAD": "8820",
            "Object_Name": "LAGEOS1",
            "Pass": "SE/NO-CW"
        },
        {
            "AzimuthEnd": 72,
            "AzimuthMiddle": 146,
            "AzimuthStart": 221,
            "CPFSource": "1328_cpf_210623_6740.sdg",
            "CampaignTrack": false,
            "DateTimeEnd": "20210624.005514",
            "DateTimeMiddle": "20210624.004714",
            "DateTimeStart": "20210624.003904",
            "MaximumElevation": 53,
            "Object_NORAD": "1328",
            "Object_Name": "EXPLORER27",
            "Pass": "SO/NE-CCW"
        },
        {
            "AzimuthEnd": 41,
            "AzimuthMiddle": 110,
            "AzimuthStart": 176,
            "CPFSource": "33105_cpf_210623_6740.sdg",
            "CampaignTrack": false,
            "DateTimeEnd": "20210624.010714",
            "DateTimeMiddle": "20210624.005924",
            "DateTimeStart": "20210624.005154",
            "MaximumElevation": 41,
            "Object_NORAD": "33105",
            "Object_Name": "JASON2",
            "Pass": "SE/NE-CCW"
        },
        {
            "AzimuthEnd": 8,
            "AzimuthMiddle": 69,
            "AzimuthStart": 130,
            "CPFSource": "27944_cpf_210623_6740.sdg",
            "CampaignTrack": false,
            "DateTimeEnd": "20210624.011734",
            "DateTimeMiddle": "20210624.011314",
            "DateTimeStart": "20210624.010904",
            "MaximumElevation": 29,
            "Object_NORAD": "27944",
            "Object_Name": "LARETS",
            "Pass": "SE/NE-CCW"
        },
        {
            "AzimuthEnd": 70,
            "AzimuthMiddle": 344,
            "AzimuthStart": 258,
            "CPFSource": "1328_cpf_210623_6740.sdg",
            "CampaignTrack": false,
            "DateTimeEnd": "20210624.024914",
            "DateTimeMiddle": "20210624.024114",
            "DateTimeStart": "20210624.023244",
            "MaximumElevation": 75,
            "Object_NORAD": "1328",
            "Object_Name": "EXPLORER27",
            "Pass": "SO/NE-CW"
        },
        {
            "AzimuthEnd": 315,
            "AzimuthMiddle": 264,
            "AzimuthStart": 215,
            "CPFSource": "8820_cpf_210623_6740.sdg",
            "CampaignTrack": false,
            "DateTimeEnd": "20210624.031824",
            "DateTimeMiddle": "20210624.025644",
            "DateTimeStart": "20210624.023614",
            "MaximumElevation": 21,
            "Object_NORAD": "8820",
            "Object_Name": "LAGEOS1",
            "Pass": "SO/NO-CW"
        },
        {
            "AzimuthEnd": 128,
            "AzimuthMiddle": 58,
            "AzimuthStart": 347,
            "CPFSource": "38077_cpf_210623_6740.sdg",
            "CampaignTrack": false,
            "DateTimeEnd": "20210624.025644",
            "DateTimeMiddle": "20210624.024814",
            "DateTimeStart": "20210624.023944",
            "MaximumElevation": 43,
            "Object_NORAD": "38077",
            "Object_Name": "LARES",
            "Pass": "NO/SE-CW"
        },
        {
            "AzimuthEnd": 320,
            "AzimuthMiddle": 265,
            "AzimuthStart": 210,
            "CPFSource": "27944_cpf_210623_6740.sdg",
            "CampaignTrack": false,
            "DateTimeEnd": "20210624.025434",
            "DateTimeMiddle": "20210624.025034",
            "DateTimeStart": "20210624.024644",
            "MaximumElevation": 23,
            "Object_NORAD": "27944",
            "Object_Name": "LARETS",
            "Pass": "SO/NO-CW"
        },
        {
            "AzimuthEnd": 17,
            "AzimuthMiddle": 307,
            "AzimuthStart": 236,
            "CPFSource": "33105_cpf_210623_6740.sdg",
            "CampaignTrack": false,
            "DateTimeEnd": "20210624.030244",
            "DateTimeMiddle": "20210624.025444",
            "DateTimeStart": "20210624.024654",
            "MaximumElevation": 42,
            "Object_NORAD": "33105",
            "Object_Name": "JASON2",
            "Pass": "SO/NE-CW"
        },
        {
            "AzimuthEnd": 84,
            "AzimuthMiddle": 1,
            "AzimuthStart": 283,
            "CPFSource": "1328_cpf_210623_6740.sdg",
            "CampaignTrack": false,
            "DateTimeEnd": "20210624.044314",
            "DateTimeMiddle": "20210624.043544",
            "DateTimeStart": "20210624.042744",
            "MaximumElevation": 61,
            "Object_NORAD": "1328",
            "Object_Name": "EXPLORER27",
            "Pass": "NO/NE-CW"
        },
        {
            "AzimuthEnd": 188,
            "AzimuthMiddle": 256,
            "AzimuthStart": 322,
            "CPFSource": "38077_cpf_210623_6740.sdg",
            "CampaignTrack": false,
            "DateTimeEnd": "20210624.045414",
            "DateTimeMiddle": "20210624.044554",
            "DateTimeStart": "20210624.043744",
            "MaximumElevation": 41,
            "Object_NORAD": "38077",
            "Object_Name": "LARES",
            "Pass": "NO/SO-CCW"
        },
        {
            "AzimuthEnd": 144,
            "AzimuthMiddle": 82,
            "AzimuthStart": 25,
            "CPFSource": "39451_cpf_210623_6740.sdg",
            "CampaignTrack": false,
            "DateTimeEnd": "20210624.044724",
            "DateTimeMiddle": "20210624.044354",
            "DateTimeStart": "20210624.044044",
            "MaximumElevation": 25,
            "Object_NORAD": "39451",
            "Object_Name": "SWARMB",
            "Pass": "NE/SE-CW"
        },
        {
            "AzimuthEnd": 48,
            "AzimuthMiddle": 123,
            "AzimuthStart": 202,
            "CPFSource": "22195_cpf_210623_6740.sdg",
            "CampaignTrack": false,
            "DateTimeEnd": "20210624.061854",
            "DateTimeMiddle": "20210624.054704",
            "DateTimeStart": "20210624.051404",
            "MaximumElevation": 69,
            "Object_NORAD": "22195",
            "Object_Name": "LAGEOS2",
            "Pass": "SO/NE-CCW"
        },
        {
            "AzimuthEnd": 23,
            "AzimuthMiddle": 85,
            "AzimuthStart": 144,
            "CPFSource": "39453_cpf_210623_6740.sdg",
            "CampaignTrack": false,
            "DateTimeEnd": "20210624.053444",
            "DateTimeMiddle": "20210624.053134",
            "DateTimeStart": "20210624.052844",
            "MaximumElevation": 26,
            "Object_NORAD": "39453",
            "Object_Name": "SWARMC",
            "Pass": "SE/NE-CCW"
        },
        {
            "AzimuthEnd": 23,
            "AzimuthMiddle": 82,
            "AzimuthStart": 146,
            "CPFSource": "39452_cpf_210623_6740.sdg",
            "CampaignTrack": false,
            "DateTimeEnd": "20210624.053444",
            "DateTimeMiddle": "20210624.053144",
            "DateTimeStart": "20210624.052844",
            "MaximumElevation": 27,
            "Object_NORAD": "39452",
            "Object_Name": "SWARMA",
            "Pass": "SE/NE-CCW"
        },
        {
            "AzimuthEnd": 66,
            "AzimuthMiddle": 125,
            "AzimuthStart": 185,
            "CPFSource": "16908_cpf_210623_6740.sdg",
            "CampaignTrack": false,
            "DateTimeEnd": "20210624.055304",
            "DateTimeMiddle": "20210624.054454",
            "DateTimeStart": "20210624.053654",
            "MaximumElevation": 32,
            "Object_NORAD": "16908",
            "Object_Name": "EGS",
            "Pass": "SO/NE-CCW"
        },
        {
            "AzimuthEnd": 347,
            "AzimuthMiddle": 34,
            "AzimuthStart": 164,
            "CPFSource": "39086_cpf_210623_6740.sdg",
            "CampaignTrack": false,
            "DateTimeEnd": "20210624.055734",
            "DateTimeMiddle": "20210624.055214",
            "DateTimeStart": "20210624.054654",
            "MaximumElevation": 86,
            "Object_NORAD": "39086",
            "Object_Name": "SARAL",
            "Pass": "SE/NO-CW"
        },
        {
            "AzimuthEnd": 170,
            "AzimuthMiddle": 97,
            "AzimuthStart": 28,
            "CPFSource": "31698_cpf_210623_6740.sdg",
            "CampaignTrack": false,
            "DateTimeEnd": "20210624.062624",
            "DateTimeMiddle": "20210624.062234",
            "DateTimeStart": "20210624.061904",
            "MaximumElevation": 38,
            "Object_NORAD": "31698",
            "Object_Name": "TERRASARX",
            "Pass": "NE/SE-CW"
        },
        {
            "AzimuthEnd": 169,
            "AzimuthMiddle": 96,
            "AzimuthStart": 28,
            "CPFSource": "36605_cpf_210623_6740.sdg",
            "CampaignTrack": false,
            "DateTimeEnd": "20210624.062624",
            "DateTimeMiddle": "20210624.062234",
            "DateTimeStart": "20210624.061904",
            "MaximumElevation": 38,
            "Object_NORAD": "36605",
            "Object_Name": "TANDEMX",
            "Pass": "NE/SE-CW"
        },
        {
            "AzimuthEnd": 116,
            "AzimuthMiddle": 201,
            "AzimuthStart": 290,
            "CPFSource": "1328_cpf_210623_6740.sdg",
            "CampaignTrack": false,
            "DateTimeEnd": "20210624.063714",
            "DateTimeMiddle": "20210624.063004",
            "DateTimeStart": "20210624.062214",
            "MaximumElevation": 85,
            "Object_NORAD": "1328",
            "Object_Name": "EXPLORER27",
            "Pass": "NO/SE-CCW"
        },
        {
            "AzimuthEnd": 185,
            "AzimuthMiddle": 50,
            "AzimuthStart": 5,
            "CPFSource": "36508_cpf_210623_6740.sdg",
            "CampaignTrack": false,
            "DateTimeEnd": "20210624.073404",
            "DateTimeMiddle": "20210624.072854",
            "DateTimeStart": "20210624.072354",
            "MaximumElevation": 86,
            "Object_NORAD": "36508",
            "Object_Name": "CRYOSAT2",
            "Pass": "NE/SO-CW"
        },
        {
            "AzimuthEnd": 51,
            "AzimuthMiddle": 325,
            "AzimuthStart": 236,
            "CPFSource": "16908_cpf_210623_6740.sdg",
            "CampaignTrack": false,
            "DateTimeEnd": "20210624.075534",
            "DateTimeMiddle": "20210624.074604",
            "DateTimeStart": "20210624.073644",
            "MaximumElevation": 78,
            "Object_NORAD": "16908",
            "Object_Name": "EGS",
            "Pass": "SO/NE-CW"
        },
        {
            "AzimuthEnd": 161,
            "AzimuthMiddle": 220,
            "AzimuthStart": 278,
            "CPFSource": "1328_cpf_210623_6740.sdg",
            "CampaignTrack": false,
            "DateTimeEnd": "20210624.082904",
            "DateTimeMiddle": "20210624.082314",
            "DateTimeStart": "20210624.081704",
            "MaximumElevation": 28,
            "Object_NORAD": "1328",
            "Object_Name": "EXPLORER27",
            "Pass": "NO/SE-CCW"
        },
        {
            "AzimuthEnd": 73,
            "AzimuthMiddle": 349,
            "AzimuthStart": 266,
            "CPFSource": "22195_cpf_210623_6740.sdg",
            "CampaignTrack": false,
            "DateTimeEnd": "20210624.102714",
            "DateTimeMiddle": "20210624.095414",
            "DateTimeStart": "20210624.092104",
            "MaximumElevation": 58,
            "Object_NORAD": "22195",
            "Object_Name": "LAGEOS2",
            "Pass": "SO/NE-CW"
        },
        {
            "AzimuthEnd": 54,
            "AzimuthMiddle": 346,
            "AzimuthStart": 279,
            "CPFSource": "16908_cpf_210623_6740.sdg",
            "CampaignTrack": false,
            "DateTimeEnd": "20210624.095754",
            "DateTimeMiddle": "20210624.094904",
            "DateTimeStart": "20210624.094024",
            "MaximumElevation": 38,
            "Object_NORAD": "16908",
            "Object_Name": "EGS",
            "Pass": "NO/NE-CW"
        },
        {
            "AzimuthEnd": 140,
            "AzimuthMiddle": 60,
            "AzimuthStart": 336,
            "CPFSource": "33105_cpf_210623_6740.sdg",
            "CampaignTrack": false,
            "DateTimeEnd": "20210624.105824",
            "DateTimeMiddle": "20210624.105004",
            "DateTimeStart": "20210624.104144",
            "MaximumElevation": 64,
            "Object_NORAD": "33105",
            "Object_Name": "JASON2",
            "Pass": "NO/SE-CW"
        },
        {
            "AzimuthEnd": 29,
            "AzimuthMiddle": 101,
            "AzimuthStart": 174,
            "CPFSource": "11111_cpf_210623_6740.sdg",
            "CampaignTrack": false,
            "DateTimeEnd": "20210624.111204",
            "DateTimeMiddle": "20210624.110644",
            "DateTimeStart": "20210624.110134",
            "MaximumElevation": 46,
            "Object_NORAD": "11111",
            "Object_Name": "POLARIS",
            "Pass": "SE/NE-CCW"
        },
        {
            "AzimuthEnd": 178,
            "AzimuthMiddle": 106,
            "AzimuthStart": 31,
            "CPFSource": "8820_cpf_210623_6740.sdg",
            "CampaignTrack": false,
            "DateTimeEnd": "20210624.121404",
            "DateTimeMiddle": "20210624.114604",
            "DateTimeStart": "20210624.111714",
            "MaximumElevation": 47,
            "Object_NORAD": "8820",
            "Object_Name": "LAGEOS1",
            "Pass": "NE/SE-CW"
        },
        {
            "AzimuthEnd": 80,
            "AzimuthMiddle": 12,
            "AzimuthStart": 305,
            "CPFSource": "16908_cpf_210623_6740.sdg",
            "CampaignTrack": false,
            "DateTimeEnd": "20210624.120154",
            "DateTimeMiddle": "20210624.115304",
            "DateTimeStart": "20210624.114434",
            "MaximumElevation": 37,
            "Object_NORAD": "16908",
            "Object_Name": "EGS",
            "Pass": "NO/NE-CW"
        },
        {
            "AzimuthEnd": 202,
            "AzimuthMiddle": 254,
            "AzimuthStart": 307,
            "CPFSource": "33105_cpf_210623_6740.sdg",
            "CampaignTrack": false,
            "DateTimeEnd": "20210624.125114",
            "DateTimeMiddle": "20210624.124444",
            "DateTimeStart": "20210624.123814",
            "MaximumElevation": 25,
            "Object_NORAD": "33105",
            "Object_Name": "JASON2",
            "Pass": "NO/SO-CCW"
        },
        {
            "AzimuthEnd": 64,
            "AzimuthMiddle": 130,
            "AzimuthStart": 198,
            "CPFSource": "7646_cpf_210623_6740.sdg",
            "CampaignTrack": false,
            "DateTimeEnd": "20210624.131614",
            "DateTimeMiddle": "20210624.130944",
            "DateTimeStart": "20210624.130304",
            "MaximumElevation": 39,
            "Object_NORAD": "7646",
            "Object_Name": "STARLETTE",
            "Pass": "SO/NE-CCW"
        },
        {
            "AzimuthEnd": 136,
            "AzimuthMiddle": 45,
            "AzimuthStart": 308,
            "CPFSource": "22195_cpf_210623_6740.sdg",
            "CampaignTrack": false,
            "DateTimeEnd": "20210624.143924",
            "DateTimeMiddle": "20210624.140624",
            "DateTimeStart": "20210624.133334",
            "MaximumElevation": 86,
            "Object_NORAD": "22195",
            "Object_Name": "LAGEOS2",
            "Pass": "NO/SE-CW"
        },
        {
            "AzimuthEnd": 122,
            "AzimuthMiddle": 39,
            "AzimuthStart": 309,
            "CPFSource": "16908_cpf_210623_6740.sdg",
            "CampaignTrack": false,
            "DateTimeEnd": "20210624.140534",
            "DateTimeMiddle": "20210624.135614",
            "DateTimeStart": "20210624.134644",
            "MaximumElevation": 76,
            "Object_NORAD": "16908",
            "Object_Name": "EGS",
            "Pass": "NO/SE-CW"
        },
        {
            "AzimuthEnd": 196,
            "AzimuthMiddle": 274,
            "AzimuthStart": 10,
            "CPFSource": "27944_cpf_210623_6740.sdg",
            "CampaignTrack": false,
            "DateTimeEnd": "20210624.145424",
            "DateTimeMiddle": "20210624.144924",
            "DateTimeStart": "20210624.144434",
            "MaximumElevation": 82,
            "Object_NORAD": "27944",
            "Object_Name": "LARETS",
            "Pass": "NE/SO-CW"
        },
        {
            "AzimuthEnd": 244,
            "AzimuthMiddle": 316,
            "AzimuthStart": 25,
            "CPFSource": "8820_cpf_210623_6740.sdg",
            "CampaignTrack": false,
            "DateTimeEnd": "20210624.154554",
            "DateTimeMiddle": "20210624.151744",
            "DateTimeStart": "20210624.145004",
            "MaximumElevation": 57,
            "Object_NORAD": "8820",
            "Object_Name": "LAGEOS1",
            "Pass": "NE/SO-CW"
        },
        {
            "AzimuthEnd": 47,
            "AzimuthMiddle": 325,
            "AzimuthStart": 248,
            "CPFSource": "7646_cpf_210623_6740.sdg",
            "CampaignTrack": false,
            "DateTimeEnd": "20210624.150534",
            "DateTimeMiddle": "20210624.145844",
            "DateTimeStart": "20210624.145144",
            "MaximumElevation": 58,
            "Object_NORAD": "7646",
            "Object_Name": "STARLETTE",
            "Pass": "SO/NE-CW"
        },
        {
            "AzimuthEnd": 172,
            "AzimuthMiddle": 233,
            "AzimuthStart": 293,
            "CPFSource": "16908_cpf_210623_6740.sdg",
            "CampaignTrack": false,
            "DateTimeEnd": "20210624.160534",
            "DateTimeMiddle": "20210624.155724",
            "DateTimeStart": "20210624.154924",
            "MaximumElevation": 33,
            "Object_NORAD": "16908",
            "Object_Name": "EGS",
            "Pass": "NO/SE-CCW"
        },
        {
            "AzimuthEnd": 195,
            "AzimuthMiddle": 261,
            "AzimuthStart": 317,
            "CPFSource": "38250_cpf_210623_6740.sdg",
            "CampaignTrack": false,
            "DateTimeEnd": "20210624.191924",
            "DateTimeMiddle": "20210624.174254",
            "DateTimeStart": "20210624.155814",
            "MaximumElevation": 75,
            "Object_NORAD": "38250",
            "Object_Name": "BEIDOU12",
            "Pass": "NO/SO-CCW"
        },
        {
            "AzimuthEnd": 46,
            "AzimuthMiddle": 348,
            "AzimuthStart": 290,
            "CPFSource": "7646_cpf_210623_6740.sdg",
            "CampaignTrack": false,
            "DateTimeEnd": "20210624.165434",
            "DateTimeMiddle": "20210624.164904",
            "DateTimeStart": "20210624.164314",
            "MaximumElevation": 26,
            "Object_NORAD": "7646",
            "Object_Name": "STARLETTE",
            "Pass": "NO/NE-CW"
        },
        {
            "AzimuthEnd": 25,
            "AzimuthMiddle": 83,
            "AzimuthStart": 140,
            "CPFSource": "39451_cpf_210623_6740.sdg",
            "CampaignTrack": false,
            "DateTimeEnd": "20210624.165644",
            "DateTimeMiddle": "20210624.165324",
            "DateTimeStart": "20210624.165014",
            "MaximumElevation": 24,
            "Object_NORAD": "39451",
            "Object_Name": "SWARMB",
            "Pass": "SE/NE-CCW"
        },
        {
            "AzimuthEnd": 26,
            "AzimuthMiddle": 112,
            "AzimuthStart": 194,
            "CPFSource": "38077_cpf_210623_6740.sdg",
            "CampaignTrack": false,
            "DateTimeEnd": "20210624.174424",
            "DateTimeMiddle": "20210624.173524",
            "DateTimeStart": "20210624.172634",
            "MaximumElevation": 76,
            "Object_NORAD": "38077",
            "Object_Name": "LARES",
            "Pass": "SO/NE-CCW"
        },
        {
            "AzimuthEnd": 206,
            "AzimuthMiddle": 255,
            "AzimuthStart": 301,
            "CPFSource": "22195_cpf_210623_6740.sdg",
            "CampaignTrack": false,
            "DateTimeEnd": "20210624.182634",
            "DateTimeMiddle": "20210624.180324",
            "DateTimeStart": "20210624.174124",
            "MaximumElevation": 24,
            "Object_NORAD": "22195",
            "Object_Name": "LAGEOS2",
            "Pass": "NO/SO-CCW"
        },
        {
            "AzimuthEnd": 167,
            "AzimuthMiddle": 99,
            "AzimuthStart": 29,
            "CPFSource": "39086_cpf_210623_6740.sdg",
            "CampaignTrack": false,
            "DateTimeEnd": "20210624.181134",
            "DateTimeMiddle": "20210624.180634",
            "DateTimeStart": "20210624.180134",
            "MaximumElevation": 37,
            "Object_NORAD": "39086",
            "Object_Name": "SARAL",
            "Pass": "NE/SE-CW"
        },
        {
            "AzimuthEnd": 309,
            "AzimuthMiddle": 359,
            "AzimuthStart": 50,
            "CPFSource": "8820_cpf_210623_6740.sdg",
            "CampaignTrack": false,
            "DateTimeEnd": "20210624.190044",
            "DateTimeMiddle": "20210624.183854",
            "DateTimeStart": "20210624.181714",
            "MaximumElevation": 29,
            "Object_NORAD": "8820",
            "Object_Name": "LAGEOS1",
            "Pass": "NE/NO-CW"
        },
        {
            "AzimuthEnd": 220,
            "AzimuthMiddle": 277,
            "AzimuthStart": 328,
            "CPFSource": "39453_cpf_210623_6740.sdg",
            "CampaignTrack": false,
            "DateTimeEnd": "20210624.182754",
            "DateTimeMiddle": "20210624.182454",
            "DateTimeStart": "20210624.182214",
            "MaximumElevation": 21,
            "Object_NORAD": "39453",
            "Object_Name": "SWARMC",
            "Pass": "NO/SO-CCW"
        },
        {
            "AzimuthEnd": 221,
            "AzimuthMiddle": 275,
            "AzimuthStart": 327,
            "CPFSource": "39452_cpf_210623_6740.sdg",
            "CampaignTrack": false,
            "DateTimeEnd": "20210624.182754",
            "DateTimeMiddle": "20210624.182504",
            "DateTimeStart": "20210624.182224",
            "MaximumElevation": 20,
            "Object_NORAD": "39452",
            "Object_Name": "SWARMA",
            "Pass": "NO/SO-CCW"
        },
        {
            "AzimuthEnd": 331,
            "AzimuthMiddle": 264,
            "AzimuthStart": 194,
            "CPFSource": "31698_cpf_210623_6740.sdg",
            "CampaignTrack": false,
            "DateTimeEnd": "20210624.183634",
            "DateTimeMiddle": "20210624.183254",
            "DateTimeStart": "20210624.182924",
            "MaximumElevation": 34,
            "Object_NORAD": "31698",
            "Object_Name": "TERRASARX",
            "Pass": "SO/NO-CW"
        },
        {
            "AzimuthEnd": 330,
            "AzimuthMiddle": 264,
            "AzimuthStart": 194,
            "CPFSource": "36605_cpf_210623_6740.sdg",
            "CampaignTrack": false,
            "DateTimeEnd": "20210624.183634",
            "DateTimeMiddle": "20210624.183254",
            "DateTimeStart": "20210624.182924",
            "MaximumElevation": 34,
            "Object_NORAD": "36605",
            "Object_Name": "TANDEMX",
            "Pass": "SO/NO-CW"
        },
        {
            "AzimuthEnd": 14,
            "AzimuthMiddle": 76,
            "AzimuthStart": 140,
            "CPFSource": "36508_cpf_210623_6740.sdg",
            "CampaignTrack": false,
            "DateTimeEnd": "20210624.183904",
            "DateTimeMiddle": "20210624.183434",
            "DateTimeStart": "20210624.183004",
            "MaximumElevation": 31,
            "Object_NORAD": "36508",
            "Object_Name": "CRYOSAT2",
            "Pass": "SE/NE-CCW"
        },
        {
            "AzimuthEnd": 68,
            "AzimuthMiddle": 11,
            "AzimuthStart": 314,
            "CPFSource": "7646_cpf_210623_6740.sdg",
            "CampaignTrack": false,
            "DateTimeEnd": "20210624.184504",
            "DateTimeMiddle": "20210624.183954",
            "DateTimeStart": "20210624.183424",
            "MaximumElevation": 25,
            "Object_NORAD": "7646",
            "Object_Name": "STARLETTE",
            "Pass": "NO/NE-CW"
        },
        {
            "AzimuthEnd": 5,
            "AzimuthMiddle": 310,
            "AzimuthStart": 257,
            "CPFSource": "38077_cpf_210623_6740.sdg",
            "CampaignTrack": false,
            "DateTimeEnd": "20210624.194124",
            "DateTimeMiddle": "20210624.193404",
            "DateTimeStart": "20210624.192704",
            "MaximumElevation": 24,
            "Object_NORAD": "38077",
            "Object_Name": "LARES",
            "Pass": "SO/NE-CW"
        },
        {
            "AzimuthEnd": 240,
            "AzimuthMiddle": 294,
            "AzimuthStart": 345,
            "CPFSource": "39086_cpf_210623_6740.sdg",
            "CampaignTrack": false,
            "DateTimeEnd": "20210624.194954",
            "DateTimeMiddle": "20210624.194534",
            "DateTimeStart": "20210624.194124",
            "MaximumElevation": 23,
            "Object_NORAD": "39086",
            "Object_Name": "SARAL",
            "Pass": "NO/SO-CCW"
        },
        {
            "AzimuthEnd": 326,
            "AzimuthMiddle": 274,
            "AzimuthStart": 220,
            "CPFSource": "36508_cpf_210623_6740.sdg",
            "CampaignTrack": false,
            "DateTimeEnd": "20210624.201724",
            "DateTimeMiddle": "20210624.201324",
            "DateTimeStart": "20210624.200924",
            "MaximumElevation": 22,
            "Object_NORAD": "36508",
            "Object_Name": "CRYOSAT2",
            "Pass": "SO/NO-CW"
        },
        {
            "AzimuthEnd": 113,
            "AzimuthMiddle": 35,
            "AzimuthStart": 312,
            "CPFSource": "7646_cpf_210623_6740.sdg",
            "CampaignTrack": false,
            "DateTimeEnd": "20210624.203554",
            "DateTimeMiddle": "20210624.203004",
            "DateTimeStart": "20210624.202354",
            "MaximumElevation": 59,
            "Object_NORAD": "7646",
            "Object_Name": "STARLETTE",
            "Pass": "NO/SE-CW"
        },
        {
            "AzimuthEnd": 2,
            "AzimuthMiddle": 284,
            "AzimuthStart": 196,
            "CPFSource": "13067_cpf_210623_6740.sdg",
            "CampaignTrack": false,
            "DateTimeEnd": "20210624.212934",
            "DateTimeMiddle": "20210624.212534",
            "DateTimeStart": "20210624.212144",
            "MaximumElevation": 64,
            "Object_NORAD": "13067",
            "Object_Name": "COSMOS1340",
            "Pass": "SO/NE-CW"
        },
        {
            "AzimuthEnd": 334,
            "AzimuthMiddle": 43,
            "AzimuthStart": 115,
            "CPFSource": "8820_cpf_210623_6740.sdg",
            "CampaignTrack": false,
            "DateTimeEnd": "20210624.222754",
            "DateTimeMiddle": "20210624.220004",
            "DateTimeStart": "20210624.213234",
            "MaximumElevation": 57,
            "Object_NORAD": "8820",
            "Object_Name": "LAGEOS1",
            "Pass": "SE/NO-CW"
        },
        {
            "AzimuthEnd": 152,
            "AzimuthMiddle": 74,
            "AzimuthStart": 348,
            "CPFSource": "11111_cpf_210623_6740.sdg",
            "CampaignTrack": false,
            "DateTimeEnd": "20210624.214404",
            "DateTimeMiddle": "20210624.213834",
            "DateTimeStart": "20210624.213304",
            "MaximumElevation": 63,
            "Object_NORAD": "11111",
            "Object_Name": "POLARIS",
            "Pass": "NO/SE-CW"
        },
        {
            "AzimuthEnd": 169,
            "AzimuthMiddle": 230,
            "AzimuthStart": 290,
            "CPFSource": "7646_cpf_210623_6740.sdg",
            "CampaignTrack": false,
            "DateTimeEnd": "20210624.222344",
            "DateTimeMiddle": "20210624.221844",
            "DateTimeStart": "20210624.221334",
            "MaximumElevation": 29,
            "Object_NORAD": "7646",
            "Object_Name": "STARLETTE",
            "Pass": "NO/SE-CCW"
        },
        {
            "AzimuthEnd": 74,
            "AzimuthMiddle": 145,
            "AzimuthStart": 212,
            "CPFSource": "1328_cpf_210623_6740.sdg",
            "CampaignTrack": false,
            "DateTimeEnd": "20210625.001044",
            "DateTimeMiddle": "20210625.000244",
            "DateTimeStart": "20210624.235454",
            "MaximumElevation": 43,
            "Object_NORAD": "1328",
            "Object_Name": "EXPLORER27",
            "Pass": "SO/NE-CCW"
        },
        {
            "AzimuthEnd": 328,
            "AzimuthMiddle": 254,
            "AzimuthStart": 182,
            "CPFSource": "8820_cpf_210623_6740.sdg",
            "CampaignTrack": false,
            "DateTimeEnd": "20210625.020034",
            "DateTimeMiddle": "20210625.013204",
            "DateTimeStart": "20210625.010454",
            "MaximumElevation": 46,
            "Object_NORAD": "8820",
            "Object_Name": "LAGEOS1",
            "Pass": "SO/NO-CW"
        },
        {
            "AzimuthEnd": 34,
            "AzimuthMiddle": 112,
            "AzimuthStart": 191,
            "CPFSource": "33105_cpf_210623_6740.sdg",
            "CampaignTrack": false,
            "DateTimeEnd": "20210625.012224",
            "DateTimeMiddle": "20210625.011404",
            "DateTimeStart": "20210625.010604",
            "MaximumElevation": 62,
            "Object_NORAD": "33105",
            "Object_Name": "JASON2",
            "Pass": "SO/NE-CCW"
        },
        {
            "AzimuthEnd": 97,
            "AzimuthMiddle": 47,
            "AzimuthStart": 357,
            "CPFSource": "38077_cpf_210623_6740.sdg",
            "CampaignTrack": false,
            "DateTimeEnd": "20210625.015004",
            "DateTimeMiddle": "20210625.014314",
            "DateTimeStart": "20210625.013624",
            "MaximumElevation": 22,
            "Object_NORAD": "38077",
            "Object_Name": "LARES",
            "Pass": "NO/SE-CW"
        },
        {
            "AzimuthEnd": 351,
            "AzimuthMiddle": 71,
            "AzimuthStart": 160,
            "CPFSource": "27944_cpf_210623_6740.sdg",
            "CampaignTrack": false,
            "DateTimeEnd": "20210625.015434",
            "DateTimeMiddle": "20210625.014944",
            "DateTimeStart": "20210625.014504",
            "MaximumElevation": 74,
            "Object_NORAD": "27944",
            "Object_Name": "LARETS",
            "Pass": "SE/NO-CW"
        },
        {
            "AzimuthEnd": 69,
            "AzimuthMiddle": 328,
            "AzimuthStart": 251,
            "CPFSource": "1328_cpf_210623_6740.sdg",
            "CampaignTrack": false,
            "DateTimeEnd": "20210625.020454",
            "DateTimeMiddle": "20210625.015634",
            "DateTimeStart": "20210625.014804",
            "MaximumElevation": 83,
            "Object_NORAD": "1328",
            "Object_Name": "EXPLORER27",
            "Pass": "SO/NE-CW"
        },
        {
            "AzimuthEnd": 13,
            "AzimuthMiddle": 313,
            "AzimuthStart": 252,
            "CPFSource": "33105_cpf_210623_6740.sdg",
            "CampaignTrack": false,
            "DateTimeEnd": "20210625.031714",
            "DateTimeMiddle": "20210625.030954",
            "DateTimeStart": "20210625.030244",
            "MaximumElevation": 30,
            "Object_NORAD": "33105",
            "Object_Name": "JASON2",
            "Pass": "SO/NE-CW"
        },
        {
            "AzimuthEnd": 51,
            "AzimuthMiddle": 110,
            "AzimuthStart": 172,
            "CPFSource": "22195_cpf_210623_6740.sdg",
            "CampaignTrack": false,
            "DateTimeEnd": "20210625.042254",
            "DateTimeMiddle": "20210625.035524",
            "DateTimeStart": "20210625.032634",
            "MaximumElevation": 37,
            "Object_NORAD": "22195",
            "Object_Name": "LAGEOS2",
            "Pass": "SE/NE-CCW"
        },
        {
            "AzimuthEnd": 161,
            "AzimuthMiddle": 257,
            "AzimuthStart": 335,
            "CPFSource": "38077_cpf_210623_6740.sdg",
            "CampaignTrack": false,
            "DateTimeEnd": "20210625.035114",
            "DateTimeMiddle": "20210625.034204",
            "DateTimeStart": "20210625.033314",
            "MaximumElevation": 85,
            "Object_NORAD": "38077",
            "Object_Name": "LARES",
            "Pass": "NO/SE-CCW"
        },
        {
            "AzimuthEnd": 80,
            "AzimuthMiddle": 1,
            "AzimuthStart": 278,
            "CPFSource": "1328_cpf_210623_6740.sdg",
            "CampaignTrack": false,
            "DateTimeEnd": "20210625.035854",
            "DateTimeMiddle": "20210625.035114",
            "DateTimeStart": "20210625.034254",
            "MaximumElevation": 61,
            "Object_NORAD": "1328",
            "Object_Name": "EXPLORER27",
            "Pass": "NO/NE-CW"
        },
        {
            "AzimuthEnd": 0,
            "AzimuthMiddle": 70,
            "AzimuthStart": 141,
            "CPFSource": "39086_cpf_210623_6740.sdg",
            "CampaignTrack": false,
            "DateTimeEnd": "20210625.052624",
            "DateTimeMiddle": "20210625.052114",
            "DateTimeStart": "20210625.051614",
            "MaximumElevation": 43,
            "Object_NORAD": "39086",
            "Object_Name": "SARAL",
            "Pass": "SE/N-CCW"
        },
        {
            "AzimuthEnd": 108,
            "AzimuthMiddle": 8,
            "AzimuthStart": 290,
            "CPFSource": "1328_cpf_210623_6740.sdg",
            "CampaignTrack": false,
            "DateTimeEnd": "20210625.055254",
            "DateTimeMiddle": "20210625.054534",
            "DateTimeStart": "20210625.053744",
            "MaximumElevation": 83,
            "Object_NORAD": "1328",
            "Object_Name": "EXPLORER27",
            "Pass": "NO/SE-CW"
        },
        {
            "AzimuthEnd": 221,
            "AzimuthMiddle": 276,
            "AzimuthStart": 331,
            "CPFSource": "39451_cpf_210623_6740.sdg",
            "CampaignTrack": false,
            "DateTimeEnd": "20210625.060154",
            "DateTimeMiddle": "20210625.055844",
            "DateTimeStart": "20210625.055534",
            "MaximumElevation": 23,
            "Object_NORAD": "39451",
            "Object_Name": "SWARMB",
            "Pass": "NO/SO-CCW"
        },
        {
            "AzimuthEnd": 152,
            "AzimuthMiddle": 94,
            "AzimuthStart": 39,
            "CPFSource": "31698_cpf_210623_6740.sdg",
            "CampaignTrack": false,
            "DateTimeEnd": "20210625.060844",
            "DateTimeMiddle": "20210625.060524",
            "DateTimeStart": "20210625.060214",
            "MaximumElevation": 22,
            "Object_NORAD": "31698",
            "Object_Name": "TERRASARX",
            "Pass": "NE/SE-CW"
        },
        {
            "AzimuthEnd": 152,
            "AzimuthMiddle": 93,
            "AzimuthStart": 41,
            "CPFSource": "36605_cpf_210623_6740.sdg",
            "CampaignTrack": false,
            "DateTimeEnd": "20210625.060844",
            "DateTimeMiddle": "20210625.060524",
            "DateTimeStart": "20210625.060224",
            "MaximumElevation": 23,
            "Object_NORAD": "36605",
            "Object_Name": "TANDEMX",
            "Pass": "NE/SE-CW"
        },
        {
            "AzimuthEnd": 343,
            "AzimuthMiddle": 275,
            "AzimuthStart": 205,
            "CPFSource": "39453_cpf_210623_6740.sdg",
            "CampaignTrack": false,
            "DateTimeEnd": "20210625.062634",
            "DateTimeMiddle": "20210625.062314",
            "DateTimeStart": "20210625.062004",
            "MaximumElevation": 34,
            "Object_NORAD": "39453",
            "Object_Name": "SWARMC",
            "Pass": "SO/NO-CW"
        },
        {
            "AzimuthEnd": 342,
            "AzimuthMiddle": 271,
            "AzimuthStart": 206,
            "CPFSource": "39452_cpf_210623_6740.sdg",
            "CampaignTrack": false,
            "DateTimeEnd": "20210625.062634",
            "DateTimeMiddle": "20210625.062314",
            "DateTimeStart": "20210625.062014",
            "MaximumElevation": 33,
            "Object_NORAD": "39452",
            "Object_Name": "SWARMA",
            "Pass": "SO/NO-CW"
        },
        {
            "AzimuthEnd": 148,
            "AzimuthMiddle": 86,
            "AzimuthStart": 29,
            "CPFSource": "36508_cpf_210623_6740.sdg",
            "CampaignTrack": false,
            "DateTimeEnd": "20210625.064254",
            "DateTimeMiddle": "20210625.063824",
            "DateTimeStart": "20210625.063414",
            "MaximumElevation": 27,
            "Object_NORAD": "36508",
            "Object_Name": "CRYOSAT2",
            "Pass": "NE/SE-CW"
        },
        {
            "AzimuthEnd": 53,
            "AzimuthMiddle": 133,
            "AzimuthStart": 221,
            "CPFSource": "16908_cpf_210623_6740.sdg",
            "CampaignTrack": false,
            "DateTimeEnd": "20210625.070124",
            "DateTimeMiddle": "20210625.065154",
            "DateTimeStart": "20210625.064234",
            "MaximumElevation": 77,
            "Object_NORAD": "16908",
            "Object_Name": "EGS",
            "Pass": "SO/NE-CCW"
        },
        {
            "AzimuthEnd": 55,
            "AzimuthMiddle": 325,
            "AzimuthStart": 237,
            "CPFSource": "22195_cpf_210623_6740.sdg",
            "CampaignTrack": false,
            "DateTimeEnd": "20210625.082854",
            "DateTimeMiddle": "20210625.075534",
            "DateTimeStart": "20210625.072154",
            "MaximumElevation": 73,
            "Object_NORAD": "22195",
            "Object_Name": "LAGEOS2",
            "Pass": "SO/NE-CW"
        },
        {
            "AzimuthEnd": 151,
            "AzimuthMiddle": 217,
            "AzimuthStart": 283,
            "CPFSource": "1328_cpf_210623_6740.sdg",
            "CampaignTrack": false,
            "DateTimeEnd": "20210625.074524",
            "DateTimeMiddle": "20210625.073904",
            "DateTimeStart": "20210625.073214",
            "MaximumElevation": 38,
            "Object_NORAD": "1328",
            "Object_Name": "EXPLORER27",
            "Pass": "NO/SE-CCW"
        },
        {
            "AzimuthEnd": 224,
            "AzimuthMiddle": 281,
            "AzimuthStart": 340,
            "CPFSource": "36508_cpf_210623_6740.sdg",
            "CampaignTrack": false,
            "DateTimeEnd": "20210625.082134",
            "DateTimeMiddle": "20210625.081714",
            "DateTimeStart": "20210625.081254",
            "MaximumElevation": 26,
            "Object_NORAD": "36508",
            "Object_Name": "CRYOSAT2",
            "Pass": "NO/SO-CCW"
        },
        {
            "AzimuthEnd": 51,
            "AzimuthMiddle": 337,
            "AzimuthStart": 266,
            "CPFSource": "16908_cpf_210623_6740.sdg",
            "CampaignTrack": false,
            "DateTimeEnd": "20210625.090324",
            "DateTimeMiddle": "20210625.085414",
            "DateTimeStart": "20210625.084524",
            "MaximumElevation": 45,
            "Object_NORAD": "16908",
            "Object_Name": "EGS",
            "Pass": "SO/NE-CW"
        },
        {
            "AzimuthEnd": 91,
            "AzimuthMiddle": 41,
            "AzimuthStart": 352,
            "CPFSource": "33105_cpf_210623_6740.sdg",
            "CampaignTrack": false,
            "DateTimeEnd": "20210625.091444",
            "DateTimeMiddle": "20210625.090824",
            "DateTimeStart": "20210625.090214",
            "MaximumElevation": 21,
            "Object_NORAD": "33105",
            "Object_Name": "JASON2",
            "Pass": "NO/SE-CW"
        },
        {
            "AzimuthEnd": 146,
            "AzimuthMiddle": 96,
            "AzimuthStart": 44,
            "CPFSource": "8820_cpf_210623_6740.sdg",
            "CampaignTrack": false,
            "DateTimeEnd": "20210625.104254",
            "DateTimeMiddle": "20210625.102134",
            "DateTimeStart": "20210625.095914",
            "MaximumElevation": 22,
            "Object_NORAD": "8820",
            "Object_Name": "LAGEOS1",
            "Pass": "NE/SE-CW"
        },
        {
            "AzimuthEnd": 69,
            "AzimuthMiddle": 4,
            "AzimuthStart": 299,
            "CPFSource": "16908_cpf_210623_6740.sdg",
            "CampaignTrack": false,
            "DateTimeEnd": "20210625.110644",
            "DateTimeMiddle": "20210625.105814",
            "DateTimeStart": "20210625.104944",
            "MaximumElevation": 34,
            "Object_NORAD": "16908",
            "Object_Name": "EGS",
            "Pass": "NO/NE-CW"
        },
        {
            "AzimuthEnd": 153,
            "AzimuthMiddle": 142,
            "AzimuthStart": 331,
            "CPFSource": "33105_cpf_210623_6740.sdg",
            "CampaignTrack": false,
            "DateTimeEnd": "20210625.111314",
            "DateTimeMiddle": "20210625.110454",
            "DateTimeStart": "20210625.105634",
            "MaximumElevation": 88,
            "Object_NORAD": "33105",
            "Object_Name": "JASON2",
            "Pass": "NO/SE-CW"
        },
        {
            "AzimuthEnd": 107,
            "AzimuthMiddle": 22,
            "AzimuthStart": 296,
            "CPFSource": "22195_cpf_210623_6740.sdg",
            "CampaignTrack": false,
            "DateTimeEnd": "20210625.124214",
            "DateTimeMiddle": "20210625.120924",
            "DateTimeStart": "20210625.113614",
            "MaximumElevation": 63,
            "Object_NORAD": "22195",
            "Object_Name": "LAGEOS2",
            "Pass": "NO/SE-CW"
        },
        {
            "AzimuthEnd": 108,
            "AzimuthMiddle": 28,
            "AzimuthStart": 310,
            "CPFSource": "16908_cpf_210623_6740.sdg",
            "CampaignTrack": false,
            "DateTimeEnd": "20210625.131104",
            "DateTimeMiddle": "20210625.130144",
            "DateTimeStart": "20210625.125234",
            "MaximumElevation": 58,
            "Object_NORAD": "16908",
            "Object_Name": "EGS",
            "Pass": "NO/SE-CW"
        },
        {
            "AzimuthEnd": 56,
            "AzimuthMiddle": 138,
            "AzimuthStart": 217,
            "CPFSource": "7646_cpf_210623_6740.sdg",
            "CampaignTrack": false,
            "DateTimeEnd": "20210625.133544",
            "DateTimeMiddle": "20210625.132844",
            "DateTimeStart": "20210625.132134",
            "MaximumElevation": 65,
            "Object_NORAD": "7646",
            "Object_Name": "STARLETTE",
            "Pass": "SO/NE-CCW"
        },
        {
            "AzimuthEnd": 219,
            "AzimuthMiddle": 306,
            "AzimuthStart": 25,
            "CPFSource": "8820_cpf_210623_6740.sdg",
            "CampaignTrack": false,
            "DateTimeEnd": "20210625.142654",
            "DateTimeMiddle": "20210625.135704",
            "DateTimeStart": "20210625.132724",
            "MaximumElevation": 82,
            "Object_NORAD": "8820",
            "Object_Name": "LAGEOS1",
            "Pass": "NE/SO-CW"
        },
        {
            "AzimuthEnd": 147,
            "AzimuthMiddle": 95,
            "AzimuthStart": 43,
            "CPFSource": "27944_cpf_210623_6740.sdg",
            "CampaignTrack": false,
            "DateTimeEnd": "20210625.135224",
            "DateTimeMiddle": "20210625.134834",
            "DateTimeStart": "20210625.134444",
            "MaximumElevation": 21,
            "Object_NORAD": "27944",
            "Object_Name": "LARETS",
            "Pass": "NE/SE-CW"
        },
        {
            "AzimuthEnd": 155,
            "AzimuthMiddle": 228,
            "AzimuthStart": 300,
            "CPFSource": "16908_cpf_210623_6740.sdg",
            "CampaignTrack": false,
            "DateTimeEnd": "20210625.151234",
            "DateTimeMiddle": "20210625.150334",
            "DateTimeStart": "20210625.145444",
            "MaximumElevation": 51,
            "Object_NORAD": "16908",
            "Object_Name": "EGS",
            "Pass": "NO/SE-CCW"
        },
        {
            "AzimuthEnd": 45,
            "AzimuthMiddle": 332,
            "AzimuthStart": 263,
            "CPFSource": "7646_cpf_210623_6740.sdg",
            "CampaignTrack": false,
            "DateTimeEnd": "20210625.152444",
            "DateTimeMiddle": "20210625.151814",
            "DateTimeStart": "20210625.151134",
            "MaximumElevation": 41,
            "Object_NORAD": "7646",
            "Object_Name": "STARLETTE",
            "Pass": "SO/NE-CW"
        },
        {
            "AzimuthEnd": 224,
            "AzimuthMiddle": 288,
            "AzimuthStart": 353,
            "CPFSource": "27944_cpf_210623_6740.sdg",
            "CampaignTrack": false,
            "DateTimeEnd": "20210625.153024",
            "DateTimeMiddle": "20210625.152554",
            "DateTimeStart": "20210625.152134",
            "MaximumElevation": 33,
            "Object_NORAD": "27944",
            "Object_Name": "LARETS",
            "Pass": "NO/SO-CCW"
        },
        {
            "AzimuthEnd": 171,
            "AzimuthMiddle": 243,
            "AzimuthStart": 311,
            "CPFSource": "22195_cpf_210623_6740.sdg",
            "CampaignTrack": false,
            "DateTimeEnd": "20210625.164354",
            "DateTimeMiddle": "20210625.161254",
            "DateTimeStart": "20210625.154314",
            "MaximumElevation": 53,
            "Object_NORAD": "22195",
            "Object_Name": "LAGEOS2",
            "Pass": "NO/SE-CCW"
        },
        {
            "AzimuthEnd": 39,
            "AzimuthMiddle": 102,
            "AzimuthStart": 165,
            "CPFSource": "38077_cpf_210623_6740.sdg",
            "CampaignTrack": false,
            "DateTimeEnd": "20210625.163944",
            "DateTimeMiddle": "20210625.163144",
            "DateTimeStart": "20210625.162354",
            "MaximumElevation": 36,
            "Object_NORAD": "38077",
            "Object_Name": "LARES",
            "Pass": "SE/NE-CCW"
        },
        {
            "AzimuthEnd": 287,
            "AzimuthMiddle": 342,
            "AzimuthStart": 35,
            "CPFSource": "8820_cpf_210623_6740.sdg",
            "CampaignTrack": false,
            "DateTimeEnd": "20210625.174514",
            "DateTimeMiddle": "20210625.172154",
            "DateTimeStart": "20210625.165904",
            "MaximumElevation": 33,
            "Object_NORAD": "8820",
            "Object_Name": "LAGEOS1",
            "Pass": "NE/NO-CW"
        },
        {
            "AzimuthEnd": 51,
            "AzimuthMiddle": 356,
            "AzimuthStart": 301,
            "CPFSource": "7646_cpf_210623_6740.sdg",
            "CampaignTrack": false,
            "DateTimeEnd": "20210625.171414",
            "DateTimeMiddle": "20210625.170854",
            "DateTimeStart": "20210625.170324",
            "MaximumElevation": 24,
            "Object_NORAD": "7646",
            "Object_Name": "STARLETTE",
            "Pass": "NO/NE-CW"
        },
        {
            "AzimuthEnd": 183,
            "AzimuthMiddle": 297,
            "AzimuthStart": 356,
            "CPFSource": "39453_cpf_210623_6740.sdg",
            "CampaignTrack": false,
            "DateTimeEnd": "20210625.174704",
            "DateTimeMiddle": "20210625.174324",
            "DateTimeStart": "20210625.174004",
            "MaximumElevation": 79,
            "Object_NORAD": "39453",
            "Object_Name": "SWARMC",
            "Pass": "NO/SO-CCW"
        },
        {
            "AzimuthEnd": 184,
            "AzimuthMiddle": 271,
            "AzimuthStart": 356,
            "CPFSource": "39452_cpf_210623_6740.sdg",
            "CampaignTrack": false,
            "DateTimeEnd": "20210625.174704",
            "DateTimeMiddle": "20210625.174334",
            "DateTimeStart": "20210625.174014",
            "MaximumElevation": 77,
            "Object_NORAD": "39452",
            "Object_Name": "SWARMA",
            "Pass": "NO/SO-CCW"
        },
        {
            "AzimuthEnd": 334,
            "AzimuthMiddle": 276,
            "AzimuthStart": 219,
            "CPFSource": "39451_cpf_210623_6740.sdg",
            "CampaignTrack": false,
            "DateTimeEnd": "20210625.181134",
            "DateTimeMiddle": "20210625.180814",
            "DateTimeStart": "20210625.180504",
            "MaximumElevation": 24,
            "Object_NORAD": "39451",
            "Object_Name": "SWARMB",
            "Pass": "SO/NO-CW"
        },
        {
            "AzimuthEnd": 341,
            "AzimuthMiddle": 260,
            "AzimuthStart": 177,
            "CPFSource": "31698_cpf_210623_6740.sdg",
            "CampaignTrack": false,
            "DateTimeEnd": "20210625.181944",
            "DateTimeMiddle": "20210625.181544",
            "DateTimeStart": "20210625.181154",
            "MaximumElevation": 61,
            "Object_NORAD": "31698",
            "Object_Name": "TERRASARX",
            "Pass": "SE/NO-CW"
        },
        {
            "AzimuthEnd": 341,
            "AzimuthMiddle": 257,
            "AzimuthStart": 178,
            "CPFSource": "36605_cpf_210623_6740.sdg",
            "CampaignTrack": false,
            "DateTimeEnd": "20210625.181944",
            "DateTimeMiddle": "20210625.181544",
            "DateTimeStart": "20210625.181204",
            "MaximumElevation": 61,
            "Object_NORAD": "36605",
            "Object_Name": "TANDEMX",
            "Pass": "SE/NO-CW"
        },
        {
            "AzimuthEnd": 15,
            "AzimuthMiddle": 300,
            "AzimuthStart": 227,
            "CPFSource": "38077_cpf_210623_6740.sdg",
            "CampaignTrack": false,
            "DateTimeEnd": "20210625.183804",
            "DateTimeMiddle": "20210625.182914",
            "DateTimeStart": "20210625.182044",
            "MaximumElevation": 48,
            "Object_NORAD": "38077",
            "Object_Name": "LARES",
            "Pass": "SO/NE-CW"
        },
        {
            "AzimuthEnd": 247,
            "AzimuthMiddle": 278,
            "AzimuthStart": 306,
            "CPFSource": "38250_cpf_210623_6740.sdg",
            "CampaignTrack": false,
            "DateTimeEnd": "20210625.202034",
            "DateTimeMiddle": "20210625.192914",
            "DateTimeStart": "20210625.183754",
            "MaximumElevation": 47,
            "Object_NORAD": "38250",
            "Object_Name": "BEIDOU12",
            "Pass": "NO/SO-CCW"
        },
        {
            "AzimuthEnd": 82,
            "AzimuthMiddle": 17,
            "AzimuthStart": 316,
            "CPFSource": "7646_cpf_210623_6740.sdg",
            "CampaignTrack": false,
            "DateTimeEnd": "20210625.190504",
            "DateTimeMiddle": "20210625.185934",
            "DateTimeStart": "20210625.185354",
            "MaximumElevation": 31,
            "Object_NORAD": "7646",
            "Object_Name": "STARLETTE",
            "Pass": "NO/NE-CW"
        },
        {
            "AzimuthEnd": 215,
            "AzimuthMiddle": 286,
            "AzimuthStart": 0,
            "CPFSource": "39086_cpf_210623_6740.sdg",
            "CampaignTrack": false,
            "DateTimeEnd": "20210625.192004",
            "DateTimeMiddle": "20210625.191454",
            "DateTimeStart": "20210625.190944",
            "MaximumElevation": 45,
            "Object_NORAD": "39086",
            "Object_Name": "SARAL",
            "Pass": "N/SO-CW"
        },
        {
            "AzimuthEnd": 351,
            "AzimuthMiddle": 261,
            "AzimuthStart": 180,
            "CPFSource": "36508_cpf_210623_6740.sdg",
            "CampaignTrack": false,
            "DateTimeEnd": "20210625.192754",
            "DateTimeMiddle": "20210625.192244",
            "DateTimeStart": "20210625.191754",
            "MaximumElevation": 72,
            "Object_NORAD": "36508",
            "Object_Name": "CRYOSAT2",
            "Pass": "S/NO-CW"
        },
        {
            "AzimuthEnd": 329,
            "AzimuthMiddle": 29,
            "AzimuthStart": 89,
            "CPFSource": "8820_cpf_210623_6740.sdg",
            "CampaignTrack": false,
            "DateTimeEnd": "20210625.210554",
            "DateTimeMiddle": "20210625.204054",
            "DateTimeStart": "20210625.201614",
            "MaximumElevation": 40,
            "Object_NORAD": "8820",
            "Object_Name": "LAGEOS1",
            "Pass": "NE/NO-CW"
        },
        {
            "AzimuthEnd": 131,
            "AzimuthMiddle": 244,
            "AzimuthStart": 307,
            "CPFSource": "7646_cpf_210623_6740.sdg",
            "CampaignTrack": false,
            "DateTimeEnd": "20210625.205514",
            "DateTimeMiddle": "20210625.204914",
            "DateTimeStart": "20210625.204304",
            "MaximumElevation": 85,
            "Object_NORAD": "7646",
            "Object_Name": "STARLETTE",
            "Pass": "NO/SE-CCW"
        },
        {
            "AzimuthEnd": 9,
            "AzimuthMiddle": 49,
            "AzimuthStart": 186,
            "CPFSource": "13067_cpf_210623_6740.sdg",
            "CampaignTrack": false,
            "DateTimeEnd": "20210625.211004",
            "DateTimeMiddle": "20210625.210604",
            "DateTimeStart": "20210625.210214",
            "MaximumElevation": 87,
            "Object_NORAD": "13067",
            "Object_Name": "COSMOS1340",
            "Pass": "SO/NE-CCW"
        },
        {
            "AzimuthEnd": 77,
            "AzimuthMiddle": 141,
            "AzimuthStart": 203,
            "CPFSource": "1328_cpf_210623_6740.sdg",
            "CampaignTrack": false,
            "DateTimeEnd": "20210625.232604",
            "DateTimeMiddle": "20210625.231824",
            "DateTimeStart": "20210625.231054",
            "MaximumElevation": 34,
            "Object_NORAD": "1328",
            "Object_Name": "EXPLORER27",
            "Pass": "SO/NE-CCW"
        },
        {
            "AzimuthEnd": 163,
            "AzimuthMiddle": 163,
            "AzimuthStart": 156,
            "CPFSource": "8820_cpf_210623_6740.sdg",
            "CampaignTrack": false,
            "DateTimeEnd": "20210625.235954",
            "DateTimeMiddle": "20210625.235954",
            "DateTimeStart": "20210625.233944",
            "MaximumElevation": 35,
            "Object_NORAD": "8820",
            "Object_Name": "LAGEOS1",
            "Pass": "SE/SE-CW"
        }
    ]
}
