{
    "CreationDateTime": "20240828.074852",
    "PredictionsArray": [
        {
            "AzimuthEnd": 131,
            "AzimuthMiddle": 138,
            "AzimuthStart": 139,
            "CPFSource": "1328_cpf_240828_7411.tjr",
            "CampaignTrack": false,
            "DateTimeEnd": "20240828.075131",
            "DateTimeMiddle": "20240828.074851",
            "DateTimeStart": "20240828.074841",
            "MaximumElevation": 24,
            "Object_NORAD": "1328",
            "Object_Name": "EXPLORER27",
            "Pass": "SE/SE-CCW"
        },
        {
            "AzimuthEnd": 238,
            "AzimuthMiddle": 296,
            "AzimuthStart": 350,
            "CPFSource": "41579_cpf_240828_7411.tjr",
            "CampaignTrack": false,
            "DateTimeEnd": "20240828.081721",
            "DateTimeMiddle": "20240828.081211",
            "DateTimeStart": "20240828.080711",
            "MaximumElevation": 27,
            "Object_NORAD": "41579",
            "Object_Name": "COSMOS2517",
            "Pass": "NO/SO-CCW"
        },
        {
            "AzimuthEnd": 167,
            "AzimuthMiddle": 85,
            "AzimuthStart": 12,
            "CPFSource": "43476_cpf_240828_7411.tjr",
            "CampaignTrack": false,
            "DateTimeEnd": "20240828.085711",
            "DateTimeMiddle": "20240828.085331",
            "DateTimeStart": "20240828.085001",
            "MaximumElevation": 49,
            "Object_NORAD": "43476",
            "Object_Name": "GRACEFO1",
            "Pass": "NE/SE-CW"
        },
        {
            "AzimuthEnd": 167,
            "AzimuthMiddle": 90,
            "AzimuthStart": 12,
            "CPFSource": "43477_cpf_240828_7411.tjr",
            "CampaignTrack": false,
            "DateTimeEnd": "20240828.085741",
            "DateTimeMiddle": "20240828.085401",
            "DateTimeStart": "20240828.085031",
            "MaximumElevation": 50,
            "Object_NORAD": "43477",
            "Object_Name": "GRACEFO2",
            "Pass": "NE/SE-CW"
        },
        {
            "AzimuthEnd": 211,
            "AzimuthMiddle": 276,
            "AzimuthStart": 337,
            "CPFSource": "39453_cpf_240828_7411.tjr",
            "CampaignTrack": false,
            "DateTimeEnd": "20240828.100611",
            "DateTimeMiddle": "20240828.100251",
            "DateTimeStart": "20240828.095941",
            "MaximumElevation": 29,
            "Object_NORAD": "39453",
            "Object_Name": "SWARMC",
            "Pass": "NO/SO-CCW"
        },
        {
            "AzimuthEnd": 206,
            "AzimuthMiddle": 276,
            "AzimuthStart": 340,
            "CPFSource": "39452_cpf_240828_7411.tjr",
            "CampaignTrack": false,
            "DateTimeEnd": "20240828.100631",
            "DateTimeMiddle": "20240828.100301",
            "DateTimeStart": "20240828.095951",
            "MaximumElevation": 35,
            "Object_NORAD": "39452",
            "Object_Name": "SWARMA",
            "Pass": "NO/SO-CCW"
        },
        {
            "AzimuthEnd": 168,
            "AzimuthMiddle": 98,
            "AzimuthStart": 29,
            "CPFSource": "41335_cpf_240828_7411.tjr",
            "CampaignTrack": false,
            "DateTimeEnd": "20240828.101901",
            "DateTimeMiddle": "20240828.101351",
            "DateTimeStart": "20240828.100851",
            "MaximumElevation": 39,
            "Object_NORAD": "41335",
            "Object_Name": "SENTINEL3A",
            "Pass": "NE/SE-CW"
        },
        {
            "AzimuthEnd": 348,
            "AzimuthMiddle": 293,
            "AzimuthStart": 168,
            "CPFSource": "43186_cpf_240828_7411.tjr",
            "CampaignTrack": false,
            "DateTimeEnd": "20240828.110651",
            "DateTimeMiddle": "20240828.110241",
            "DateTimeStart": "20240828.105841",
            "MaximumElevation": 88,
            "Object_NORAD": "43186",
            "Object_Name": "SNETD",
            "Pass": "SE/NO-CW"
        },
        {
            "AzimuthEnd": 347,
            "AzimuthMiddle": 244,
            "AzimuthStart": 169,
            "CPFSource": "43188_cpf_240828_7411.tjr",
            "CampaignTrack": false,
            "DateTimeEnd": "20240828.110821",
            "DateTimeMiddle": "20240828.110411",
            "DateTimeStart": "20240828.110011",
            "MaximumElevation": 85,
            "Object_NORAD": "43188",
            "Object_Name": "SNETA",
            "Pass": "SE/NO-CW"
        },
        {
            "AzimuthEnd": 346,
            "AzimuthMiddle": 240,
            "AzimuthStart": 171,
            "CPFSource": "43187_cpf_240828_7411.tjr",
            "CampaignTrack": false,
            "DateTimeEnd": "20240828.111041",
            "DateTimeMiddle": "20240828.110621",
            "DateTimeStart": "20240828.110221",
            "MaximumElevation": 78,
            "Object_NORAD": "43187",
            "Object_Name": "SNETB",
            "Pass": "SE/NO-CW"
        },
        {
            "AzimuthEnd": 344,
            "AzimuthMiddle": 252,
            "AzimuthStart": 173,
            "CPFSource": "43189_cpf_240828_7411.tjr",
            "CampaignTrack": false,
            "DateTimeEnd": "20240828.111331",
            "DateTimeMiddle": "20240828.110921",
            "DateTimeStart": "20240828.110521",
            "MaximumElevation": 72,
            "Object_NORAD": "43189",
            "Object_Name": "SNETC",
            "Pass": "SE/NO-CW"
        },
        {
            "AzimuthEnd": 241,
            "AzimuthMiddle": 293,
            "AzimuthStart": 345,
            "CPFSource": "41335_cpf_240828_7411.tjr",
            "CampaignTrack": false,
            "DateTimeEnd": "20240828.115741",
            "DateTimeMiddle": "20240828.115321",
            "DateTimeStart": "20240828.114911",
            "MaximumElevation": 23,
            "Object_NORAD": "41335",
            "Object_Name": "SENTINEL3A",
            "Pass": "NO/SO-CCW"
        },
        {
            "AzimuthEnd": 7,
            "AzimuthMiddle": 67,
            "AzimuthStart": 124,
            "CPFSource": "37781_cpf_240828_7411.tjr",
            "CampaignTrack": false,
            "DateTimeEnd": "20240828.164910",
            "DateTimeMiddle": "20240828.164340",
            "DateTimeStart": "20240828.163830",
            "MaximumElevation": 29,
            "Object_NORAD": "37781",
            "Object_Name": "HAIYANG2A",
            "Pass": "SE/NE-CCW"
        },
        {
            "AzimuthEnd": 162,
            "AzimuthMiddle": 96,
            "AzimuthStart": 33,
            "CPFSource": "42829_cpf_240828_7411.tjr",
            "CampaignTrack": false,
            "DateTimeEnd": "20240828.174020",
            "DateTimeMiddle": "20240828.173630",
            "DateTimeStart": "20240828.173250",
            "MaximumElevation": 31,
            "Object_NORAD": "42829",
            "Object_Name": "TECHNOSAT",
            "Pass": "NE/SE-CW"
        },
        {
            "AzimuthEnd": 349,
            "AzimuthMiddle": 79,
            "AzimuthStart": 160,
            "CPFSource": "41579_cpf_240828_7411.tjr",
            "CampaignTrack": false,
            "DateTimeEnd": "20240828.181300",
            "DateTimeMiddle": "20240828.180640",
            "DateTimeStart": "20240828.180040",
            "MaximumElevation": 78,
            "Object_NORAD": "41579",
            "Object_Name": "COSMOS2517",
            "Pass": "SE/NO-CW"
        },
        {
            "AzimuthEnd": 331,
            "AzimuthMiddle": 261,
            "AzimuthStart": 193,
            "CPFSource": "37781_cpf_240828_7411.tjr",
            "CampaignTrack": false,
            "DateTimeEnd": "20240828.183230",
            "DateTimeMiddle": "20240828.182630",
            "DateTimeStart": "20240828.182050",
            "MaximumElevation": 39,
            "Object_NORAD": "37781",
            "Object_Name": "HAIYANG2A",
            "Pass": "SO/NO-CW"
        },
        {
            "AzimuthEnd": 337,
            "AzimuthMiddle": 264,
            "AzimuthStart": 186,
            "CPFSource": "31698_cpf_240828_7411.tjr",
            "CampaignTrack": false,
            "DateTimeEnd": "20240828.182830",
            "DateTimeMiddle": "20240828.182440",
            "DateTimeStart": "20240828.182100",
            "MaximumElevation": 46,
            "Object_NORAD": "31698",
            "Object_Name": "TERRASARX",
            "Pass": "SO/NO-CW"
        },
        {
            "AzimuthEnd": 337,
            "AzimuthMiddle": 264,
            "AzimuthStart": 186,
            "CPFSource": "36605_cpf_240828_7411.tjr",
            "CampaignTrack": false,
            "DateTimeEnd": "20240828.182830",
            "DateTimeMiddle": "20240828.182440",
            "DateTimeStart": "20240828.182100",
            "MaximumElevation": 46,
            "Object_NORAD": "36605",
            "Object_Name": "TANDEMX",
            "Pass": "SO/NO-CW"
        },
        {
            "AzimuthEnd": 8,
            "AzimuthMiddle": 80,
            "AzimuthStart": 163,
            "CPFSource": "43476_cpf_240828_7411.tjr",
            "CampaignTrack": false,
            "DateTimeEnd": "20240828.210240",
            "DateTimeMiddle": "20240828.205900",
            "DateTimeStart": "20240828.205520",
            "MaximumElevation": 53,
            "Object_NORAD": "43476",
            "Object_Name": "GRACEFO1",
            "Pass": "SE/NE-CCW"
        },
        {
            "AzimuthEnd": 8,
            "AzimuthMiddle": 87,
            "AzimuthStart": 164,
            "CPFSource": "43477_cpf_240828_7411.tjr",
            "CampaignTrack": false,
            "DateTimeEnd": "20240828.210310",
            "DateTimeMiddle": "20240828.205920",
            "DateTimeStart": "20240828.205550",
            "MaximumElevation": 54,
            "Object_NORAD": "43477",
            "Object_Name": "GRACEFO2",
            "Pass": "SE/NE-CCW"
        },
        {
            "AzimuthEnd": 358,
            "AzimuthMiddle": 72,
            "AzimuthStart": 145,
            "CPFSource": "41335_cpf_240828_7411.tjr",
            "CampaignTrack": false,
            "DateTimeEnd": "20240828.213620",
            "DateTimeMiddle": "20240828.213100",
            "DateTimeStart": "20240828.212550",
            "MaximumElevation": 48,
            "Object_NORAD": "41335",
            "Object_Name": "SENTINEL3A",
            "Pass": "SE/NO-CW"
        },
        {
            "AzimuthEnd": 350,
            "AzimuthMiddle": 273,
            "AzimuthStart": 196,
            "CPFSource": "39452_cpf_240828_7411.tjr",
            "CampaignTrack": false,
            "DateTimeEnd": "20240828.221020",
            "DateTimeMiddle": "20240828.220640",
            "DateTimeStart": "20240828.220310",
            "MaximumElevation": 48,
            "Object_NORAD": "39452",
            "Object_Name": "SWARMA",
            "Pass": "SO/NO-CW"
        },
        {
            "AzimuthEnd": 347,
            "AzimuthMiddle": 273,
            "AzimuthStart": 202,
            "CPFSource": "39453_cpf_240828_7411.tjr",
            "CampaignTrack": false,
            "DateTimeEnd": "20240828.221010",
            "DateTimeMiddle": "20240828.220630",
            "DateTimeStart": "20240828.220310",
            "MaximumElevation": 40,
            "Object_NORAD": "39453",
            "Object_Name": "SWARMC",
            "Pass": "SO/NO-CW"
        },
        {
            "AzimuthEnd": 219,
            "AzimuthMiddle": 289,
            "AzimuthStart": 355,
            "CPFSource": "43186_cpf_240828_7411.tjr",
            "CampaignTrack": false,
            "DateTimeEnd": "20240829.001950",
            "DateTimeMiddle": "20240829.001600",
            "DateTimeStart": "20240829.001220",
            "MaximumElevation": 36,
            "Object_NORAD": "43186",
            "Object_Name": "SNETD",
            "Pass": "NO/SO-CCW"
        },
        {
            "AzimuthEnd": 219,
            "AzimuthMiddle": 284,
            "AzimuthStart": 353,
            "CPFSource": "43188_cpf_240828_7411.tjr",
            "CampaignTrack": false,
            "DateTimeEnd": "20240829.002130",
            "DateTimeMiddle": "20240829.001740",
            "DateTimeStart": "20240829.001400",
            "MaximumElevation": 35,
            "Object_NORAD": "43188",
            "Object_Name": "SNETA",
            "Pass": "NO/SO-CCW"
        },
        {
            "AzimuthEnd": 222,
            "AzimuthMiddle": 287,
            "AzimuthStart": 352,
            "CPFSource": "43187_cpf_240828_7411.tjr",
            "CampaignTrack": false,
            "DateTimeEnd": "20240829.002330",
            "DateTimeMiddle": "20240829.001950",
            "DateTimeStart": "20240829.001610",
            "MaximumElevation": 32,
            "Object_NORAD": "43187",
            "Object_Name": "SNETB",
            "Pass": "NO/SO-CCW"
        },
        {
            "AzimuthEnd": 224,
            "AzimuthMiddle": 290,
            "AzimuthStart": 350,
            "CPFSource": "43189_cpf_240828_7411.tjr",
            "CampaignTrack": false,
            "DateTimeEnd": "20240829.002630",
            "DateTimeMiddle": "20240829.002240",
            "DateTimeStart": "20240829.001910",
            "MaximumElevation": 30,
            "Object_NORAD": "43189",
            "Object_Name": "SNETC",
            "Pass": "NO/SO-CCW"
        },
        {
            "AzimuthEnd": 72,
            "AzimuthMiddle": 151,
            "AzimuthStart": 227,
            "CPFSource": "1328_cpf_240828_7411.tjr",
            "CampaignTrack": false,
            "DateTimeEnd": "20240829.012550",
            "DateTimeMiddle": "20240829.011900",
            "DateTimeStart": "20240829.011140",
            "MaximumElevation": 58,
            "Object_NORAD": "1328",
            "Object_Name": "EXPLORER27",
            "Pass": "SO/NE-CCW"
        },
        {
            "AzimuthEnd": 70,
            "AzimuthMiddle": 351,
            "AzimuthStart": 264,
            "CPFSource": "1328_cpf_240828_7411.tjr",
            "CampaignTrack": false,
            "DateTimeEnd": "20240829.031930",
            "DateTimeMiddle": "20240829.031250",
            "DateTimeStart": "20240829.030540",
            "MaximumElevation": 67,
            "Object_NORAD": "1328",
            "Object_Name": "EXPLORER27",
            "Pass": "SO/NE-CW"
        },
        {
            "AzimuthEnd": 87,
            "AzimuthMiddle": 4,
            "AzimuthStart": 287,
            "CPFSource": "1328_cpf_240828_7411.tjr",
            "CampaignTrack": false,
            "DateTimeEnd": "20240829.051320",
            "DateTimeMiddle": "20240829.050650",
            "DateTimeStart": "20240829.050020",
            "MaximumElevation": 59,
            "Object_NORAD": "1328",
            "Object_Name": "EXPLORER27",
            "Pass": "NO/NE-CW"
        },
        {
            "AzimuthEnd": 145,
            "AzimuthMiddle": 94,
            "AzimuthStart": 45,
            "CPFSource": "37781_cpf_240828_7411.tjr",
            "CampaignTrack": false,
            "DateTimeEnd": "20240829.053020",
            "DateTimeMiddle": "20240829.052530",
            "DateTimeStart": "20240829.052050",
            "MaximumElevation": 21,
            "Object_NORAD": "37781",
            "Object_Name": "HAIYANG2A",
            "Pass": "NE/SE-CW"
        },
        {
            "AzimuthEnd": 332,
            "AzimuthMiddle": 265,
            "AzimuthStart": 192,
            "CPFSource": "42829_cpf_240828_7411.tjr",
            "CampaignTrack": false,
            "DateTimeEnd": "20240829.060120",
            "DateTimeMiddle": "20240829.055720",
            "DateTimeStart": "20240829.055320",
            "MaximumElevation": 38,
            "Object_NORAD": "42829",
            "Object_Name": "TECHNOSAT",
            "Pass": "SO/NO-CW"
        },
        {
            "AzimuthEnd": 180,
            "AzimuthMiddle": 105,
            "AzimuthStart": 23,
            "CPFSource": "41579_cpf_240828_7411.tjr",
            "CampaignTrack": false,
            "DateTimeEnd": "20240829.065120",
            "DateTimeMiddle": "20240829.064520",
            "DateTimeStart": "20240829.063920",
            "MaximumElevation": 57,
            "Object_NORAD": "41579",
            "Object_Name": "COSMOS2517",
            "Pass": "NE/S-CW"
        },
        {
            "AzimuthEnd": 122,
            "AzimuthMiddle": 208,
            "AzimuthStart": 290,
            "CPFSource": "1328_cpf_240828_7411.tjr",
            "CampaignTrack": false,
            "DateTimeEnd": "20240829.070710",
            "DateTimeMiddle": "20240829.070040",
            "DateTimeStart": "20240829.065410",
            "MaximumElevation": 75,
            "Object_NORAD": "1328",
            "Object_Name": "EXPLORER27",
            "Pass": "NO/SE-CCW"
        },
        {
            "AzimuthEnd": 215,
            "AzimuthMiddle": 287,
            "AzimuthStart": 3,
            "CPFSource": "37781_cpf_240828_7411.tjr",
            "CampaignTrack": false,
            "DateTimeEnd": "20240829.071450",
            "DateTimeMiddle": "20240829.070850",
            "DateTimeStart": "20240829.070250",
            "MaximumElevation": 51,
            "Object_NORAD": "37781",
            "Object_Name": "HAIYANG2A",
            "Pass": "NE/SO-CW"
        },
        {
            "AzimuthEnd": 232,
            "AzimuthMiddle": 290,
            "AzimuthStart": 345,
            "CPFSource": "31698_cpf_240828_7411.tjr",
            "CampaignTrack": false,
            "DateTimeEnd": "20240829.073420",
            "DateTimeMiddle": "20240829.073100",
            "DateTimeStart": "20240829.072750",
            "MaximumElevation": 24,
            "Object_NORAD": "31698",
            "Object_Name": "TERRASARX",
            "Pass": "NO/SO-CCW"
        },
        {
            "AzimuthEnd": 232,
            "AzimuthMiddle": 290,
            "AzimuthStart": 345,
            "CPFSource": "36605_cpf_240828_7411.tjr",
            "CampaignTrack": false,
            "DateTimeEnd": "20240829.073420",
            "DateTimeMiddle": "20240829.073100",
            "DateTimeStart": "20240829.072750",
            "MaximumElevation": 24,
            "Object_NORAD": "36605",
            "Object_Name": "TANDEMX",
            "Pass": "NO/SO-CCW"
        },
        {
            "AzimuthEnd": 249,
            "AzimuthMiddle": 296,
            "AzimuthStart": 344,
            "CPFSource": "41579_cpf_240828_7411.tjr",
            "CampaignTrack": false,
            "DateTimeEnd": "20240829.083150",
            "DateTimeMiddle": "20240829.082720",
            "DateTimeStart": "20240829.082250",
            "MaximumElevation": 20,
            "Object_NORAD": "41579",
            "Object_Name": "COSMOS2517",
            "Pass": "NO/SO-CCW"
        },
        {
            "AzimuthEnd": 144,
            "AzimuthMiddle": 86,
            "AzimuthStart": 30,
            "CPFSource": "43476_cpf_240828_7411.tjr",
            "CampaignTrack": false,
            "DateTimeEnd": "20240829.082910",
            "DateTimeMiddle": "20240829.082600",
            "DateTimeStart": "20240829.082300",
            "MaximumElevation": 23,
            "Object_NORAD": "43476",
            "Object_Name": "GRACEFO1",
            "Pass": "NE/SE-CW"
        },
        {
            "AzimuthEnd": 143,
            "AzimuthMiddle": 84,
            "AzimuthStart": 29,
            "CPFSource": "43477_cpf_240828_7411.tjr",
            "CampaignTrack": false,
            "DateTimeEnd": "20240829.082930",
            "DateTimeMiddle": "20240829.082620",
            "DateTimeStart": "20240829.082320",
            "MaximumElevation": 23,
            "Object_NORAD": "43477",
            "Object_Name": "GRACEFO2",
            "Pass": "NE/SE-CW"
        },
        {
            "AzimuthEnd": 170,
            "AzimuthMiddle": 220,
            "AzimuthStart": 270,
            "CPFSource": "1328_cpf_240828_7411.tjr",
            "CampaignTrack": false,
            "DateTimeEnd": "20240829.085840",
            "DateTimeMiddle": "20240829.085340",
            "DateTimeStart": "20240829.084850",
            "MaximumElevation": 22,
            "Object_NORAD": "1328",
            "Object_Name": "EXPLORER27",
            "Pass": "O/SE-CCW"
        },
        {
            "AzimuthEnd": 186,
            "AzimuthMiddle": 262,
            "AzimuthStart": 355,
            "CPFSource": "39453_cpf_240828_7411.tjr",
            "CampaignTrack": false,
            "DateTimeEnd": "20240829.093540",
            "DateTimeMiddle": "20240829.093200",
            "DateTimeStart": "20240829.092820",
            "MaximumElevation": 73,
            "Object_NORAD": "39453",
            "Object_Name": "SWARMC",
            "Pass": "NO/SO-CCW"
        },
        {
            "AzimuthEnd": 181,
            "AzimuthMiddle": 206,
            "AzimuthStart": 359,
            "CPFSource": "39452_cpf_240828_7411.tjr",
            "CampaignTrack": false,
            "DateTimeEnd": "20240829.093550",
            "DateTimeMiddle": "20240829.093210",
            "DateTimeStart": "20240829.092830",
            "MaximumElevation": 86,
            "Object_NORAD": "39452",
            "Object_Name": "SWARMA",
            "Pass": "NO/SO-CCW"
        },
        {
            "AzimuthEnd": 147,
            "AzimuthMiddle": 94,
            "AzimuthStart": 43,
            "CPFSource": "41335_cpf_240828_7411.tjr",
            "CampaignTrack": false,
            "DateTimeEnd": "20240829.095210",
            "DateTimeMiddle": "20240829.094750",
            "DateTimeStart": "20240829.094340",
            "MaximumElevation": 22,
            "Object_NORAD": "41335",
            "Object_Name": "SENTINEL3A",
            "Pass": "NE/SE-CW"
        },
        {
            "AzimuthEnd": 350,
            "AzimuthMiddle": 57,
            "AzimuthStart": 164,
            "CPFSource": "43186_cpf_240828_7411.tjr",
            "CampaignTrack": false,
            "DateTimeEnd": "20240829.110220",
            "DateTimeMiddle": "20240829.105810",
            "DateTimeStart": "20240829.105400",
            "MaximumElevation": 80,
            "Object_NORAD": "43186",
            "Object_Name": "SNETD",
            "Pass": "SE/NO-CW"
        },
        {
            "AzimuthEnd": 350,
            "AzimuthMiddle": 68,
            "AzimuthStart": 165,
            "CPFSource": "43188_cpf_240828_7411.tjr",
            "CampaignTrack": false,
            "DateTimeEnd": "20240829.110350",
            "DateTimeMiddle": "20240829.105940",
            "DateTimeStart": "20240829.105540",
            "MaximumElevation": 84,
            "Object_NORAD": "43188",
            "Object_Name": "SNETA",
            "Pass": "SE/NO-CW"
        },
        {
            "AzimuthEnd": 348,
            "AzimuthMiddle": 179,
            "AzimuthStart": 167,
            "CPFSource": "43187_cpf_240828_7411.tjr",
            "CampaignTrack": false,
            "DateTimeEnd": "20240829.110600",
            "DateTimeMiddle": "20240829.110150",
            "DateTimeStart": "20240829.105750",
            "MaximumElevation": 88,
            "Object_NORAD": "43187",
            "Object_Name": "SNETB",
            "Pass": "SE/NO-CW"
        },
        {
            "AzimuthEnd": 347,
            "AzimuthMiddle": 256,
            "AzimuthStart": 170,
            "CPFSource": "43189_cpf_240828_7411.tjr",
            "CampaignTrack": false,
            "DateTimeEnd": "20240829.110900",
            "DateTimeMiddle": "20240829.110450",
            "DateTimeStart": "20240829.110050",
            "MaximumElevation": 83,
            "Object_NORAD": "43189",
            "Object_Name": "SNETC",
            "Pass": "SE/NO-CW"
        },
        {
            "AzimuthEnd": 221,
            "AzimuthMiddle": 289,
            "AzimuthStart": 357,
            "CPFSource": "41335_cpf_240828_7411.tjr",
            "CampaignTrack": false,
            "DateTimeEnd": "20240829.113250",
            "DateTimeMiddle": "20240829.112740",
            "DateTimeStart": "20240829.112240",
            "MaximumElevation": 40,
            "Object_NORAD": "41335",
            "Object_Name": "SENTINEL3A",
            "Pass": "NO/SO-CCW"
        },
        {
            "AzimuthEnd": 359,
            "AzimuthMiddle": 68,
            "AzimuthStart": 140,
            "CPFSource": "37781_cpf_240828_7411.tjr",
            "CampaignTrack": false,
            "DateTimeEnd": "20240829.171210",
            "DateTimeMiddle": "20240829.170610",
            "DateTimeStart": "20240829.170020",
            "MaximumElevation": 44,
            "Object_NORAD": "37781",
            "Object_Name": "HAIYANG2A",
            "Pass": "SE/NO-CW"
        },
        {
            "AzimuthEnd": 165,
            "AzimuthMiddle": 97,
            "AzimuthStart": 30,
            "CPFSource": "42829_cpf_240828_7411.tjr",
            "CampaignTrack": false,
            "DateTimeEnd": "20240829.174350",
            "DateTimeMiddle": "20240829.173950",
            "DateTimeStart": "20240829.173600",
            "MaximumElevation": 34,
            "Object_NORAD": "42829",
            "Object_Name": "TECHNOSAT",
            "Pass": "NE/SE-CW"
        },
        {
            "AzimuthEnd": 347,
            "AzimuthMiddle": 257,
            "AzimuthStart": 170,
            "CPFSource": "31698_cpf_240828_7411.tjr",
            "CampaignTrack": false,
            "DateTimeEnd": "20240829.181130",
            "DateTimeMiddle": "20240829.180730",
            "DateTimeStart": "20240829.180340",
            "MaximumElevation": 82,
            "Object_NORAD": "31698",
            "Object_Name": "TERRASARX",
            "Pass": "SE/NO-CW"
        },
        {
            "AzimuthEnd": 347,
            "AzimuthMiddle": 257,
            "AzimuthStart": 170,
            "CPFSource": "36605_cpf_240828_7411.tjr",
            "CampaignTrack": false,
            "DateTimeEnd": "20240829.181130",
            "DateTimeMiddle": "20240829.180730",
            "DateTimeStart": "20240829.180340",
            "MaximumElevation": 82,
            "Object_NORAD": "36605",
            "Object_Name": "TANDEMX",
            "Pass": "SE/NO-CW"
        },
        {
            "AzimuthEnd": 344,
            "AzimuthMiddle": 246,
            "AzimuthStart": 170,
            "CPFSource": "41579_cpf_240828_7411.tjr",
            "CampaignTrack": false,
            "DateTimeEnd": "20240829.182810",
            "DateTimeMiddle": "20240829.182150",
            "DateTimeStart": "20240829.181550",
            "MaximumElevation": 78,
            "Object_NORAD": "41579",
            "Object_Name": "COSMOS2517",
            "Pass": "SE/NO-CW"
        },
        {
            "AzimuthEnd": 321,
            "AzimuthMiddle": 266,
            "AzimuthStart": 209,
            "CPFSource": "37781_cpf_240828_7411.tjr",
            "CampaignTrack": false,
            "DateTimeEnd": "20240829.185430",
            "DateTimeMiddle": "20240829.184920",
            "DateTimeStart": "20240829.184410",
            "MaximumElevation": 25,
            "Object_NORAD": "37781",
            "Object_Name": "HAIYANG2A",
            "Pass": "SO/NO-CW"
        },
        {
            "AzimuthEnd": 25,
            "AzimuthMiddle": 83,
            "AzimuthStart": 139,
            "CPFSource": "43476_cpf_240828_7411.tjr",
            "CampaignTrack": false,
            "DateTimeEnd": "20240829.203440",
            "DateTimeMiddle": "20240829.203130",
            "DateTimeStart": "20240829.202830",
            "MaximumElevation": 25,
            "Object_NORAD": "43476",
            "Object_Name": "GRACEFO1",
            "Pass": "SE/NE-CCW"
        },
        {
            "AzimuthEnd": 24,
            "AzimuthMiddle": 81,
            "AzimuthStart": 140,
            "CPFSource": "43477_cpf_240828_7411.tjr",
            "CampaignTrack": false,
            "DateTimeEnd": "20240829.203510",
            "DateTimeMiddle": "20240829.203200",
            "DateTimeStart": "20240829.202850",
            "MaximumElevation": 25,
            "Object_NORAD": "43477",
            "Object_Name": "GRACEFO2",
            "Pass": "SE/NE-CCW"
        },
        {
            "AzimuthEnd": 10,
            "AzimuthMiddle": 68,
            "AzimuthStart": 125,
            "CPFSource": "41335_cpf_240828_7411.tjr",
            "CampaignTrack": false,
            "DateTimeEnd": "20240829.211000",
            "DateTimeMiddle": "20240829.210520",
            "DateTimeStart": "20240829.210050",
            "MaximumElevation": 28,
            "Object_NORAD": "41335",
            "Object_Name": "SENTINEL3A",
            "Pass": "SE/NE-CCW"
        },
        {
            "AzimuthEnd": 3,
            "AzimuthMiddle": 81,
            "AzimuthStart": 177,
            "CPFSource": "39453_cpf_240828_7411.tjr",
            "CampaignTrack": false,
            "DateTimeEnd": "20240829.213910",
            "DateTimeMiddle": "20240829.213530",
            "DateTimeStart": "20240829.213150",
            "MaximumElevation": 80,
            "Object_NORAD": "39453",
            "Object_Name": "SWARMC",
            "Pass": "SE/NE-CCW"
        },
        {
            "AzimuthEnd": 7,
            "AzimuthMiddle": 85,
            "AzimuthStart": 171,
            "CPFSource": "39452_cpf_240828_7411.tjr",
            "CampaignTrack": false,
            "DateTimeEnd": "20240829.213920",
            "DateTimeMiddle": "20240829.213540",
            "DateTimeStart": "20240829.213210",
            "MaximumElevation": 65,
            "Object_NORAD": "39452",
            "Object_Name": "SWARMA",
            "Pass": "SE/NE-CCW"
        },
        {
            "AzimuthEnd": 327,
            "AzimuthMiddle": 261,
            "AzimuthStart": 199,
            "CPFSource": "41335_cpf_240828_7411.tjr",
            "CampaignTrack": false,
            "DateTimeEnd": "20240829.224950",
            "DateTimeMiddle": "20240829.224450",
            "DateTimeStart": "20240829.224010",
            "MaximumElevation": 32,
            "Object_NORAD": "41335",
            "Object_Name": "SENTINEL3A",
            "Pass": "SO/NO-CW"
        },
        {
            "AzimuthEnd": 214,
            "AzimuthMiddle": 287,
            "AzimuthStart": 357,
            "CPFSource": "43186_cpf_240828_7411.tjr",
            "CampaignTrack": false,
            "DateTimeEnd": "20240830.001530",
            "DateTimeMiddle": "20240830.001130",
            "DateTimeStart": "20240830.000740",
            "MaximumElevation": 42,
            "Object_NORAD": "43186",
            "Object_Name": "SNETD",
            "Pass": "NO/SO-CCW"
        },
        {
            "AzimuthEnd": 215,
            "AzimuthMiddle": 289,
            "AzimuthStart": 356,
            "CPFSource": "43188_cpf_240828_7411.tjr",
            "CampaignTrack": false,
            "DateTimeEnd": "20240830.001700",
            "DateTimeMiddle": "20240830.001300",
            "DateTimeStart": "20240830.000920",
            "MaximumElevation": 40,
            "Object_NORAD": "43188",
            "Object_Name": "SNETA",
            "Pass": "NO/SO-CCW"
        },
        {
            "AzimuthEnd": 218,
            "AzimuthMiddle": 285,
            "AzimuthStart": 355,
            "CPFSource": "43187_cpf_240828_7411.tjr",
            "CampaignTrack": false,
            "DateTimeEnd": "20240830.001910",
            "DateTimeMiddle": "20240830.001520",
            "DateTimeStart": "20240830.001130",
            "MaximumElevation": 37,
            "Object_NORAD": "43187",
            "Object_Name": "SNETB",
            "Pass": "NO/SO-CCW"
        },
        {
            "AzimuthEnd": 220,
            "AzimuthMiddle": 289,
            "AzimuthStart": 354,
            "CPFSource": "43189_cpf_240828_7411.tjr",
            "CampaignTrack": false,
            "DateTimeEnd": "20240830.002200",
            "DateTimeMiddle": "20240830.001810",
            "DateTimeStart": "20240830.001430",
            "MaximumElevation": 34,
            "Object_NORAD": "43189",
            "Object_Name": "SNETC",
            "Pass": "NO/SO-CCW"
        },
        {
            "AzimuthEnd": 75,
            "AzimuthMiddle": 148,
            "AzimuthStart": 218,
            "CPFSource": "1328_cpf_240828_7411.tjr",
            "CampaignTrack": false,
            "DateTimeEnd": "20240830.004120",
            "DateTimeMiddle": "20240830.003430",
            "DateTimeStart": "20240830.002720",
            "MaximumElevation": 46,
            "Object_NORAD": "1328",
            "Object_Name": "EXPLORER27",
            "Pass": "SO/NE-CCW"
        },
        {
            "AzimuthEnd": 69,
            "AzimuthMiddle": 343,
            "AzimuthStart": 257,
            "CPFSource": "1328_cpf_240828_7411.tjr",
            "CampaignTrack": false,
            "DateTimeEnd": "20240830.023500",
            "DateTimeMiddle": "20240830.022810",
            "DateTimeStart": "20240830.022050",
            "MaximumElevation": 76,
            "Object_NORAD": "1328",
            "Object_Name": "EXPLORER27",
            "Pass": "SO/NE-CW"
        },
        {
            "AzimuthEnd": 82,
            "AzimuthMiddle": 4,
            "AzimuthStart": 283,
            "CPFSource": "1328_cpf_240828_7411.tjr",
            "CampaignTrack": false,
            "DateTimeEnd": "20240830.042850",
            "DateTimeMiddle": "20240830.042220",
            "DateTimeStart": "20240830.041530",
            "MaximumElevation": 57,
            "Object_NORAD": "1328",
            "Object_Name": "EXPLORER27",
            "Pass": "NO/NE-CW"
        },
        {
            "AzimuthEnd": 162,
            "AzimuthMiddle": 98,
            "AzimuthStart": 33,
            "CPFSource": "37781_cpf_240828_7411.tjr",
            "CampaignTrack": false,
            "DateTimeEnd": "20240830.055400",
            "DateTimeMiddle": "20240830.054820",
            "DateTimeStart": "20240830.054240",
            "MaximumElevation": 34,
            "Object_NORAD": "37781",
            "Object_Name": "HAIYANG2A",
            "Pass": "NE/SE-CW"
        },
        {
            "AzimuthEnd": 331,
            "AzimuthMiddle": 261,
            "AzimuthStart": 195,
            "CPFSource": "42829_cpf_240828_7411.tjr",
            "CampaignTrack": false,
            "DateTimeEnd": "20240830.060440",
            "DateTimeMiddle": "20240830.060030",
            "DateTimeStart": "20240830.055640",
            "MaximumElevation": 34,
            "Object_NORAD": "42829",
            "Object_Name": "TECHNOSAT",
            "Pass": "SO/NO-CW"
        },
        {
            "AzimuthEnd": 113,
            "AzimuthMiddle": 277,
            "AzimuthStart": 291,
            "CPFSource": "1328_cpf_240828_7411.tjr",
            "CampaignTrack": false,
            "DateTimeEnd": "20240830.062250",
            "DateTimeMiddle": "20240830.061610",
            "DateTimeStart": "20240830.060940",
            "MaximumElevation": 88,
            "Object_NORAD": "1328",
            "Object_Name": "EXPLORER27",
            "Pass": "NO/SE-CCW"
        },
        {
            "AzimuthEnd": 190,
            "AzimuthMiddle": 104,
            "AzimuthStart": 17,
            "CPFSource": "41579_cpf_240828_7411.tjr",
            "CampaignTrack": false,
            "DateTimeEnd": "20240830.070640",
            "DateTimeMiddle": "20240830.070030",
            "DateTimeStart": "20240830.065420",
            "MaximumElevation": 77,
            "Object_NORAD": "41579",
            "Object_Name": "COSMOS2517",
            "Pass": "NE/SO-CW"
        },
        {
            "AzimuthEnd": 215,
            "AzimuthMiddle": 288,
            "AzimuthStart": 356,
            "CPFSource": "31698_cpf_240828_7411.tjr",
            "CampaignTrack": false,
            "DateTimeEnd": "20240830.071750",
            "DateTimeMiddle": "20240830.071400",
            "DateTimeStart": "20240830.071030",
            "MaximumElevation": 39,
            "Object_NORAD": "31698",
            "Object_Name": "TERRASARX",
            "Pass": "NO/SO-CCW"
        },
        {
            "AzimuthEnd": 215,
            "AzimuthMiddle": 288,
            "AzimuthStart": 356,
            "CPFSource": "36605_cpf_240828_7411.tjr",
            "CampaignTrack": false,
            "DateTimeEnd": "20240830.071750",
            "DateTimeMiddle": "20240830.071400",
            "DateTimeStart": "20240830.071030",
            "MaximumElevation": 39,
            "Object_NORAD": "36605",
            "Object_Name": "TANDEMX",
            "Pass": "NO/SO-CCW"
        },
        {
            "AzimuthEnd": 230,
            "AzimuthMiddle": 294,
            "AzimuthStart": 355,
            "CPFSource": "37781_cpf_240828_7411.tjr",
            "CampaignTrack": false,
            "DateTimeEnd": "20240830.073650",
            "DateTimeMiddle": "20240830.073110",
            "DateTimeStart": "20240830.072540",
            "MaximumElevation": 34,
            "Object_NORAD": "37781",
            "Object_Name": "HAIYANG2A",
            "Pass": "NO/SO-CCW"
        },
        {
            "AzimuthEnd": 158,
            "AzimuthMiddle": 218,
            "AzimuthStart": 277,
            "CPFSource": "1328_cpf_240828_7411.tjr",
            "CampaignTrack": false,
            "DateTimeEnd": "20240830.081500",
            "DateTimeMiddle": "20240830.080920",
            "DateTimeStart": "20240830.080350",
            "MaximumElevation": 29,
            "Object_NORAD": "1328",
            "Object_Name": "EXPLORER27",
            "Pass": "NO/SE-CCW"
        },
        {
            "AzimuthEnd": 161,
            "AzimuthMiddle": 83,
            "AzimuthStart": 13,
            "CPFSource": "39453_cpf_240828_7411.tjr",
            "CampaignTrack": false,
            "DateTimeEnd": "20240830.090430",
            "DateTimeMiddle": "20240830.090050",
            "DateTimeStart": "20240830.085730",
            "MaximumElevation": 44,
            "Object_NORAD": "39453",
            "Object_Name": "SWARMC",
            "Pass": "NE/SE-CW"
        },
        {
            "AzimuthEnd": 156,
            "AzimuthMiddle": 84,
            "AzimuthStart": 17,
            "CPFSource": "39452_cpf_240828_7411.tjr",
            "CampaignTrack": false,
            "DateTimeEnd": "20240830.090430",
            "DateTimeMiddle": "20240830.090100",
            "DateTimeStart": "20240830.085740",
            "MaximumElevation": 36,
            "Object_NORAD": "39452",
            "Object_Name": "SWARMA",
            "Pass": "NE/SE-CW"
        },
        {
            "AzimuthEnd": 213,
            "AzimuthMiddle": 277,
            "AzimuthStart": 339,
            "CPFSource": "43476_cpf_240828_7411.tjr",
            "CampaignTrack": false,
            "DateTimeEnd": "20240830.093550",
            "DateTimeMiddle": "20240830.093230",
            "DateTimeStart": "20240830.092920",
            "MaximumElevation": 29,
            "Object_NORAD": "43476",
            "Object_Name": "GRACEFO1",
            "Pass": "NO/SO-CCW"
        },
        {
            "AzimuthEnd": 213,
            "AzimuthMiddle": 275,
            "AzimuthStart": 338,
            "CPFSource": "43477_cpf_240828_7411.tjr",
            "CampaignTrack": false,
            "DateTimeEnd": "20240830.093620",
            "DateTimeMiddle": "20240830.093300",
            "DateTimeStart": "20240830.092950",
            "MaximumElevation": 29,
            "Object_NORAD": "43477",
            "Object_Name": "GRACEFO2",
            "Pass": "NO/SO-CCW"
        },
        {
            "AzimuthEnd": 353,
            "AzimuthMiddle": 81,
            "AzimuthStart": 160,
            "CPFSource": "43186_cpf_240828_7411.tjr",
            "CampaignTrack": false,
            "DateTimeEnd": "20240830.105740",
            "DateTimeMiddle": "20240830.105330",
            "DateTimeStart": "20240830.104930",
            "MaximumElevation": 70,
            "Object_NORAD": "43186",
            "Object_Name": "SNETD",
            "Pass": "SE/NO-CW"
        },
        {
            "AzimuthEnd": 352,
            "AzimuthMiddle": 89,
            "AzimuthStart": 161,
            "CPFSource": "43188_cpf_240828_7411.tjr",
            "CampaignTrack": false,
            "DateTimeEnd": "20240830.105920",
            "DateTimeMiddle": "20240830.105500",
            "DateTimeStart": "20240830.105110",
            "MaximumElevation": 72,
            "Object_NORAD": "43188",
            "Object_Name": "SNETA",
            "Pass": "SE/NO-CW"
        },
        {
            "AzimuthEnd": 351,
            "AzimuthMiddle": 73,
            "AzimuthStart": 163,
            "CPFSource": "43187_cpf_240828_7411.tjr",
            "CampaignTrack": false,
            "DateTimeEnd": "20240830.110130",
            "DateTimeMiddle": "20240830.105720",
            "DateTimeStart": "20240830.105320",
            "MaximumElevation": 79,
            "Object_NORAD": "43187",
            "Object_Name": "SNETB",
            "Pass": "SE/NO-CW"
        },
        {
            "AzimuthEnd": 349,
            "AzimuthMiddle": 47,
            "AzimuthStart": 166,
            "CPFSource": "43189_cpf_240828_7411.tjr",
            "CampaignTrack": false,
            "DateTimeEnd": "20240830.110430",
            "DateTimeMiddle": "20240830.110020",
            "DateTimeStart": "20240830.105620",
            "MaximumElevation": 85,
            "Object_NORAD": "43189",
            "Object_Name": "SNETC",
            "Pass": "SE/NO-CW"
        },
        {
            "AzimuthEnd": 203,
            "AzimuthMiddle": 278,
            "AzimuthStart": 8,
            "CPFSource": "41335_cpf_240828_7411.tjr",
            "CampaignTrack": false,
            "DateTimeEnd": "20240830.110720",
            "DateTimeMiddle": "20240830.110200",
            "DateTimeStart": "20240830.105630",
            "MaximumElevation": 71,
            "Object_NORAD": "41335",
            "Object_Name": "SENTINEL3A",
            "Pass": "NE/SO-CW"
        },
        {
            "AzimuthEnd": 16,
            "AzimuthMiddle": 62,
            "AzimuthStart": 108,
            "CPFSource": "41579_cpf_240828_7411.tjr",
            "CampaignTrack": false,
            "DateTimeEnd": "20240830.165940",
            "DateTimeMiddle": "20240830.165510",
            "DateTimeStart": "20240830.165050",
            "MaximumElevation": 20,
            "Object_NORAD": "41579",
            "Object_Name": "COSMOS2517",
            "Pass": "SE/NE-CCW"
        },
        {
            "AzimuthEnd": 351,
            "AzimuthMiddle": 70,
            "AzimuthStart": 155,
            "CPFSource": "37781_cpf_240828_7411.tjr",
            "CampaignTrack": false,
            "DateTimeEnd": "20240830.173500",
            "DateTimeMiddle": "20240830.172840",
            "DateTimeStart": "20240830.172230",
            "MaximumElevation": 69,
            "Object_NORAD": "37781",
            "Object_Name": "HAIYANG2A",
            "Pass": "SE/NO-CW"
        },
        {
            "AzimuthEnd": 168,
            "AzimuthMiddle": 99,
            "AzimuthStart": 28,
            "CPFSource": "42829_cpf_240828_7411.tjr",
            "CampaignTrack": false,
            "DateTimeEnd": "20240830.174710",
            "DateTimeMiddle": "20240830.174310",
            "DateTimeStart": "20240830.173910",
            "MaximumElevation": 38,
            "Object_NORAD": "42829",
            "Object_Name": "TECHNOSAT",
            "Pass": "NE/SE-CW"
        },
        {
            "AzimuthEnd": 357,
            "AzimuthMiddle": 70,
            "AzimuthStart": 155,
            "CPFSource": "31698_cpf_240828_7411.tjr",
            "CampaignTrack": false,
            "DateTimeEnd": "20240830.175420",
            "DateTimeMiddle": "20240830.175030",
            "DateTimeStart": "20240830.174640",
            "MaximumElevation": 56,
            "Object_NORAD": "31698",
            "Object_Name": "TERRASARX",
            "Pass": "SE/NO-CW"
        },
        {
            "AzimuthEnd": 357,
            "AzimuthMiddle": 71,
            "AzimuthStart": 155,
            "CPFSource": "36605_cpf_240828_7411.tjr",
            "CampaignTrack": false,
            "DateTimeEnd": "20240830.175420",
            "DateTimeMiddle": "20240830.175030",
            "DateTimeStart": "20240830.174640",
            "MaximumElevation": 56,
            "Object_NORAD": "36605",
            "Object_Name": "TANDEMX",
            "Pass": "SE/NO-CW"
        },
        {
            "AzimuthEnd": 338,
            "AzimuthMiddle": 259,
            "AzimuthStart": 180,
            "CPFSource": "41579_cpf_240828_7411.tjr",
            "CampaignTrack": false,
            "DateTimeEnd": "20240830.184320",
            "DateTimeMiddle": "20240830.183710",
            "DateTimeStart": "20240830.183110",
            "MaximumElevation": 58,
            "Object_NORAD": "41579",
            "Object_Name": "COSMOS2517",
            "Pass": "S/NO-CW"
        },
        {
            "AzimuthEnd": 21,
            "AzimuthMiddle": 86,
            "AzimuthStart": 150,
            "CPFSource": "39453_cpf_240828_7411.tjr",
            "CampaignTrack": false,
            "DateTimeEnd": "20240830.210750",
            "DateTimeMiddle": "20240830.210430",
            "DateTimeStart": "20240830.210120",
            "MaximumElevation": 32,
            "Object_NORAD": "39453",
            "Object_Name": "SWARMC",
            "Pass": "SE/NE-CCW"
        },
        {
            "AzimuthEnd": 24,
            "AzimuthMiddle": 85,
            "AzimuthStart": 144,
            "CPFSource": "39452_cpf_240828_7411.tjr",
            "CampaignTrack": false,
            "DateTimeEnd": "20240830.210800",
            "DateTimeMiddle": "20240830.210440",
            "DateTimeStart": "20240830.210140",
            "MaximumElevation": 27,
            "Object_NORAD": "39452",
            "Object_Name": "SWARMA",
            "Pass": "SE/NE-CCW"
        },
        {
            "AzimuthEnd": 336,
            "AzimuthMiddle": 274,
            "AzimuthStart": 212,
            "CPFSource": "43476_cpf_240828_7411.tjr",
            "CampaignTrack": false,
            "DateTimeEnd": "20240830.214120",
            "DateTimeMiddle": "20240830.213800",
            "DateTimeStart": "20240830.213450",
            "MaximumElevation": 28,
            "Object_NORAD": "43476",
            "Object_Name": "GRACEFO1",
            "Pass": "SO/NO-CW"
        },
        {
            "AzimuthEnd": 337,
            "AzimuthMiddle": 271,
            "AzimuthStart": 211,
            "CPFSource": "43477_cpf_240828_7411.tjr",
            "CampaignTrack": false,
            "DateTimeEnd": "20240830.214150",
            "DateTimeMiddle": "20240830.213820",
            "DateTimeStart": "20240830.213510",
            "MaximumElevation": 28,
            "Object_NORAD": "43477",
            "Object_Name": "GRACEFO2",
            "Pass": "SO/NO-CW"
        },
        {
            "AzimuthEnd": 339,
            "AzimuthMiddle": 262,
            "AzimuthStart": 179,
            "CPFSource": "41335_cpf_240828_7411.tjr",
            "CampaignTrack": false,
            "DateTimeEnd": "20240830.222430",
            "DateTimeMiddle": "20240830.221900",
            "DateTimeStart": "20240830.221340",
            "MaximumElevation": 58,
            "Object_NORAD": "41335",
            "Object_Name": "SENTINEL3A",
            "Pass": "SE/NO-CW"
        },
        {
            "AzimuthEnd": 149,
            "AzimuthMiddle": 149,
            "AzimuthStart": 209,
            "CPFSource": "1328_cpf_240828_7411.tjr",
            "CampaignTrack": false,
            "DateTimeEnd": "20240830.235750",
            "DateTimeMiddle": "20240830.235750",
            "DateTimeStart": "20240830.234300",
            "MaximumElevation": 37,
            "Object_NORAD": "1328",
            "Object_Name": "EXPLORER27",
            "Pass": "SO/SE-CCW"
        }
    ]
}
