{
    "CreationDateTime": "20220609.103926",
    "PredictionsArray": [
        {
            "AzimuthEnd": 17,
            "AzimuthMiddle": 295,
            "AzimuthStart": 209,
            "CPFSource": "19650_cpf_220609_6600.sdg",
            "CampaignTrack": false,
            "DateTimeEnd": "20220609.183505",
            "DateTimeMiddle": "20220609.182906",
            "DateTimeStart": "20220609.182316",
            "MaximumElevation": 68,
            "Object_NORAD": "19650",
            "Object_Name": "SL16-19",
            "Pass": "SO/NE-CW"
        },
        {
            "AzimuthEnd": 180,
            "AzimuthMiddle": 269,
            "AzimuthStart": 349,
            "CPFSource": "20671_cpf_220609_6600.sdg",
            "CampaignTrack": false,
            "DateTimeEnd": "20220609.193145",
            "DateTimeMiddle": "20220609.192525",
            "DateTimeStart": "20220609.191915",
            "MaximumElevation": 75,
            "Object_NORAD": "20671",
            "Object_Name": "SL14-08",
            "Pass": "NO/S-CCW"
        },
        {
            "AzimuthEnd": 31,
            "AzimuthMiddle": 108,
            "AzimuthStart": 182,
            "CPFSource": "25407_cpf_220609_6600.sdg",
            "CampaignTrack": false,
            "DateTimeEnd": "20220609.194715",
            "DateTimeMiddle": "20220609.194125",
            "DateTimeStart": "20220609.193555",
            "MaximumElevation": 52,
            "Object_NORAD": "25407",
            "Object_Name": "SL16-14",
            "Pass": "SO/NE-CCW"
        },
        {
            "AzimuthEnd": 7,
            "AzimuthMiddle": 200,
            "AzimuthStart": 184,
            "CPFSource": "17178_cpf_220609_6600.sdg",
            "CampaignTrack": false,
            "DateTimeEnd": "20220609.202025",
            "DateTimeMiddle": "20220609.201115",
            "DateTimeStart": "20220609.200225",
            "MaximumElevation": 89,
            "Object_NORAD": "17178",
            "Object_Name": "SL14-10",
            "Pass": "SO/NE-CW"
        },
        {
            "AzimuthEnd": 186,
            "AzimuthMiddle": 262,
            "AzimuthStart": 346,
            "CPFSource": "22784_cpf_220609_6600.sdg",
            "CampaignTrack": false,
            "DateTimeEnd": "20220609.205235",
            "DateTimeMiddle": "20220609.204615",
            "DateTimeStart": "20220609.203955",
            "MaximumElevation": 63,
            "Object_NORAD": "22784",
            "Object_Name": "SL14-09",
            "Pass": "NO/SO-CCW"
        },
        {
            "AzimuthEnd": 357,
            "AzimuthMiddle": 70,
            "AzimuthStart": 151,
            "CPFSource": "23343_cpf_220609_6600.sdg",
            "CampaignTrack": false,
            "DateTimeEnd": "20220609.205015",
            "DateTimeMiddle": "20220609.204545",
            "DateTimeStart": "20220609.204115",
            "MaximumElevation": 53,
            "Object_NORAD": "23343",
            "Object_Name": "SL16-02",
            "Pass": "SE/NO-CW"
        },
        {
            "AzimuthEnd": 357,
            "AzimuthMiddle": 70,
            "AzimuthStart": 147,
            "CPFSource": "16615_cpf_220609_6600.sdg",
            "CampaignTrack": false,
            "DateTimeEnd": "20220609.205315",
            "DateTimeMiddle": "20220609.204805",
            "DateTimeStart": "20220609.204255",
            "MaximumElevation": 49,
            "Object_NORAD": "16615",
            "Object_Name": "ARIANE1-1",
            "Pass": "SE/NO-CW"
        },
        {
            "AzimuthEnd": 147,
            "AzimuthMiddle": 94,
            "AzimuthStart": 42,
            "CPFSource": "37766_cpf_220609_6600.sdg",
            "CampaignTrack": false,
            "DateTimeEnd": "20220609.210855",
            "DateTimeMiddle": "20220609.210505",
            "DateTimeStart": "20220609.210115",
            "MaximumElevation": 21,
            "Object_NORAD": "37766",
            "Object_Name": "CZ2C-06",
            "Pass": "NE/SE-CW"
        },
        {
            "AzimuthEnd": 355,
            "AzimuthMiddle": 73,
            "AzimuthStart": 151,
            "CPFSource": "21610_cpf_220609_6600.sdg",
            "CampaignTrack": false,
            "DateTimeEnd": "20220609.215525",
            "DateTimeMiddle": "20220609.215015",
            "DateTimeStart": "20220609.214515",
            "MaximumElevation": 58,
            "Object_NORAD": "21610",
            "Object_Name": "ARIANE40-2",
            "Pass": "SE/NO-CW"
        },
        {
            "AzimuthEnd": 350,
            "AzimuthMiddle": 75,
            "AzimuthStart": 159,
            "CPFSource": "20443_cpf_220609_6600.sdg",
            "CampaignTrack": false,
            "DateTimeEnd": "20220609.215835",
            "DateTimeMiddle": "20220609.215315",
            "DateTimeStart": "20220609.214805",
            "MaximumElevation": 74,
            "Object_NORAD": "20443",
            "Object_Name": "ARIANE40-1",
            "Pass": "SE/NO-CW"
        },
        {
            "AzimuthEnd": 144,
            "AzimuthMiddle": 66,
            "AzimuthStart": 346,
            "CPFSource": "23088_cpf_220609_6600.sdg",
            "CampaignTrack": false,
            "DateTimeEnd": "20220609.221315",
            "DateTimeMiddle": "20220609.220725",
            "DateTimeStart": "20220609.220145",
            "MaximumElevation": 55,
            "Object_NORAD": "23088",
            "Object_Name": "SL16-01",
            "Pass": "NO/SE-CW"
        },
        {
            "AzimuthEnd": 225,
            "AzimuthMiddle": 288,
            "AzimuthStart": 352,
            "CPFSource": "37766_cpf_220609_6600.sdg",
            "CampaignTrack": false,
            "DateTimeEnd": "20220609.224635",
            "DateTimeMiddle": "20220609.224215",
            "DateTimeStart": "20220609.223755",
            "MaximumElevation": 32,
            "Object_NORAD": "37766",
            "Object_Name": "CZ2C-06",
            "Pass": "NO/SO-CCW"
        },
        {
            "AzimuthEnd": 171,
            "AzimuthMiddle": 100,
            "AzimuthStart": 354,
            "CPFSource": "19275_cpf_220609_6600.sdg",
            "CampaignTrack": false,
            "DateTimeEnd": "20220609.232425",
            "DateTimeMiddle": "20220609.231945",
            "DateTimeStart": "20220609.231505",
            "MaximumElevation": 81,
            "Object_NORAD": "19275",
            "Object_Name": "SL14-07",
            "Pass": "NO/SE-CW"
        },
        {
            "AzimuthEnd": 182,
            "AzimuthMiddle": 255,
            "AzimuthStart": 325,
            "CPFSource": "19120_cpf_220609_6600.sdg",
            "CampaignTrack": false,
            "DateTimeEnd": "20220610.001925",
            "DateTimeMiddle": "20220610.001345",
            "DateTimeStart": "20220610.000815",
            "MaximumElevation": 44,
            "Object_NORAD": "19120",
            "Object_Name": "SL16-18",
            "Pass": "NO/SO-CCW"
        },
        {
            "AzimuthEnd": 161,
            "AzimuthMiddle": 282,
            "AzimuthStart": 337,
            "CPFSource": "16182_cpf_220609_6600.sdg",
            "CampaignTrack": false,
            "DateTimeEnd": "20220610.034335",
            "DateTimeMiddle": "20220610.033735",
            "DateTimeStart": "20220610.033155",
            "MaximumElevation": 86,
            "Object_NORAD": "16182",
            "Object_Name": "SL16-09",
            "Pass": "NO/SE-CCW"
        },
        {
            "AzimuthEnd": 159,
            "AzimuthMiddle": 233,
            "AzimuthStart": 305,
            "CPFSource": "15354_cpf_220609_6600.sdg",
            "CampaignTrack": false,
            "DateTimeEnd": "20220610.040335",
            "DateTimeMiddle": "20220610.040025",
            "DateTimeStart": "20220610.035725",
            "MaximumElevation": 41,
            "Object_NORAD": "15354",
            "Object_Name": "ERBS",
            "Pass": "NO/SE-CCW"
        },
        {
            "AzimuthEnd": 162,
            "AzimuthMiddle": 76,
            "AzimuthStart": 0,
            "CPFSource": "11672_cpf_220609_6600.sdg",
            "CampaignTrack": false,
            "DateTimeEnd": "20220610.052715",
            "DateTimeMiddle": "20220610.052235",
            "DateTimeStart": "20220610.051815",
            "MaximumElevation": 59,
            "Object_NORAD": "11672",
            "Object_Name": "SL14-04",
            "Pass": "N/SE-CW"
        },
        {
            "AzimuthEnd": 150,
            "AzimuthMiddle": 69,
            "AzimuthStart": 343,
            "CPFSource": "23705_cpf_220609_6600.sdg",
            "CampaignTrack": false,
            "DateTimeEnd": "20220610.053315",
            "DateTimeMiddle": "20220610.052725",
            "DateTimeStart": "20220610.052135",
            "MaximumElevation": 68,
            "Object_NORAD": "23705",
            "Object_Name": "SL16-07",
            "Pass": "NO/SE-CW"
        },
        {
            "AzimuthEnd": 170,
            "AzimuthMiddle": 254,
            "AzimuthStart": 332,
            "CPFSource": "25407_cpf_220609_6600.sdg",
            "CampaignTrack": false,
            "DateTimeEnd": "20220610.062735",
            "DateTimeMiddle": "20220610.062135",
            "DateTimeStart": "20220610.061555",
            "MaximumElevation": 65,
            "Object_NORAD": "25407",
            "Object_Name": "SL16-14",
            "Pass": "NO/SE-CCW"
        },
        {
            "AzimuthEnd": 161,
            "AzimuthMiddle": 232,
            "AzimuthStart": 337,
            "CPFSource": "22566_cpf_220609_6600.sdg",
            "CampaignTrack": false,
            "DateTimeEnd": "20220610.081335",
            "DateTimeMiddle": "20220610.080745",
            "DateTimeStart": "20220610.080155",
            "MaximumElevation": 85,
            "Object_NORAD": "22566",
            "Object_Name": "SL16-05",
            "Pass": "NO/SE-CCW"
        },
        {
            "AzimuthEnd": 206,
            "AzimuthMiddle": 273,
            "AzimuthStart": 338,
            "CPFSource": "17178_cpf_220609_6600.sdg",
            "CampaignTrack": false,
            "DateTimeEnd": "20220610.082955",
            "DateTimeMiddle": "20220610.082135",
            "DateTimeStart": "20220610.081325",
            "MaximumElevation": 40,
            "Object_NORAD": "17178",
            "Object_Name": "SL14-10",
            "Pass": "NO/SO-CCW"
        },
        {
            "AzimuthEnd": 18,
            "AzimuthMiddle": 287,
            "AzimuthStart": 206,
            "CPFSource": "19650_cpf_220609_6600.sdg",
            "CampaignTrack": false,
            "DateTimeEnd": "20220610.181915",
            "DateTimeMiddle": "20220610.181315",
            "DateTimeStart": "20220610.180735",
            "MaximumElevation": 73,
            "Object_NORAD": "19650",
            "Object_Name": "SL16-19",
            "Pass": "SO/NE-CW"
        },
        {
            "AzimuthEnd": 49,
            "AzimuthMiddle": 121,
            "AzimuthStart": 205,
            "CPFSource": "15354_cpf_220609_6600.sdg",
            "CampaignTrack": false,
            "DateTimeEnd": "20220610.185855",
            "DateTimeMiddle": "20220610.185545",
            "DateTimeStart": "20220610.185245",
            "MaximumElevation": 50,
            "Object_NORAD": "15354",
            "Object_Name": "ERBS",
            "Pass": "SO/NE-CCW"
        },
        {
            "AzimuthEnd": 155,
            "AzimuthMiddle": 78,
            "AzimuthStart": 4,
            "CPFSource": "18959_cpf_220609_6600.sdg",
            "CampaignTrack": false,
            "DateTimeEnd": "20220610.190915",
            "DateTimeMiddle": "20220610.190445",
            "DateTimeStart": "20220610.190025",
            "MaximumElevation": 47,
            "Object_NORAD": "18959",
            "Object_Name": "SL14-05",
            "Pass": "NE/SE-CW"
        },
        {
            "AzimuthEnd": 16,
            "AzimuthMiddle": 90,
            "AzimuthStart": 161,
            "CPFSource": "17178_cpf_220609_6600.sdg",
            "CampaignTrack": false,
            "DateTimeEnd": "20220610.193145",
            "DateTimeMiddle": "20220610.192305",
            "DateTimeStart": "20220610.191435",
            "MaximumElevation": 50,
            "Object_NORAD": "17178",
            "Object_Name": "SL14-10",
            "Pass": "SE/NE-CCW"
        },
        {
            "AzimuthEnd": 32,
            "AzimuthMiddle": 104,
            "AzimuthStart": 179,
            "CPFSource": "25407_cpf_220609_6600.sdg",
            "CampaignTrack": false,
            "DateTimeEnd": "20220610.193125",
            "DateTimeMiddle": "20220610.192545",
            "DateTimeStart": "20220610.192015",
            "MaximumElevation": 48,
            "Object_NORAD": "25407",
            "Object_Name": "SL16-14",
            "Pass": "SE/NE-CCW"
        },
        {
            "AzimuthEnd": 196,
            "AzimuthMiddle": 271,
            "AzimuthStart": 340,
            "CPFSource": "20671_cpf_220609_6600.sdg",
            "CampaignTrack": false,
            "DateTimeEnd": "20220610.194825",
            "DateTimeMiddle": "20220610.194215",
            "DateTimeStart": "20220610.193625",
            "MaximumElevation": 46,
            "Object_NORAD": "20671",
            "Object_Name": "SL14-08",
            "Pass": "NO/SO-CCW"
        },
        {
            "AzimuthEnd": 158,
            "AzimuthMiddle": 83,
            "AzimuthStart": 3,
            "CPFSource": "18749_cpf_220609_6600.sdg",
            "CampaignTrack": false,
            "DateTimeEnd": "20220610.210845",
            "DateTimeMiddle": "20220610.210415",
            "DateTimeStart": "20220610.205955",
            "MaximumElevation": 50,
            "Object_NORAD": "18749",
            "Object_Name": "SL14-06",
            "Pass": "NE/SE-CW"
        },
        {
            "AzimuthEnd": 345,
            "AzimuthMiddle": 239,
            "AzimuthStart": 170,
            "CPFSource": "23343_cpf_220609_6600.sdg",
            "CampaignTrack": false,
            "DateTimeEnd": "20220610.211325",
            "DateTimeMiddle": "20220610.210835",
            "DateTimeStart": "20220610.210415",
            "MaximumElevation": 80,
            "Object_NORAD": "23343",
            "Object_Name": "SL16-02",
            "Pass": "SE/NO-CW"
        },
        {
            "AzimuthEnd": 175,
            "AzimuthMiddle": 103,
            "AzimuthStart": 23,
            "CPFSource": "37766_cpf_220609_6600.sdg",
            "CampaignTrack": false,
            "DateTimeEnd": "20220610.214305",
            "DateTimeMiddle": "20220610.213825",
            "DateTimeStart": "20220610.213335",
            "MaximumElevation": 49,
            "Object_NORAD": "37766",
            "Object_Name": "CZ2C-06",
            "Pass": "NE/SE-CW"
        },
        {
            "AzimuthEnd": 142,
            "AzimuthMiddle": 64,
            "AzimuthStart": 347,
            "CPFSource": "23088_cpf_220609_6600.sdg",
            "CampaignTrack": false,
            "DateTimeEnd": "20220610.215835",
            "DateTimeMiddle": "20220610.215245",
            "DateTimeStart": "20220610.214705",
            "MaximumElevation": 53,
            "Object_NORAD": "23088",
            "Object_Name": "SL16-01",
            "Pass": "NO/SE-CW"
        },
        {
            "AzimuthEnd": 191,
            "AzimuthMiddle": 268,
            "AzimuthStart": 341,
            "CPFSource": "19275_cpf_220609_6600.sdg",
            "CampaignTrack": false,
            "DateTimeEnd": "20220610.234155",
            "DateTimeMiddle": "20220610.233715",
            "DateTimeStart": "20220610.233255",
            "MaximumElevation": 49,
            "Object_NORAD": "19275",
            "Object_Name": "SL14-07",
            "Pass": "NO/SO-CCW"
        },
        {
            "AzimuthEnd": 177,
            "AzimuthMiddle": 253,
            "AzimuthStart": 328,
            "CPFSource": "19120_cpf_220609_6600.sdg",
            "CampaignTrack": false,
            "DateTimeEnd": "20220611.000015",
            "DateTimeMiddle": "20220610.235435",
            "DateTimeStart": "20220610.234855",
            "MaximumElevation": 51,
            "Object_NORAD": "19120",
            "Object_Name": "SL16-18",
            "Pass": "NO/SE-CCW"
        },
        {
            "AzimuthEnd": 177,
            "AzimuthMiddle": 98,
            "AzimuthStart": 24,
            "CPFSource": "11081_cpf_220609_6600.sdg",
            "CampaignTrack": false,
            "DateTimeEnd": "20220611.000925",
            "DateTimeMiddle": "20220611.000325",
            "DateTimeStart": "20220610.235735",
            "MaximumElevation": 51,
            "Object_NORAD": "11081",
            "Object_Name": "DELTA1-02",
            "Pass": "NE/SE-CW"
        },
        {
            "AzimuthEnd": 18,
            "AzimuthMiddle": 87,
            "AzimuthStart": 156,
            "CPFSource": "13590_cpf_220609_6600.sdg",
            "CampaignTrack": false,
            "DateTimeEnd": "20220611.013955",
            "DateTimeMiddle": "20220611.013125",
            "DateTimeStart": "20220611.012305",
            "MaximumElevation": 44,
            "Object_NORAD": "13590",
            "Object_Name": "SL14-11",
            "Pass": "SE/NE-CCW"
        },
        {
            "AzimuthEnd": 202,
            "AzimuthMiddle": 278,
            "AzimuthStart": 8,
            "CPFSource": "733_cpf_220609_6600.sdg",
            "CampaignTrack": false,
            "DateTimeEnd": "20220611.015435",
            "DateTimeMiddle": "20220611.014915",
            "DateTimeStart": "20220611.014345",
            "MaximumElevation": 71,
            "Object_NORAD": "733",
            "Object_Name": "THOR",
            "Pass": "NE/SO-CW"
        },
        {
            "AzimuthEnd": 125,
            "AzimuthMiddle": 43,
            "AzimuthStart": 329,
            "CPFSource": "15354_cpf_220609_6600.sdg",
            "CampaignTrack": false,
            "DateTimeEnd": "20220611.030135",
            "DateTimeMiddle": "20220611.025815",
            "DateTimeStart": "20220611.025515",
            "MaximumElevation": 49,
            "Object_NORAD": "15354",
            "Object_Name": "ERBS",
            "Pass": "NO/SE-CW"
        },
        {
            "AzimuthEnd": 158,
            "AzimuthMiddle": 58,
            "AzimuthStart": 338,
            "CPFSource": "16182_cpf_220609_6600.sdg",
            "CampaignTrack": false,
            "DateTimeEnd": "20220611.032715",
            "DateTimeMiddle": "20220611.032125",
            "DateTimeStart": "20220611.031535",
            "MaximumElevation": 86,
            "Object_NORAD": "16182",
            "Object_Name": "SL16-09",
            "Pass": "NO/SE-CW"
        },
        {
            "AzimuthEnd": 149,
            "AzimuthMiddle": 63,
            "AzimuthStart": 344,
            "CPFSource": "23705_cpf_220609_6600.sdg",
            "CampaignTrack": false,
            "DateTimeEnd": "20220611.051815",
            "DateTimeMiddle": "20220611.051215",
            "DateTimeStart": "20220611.050635",
            "MaximumElevation": 64,
            "Object_NORAD": "23705",
            "Object_Name": "SL16-07",
            "Pass": "NO/SE-CW"
        },
        {
            "AzimuthEnd": 179,
            "AzimuthMiddle": 266,
            "AzimuthStart": 349,
            "CPFSource": "11672_cpf_220609_6600.sdg",
            "CampaignTrack": false,
            "DateTimeEnd": "20220611.053945",
            "DateTimeMiddle": "20220611.053505",
            "DateTimeStart": "20220611.053045",
            "MaximumElevation": 76,
            "Object_NORAD": "11672",
            "Object_Name": "SL14-04",
            "Pass": "NO/SE-CCW"
        },
        {
            "AzimuthEnd": 167,
            "AzimuthMiddle": 246,
            "AzimuthStart": 333,
            "CPFSource": "25407_cpf_220609_6600.sdg",
            "CampaignTrack": false,
            "DateTimeEnd": "20220611.061145",
            "DateTimeMiddle": "20220611.060555",
            "DateTimeStart": "20220611.060005",
            "MaximumElevation": 70,
            "Object_NORAD": "25407",
            "Object_Name": "SL16-14",
            "Pass": "NO/SE-CCW"
        },
        {
            "AzimuthEnd": 17,
            "AzimuthMiddle": 93,
            "AzimuthStart": 165,
            "CPFSource": "20671_cpf_220609_6600.sdg",
            "CampaignTrack": false,
            "DateTimeEnd": "20220611.072555",
            "DateTimeMiddle": "20220611.071935",
            "DateTimeStart": "20220611.071335",
            "MaximumElevation": 50,
            "Object_NORAD": "20671",
            "Object_Name": "SL14-08",
            "Pass": "SE/NE-CCW"
        },
        {
            "AzimuthEnd": 160,
            "AzimuthMiddle": 327,
            "AzimuthStart": 338,
            "CPFSource": "22566_cpf_220609_6600.sdg",
            "CampaignTrack": false,
            "DateTimeEnd": "20220611.075845",
            "DateTimeMiddle": "20220611.075245",
            "DateTimeStart": "20220611.074655",
            "MaximumElevation": 88,
            "Object_NORAD": "22566",
            "Object_Name": "SL16-05",
            "Pass": "NO/SE-CCW"
        },
        {
            "AzimuthEnd": 7,
            "AzimuthMiddle": 298,
            "AzimuthStart": 227,
            "CPFSource": "23405_cpf_220609_6600.sdg",
            "CampaignTrack": false,
            "DateTimeEnd": "20220611.080515",
            "DateTimeMiddle": "20220611.075945",
            "DateTimeStart": "20220611.075415",
            "MaximumElevation": 40,
            "Object_NORAD": "23405",
            "Object_Name": "SL16-11",
            "Pass": "SO/NE-CW"
        },
        {
            "AzimuthEnd": 3,
            "AzimuthMiddle": 69,
            "AzimuthStart": 138,
            "CPFSource": "37766_cpf_220609_6600.sdg",
            "CampaignTrack": false,
            "DateTimeEnd": "20220611.084135",
            "DateTimeMiddle": "20220611.083705",
            "DateTimeStart": "20220611.083235",
            "MaximumElevation": 36,
            "Object_NORAD": "37766",
            "Object_Name": "CZ2C-06",
            "Pass": "SE/NE-CCW"
        },
        {
            "AzimuthEnd": 13,
            "AzimuthMiddle": 95,
            "AzimuthStart": 172,
            "CPFSource": "22784_cpf_220609_6600.sdg",
            "CampaignTrack": false,
            "DateTimeEnd": "20220611.084835",
            "DateTimeMiddle": "20220611.084215",
            "DateTimeStart": "20220611.083615",
            "MaximumElevation": 62,
            "Object_NORAD": "22784",
            "Object_Name": "SL14-09",
            "Pass": "SE/NE-CCW"
        },
        {
            "AzimuthEnd": 34,
            "AzimuthMiddle": 106,
            "AzimuthStart": 176,
            "CPFSource": "25407_cpf_220609_6600.sdg",
            "CampaignTrack": false,
            "DateTimeEnd": "20220611.191535",
            "DateTimeMiddle": "20220611.190955",
            "DateTimeStart": "20220611.190435",
            "MaximumElevation": 44,
            "Object_NORAD": "25407",
            "Object_Name": "SL16-14",
            "Pass": "SE/NE-CCW"
        },
        {
            "AzimuthEnd": 175,
            "AzimuthMiddle": 284,
            "AzimuthStart": 352,
            "CPFSource": "18959_cpf_220609_6600.sdg",
            "CampaignTrack": false,
            "DateTimeEnd": "20220611.192625",
            "DateTimeMiddle": "20220611.192145",
            "DateTimeStart": "20220611.191715",
            "MaximumElevation": 85,
            "Object_NORAD": "18959",
            "Object_Name": "SL14-05",
            "Pass": "NO/SE-CCW"
        },
        {
            "AzimuthEnd": 151,
            "AzimuthMiddle": 79,
            "AzimuthStart": 5,
            "CPFSource": "22784_cpf_220609_6600.sdg",
            "CampaignTrack": false,
            "DateTimeEnd": "20220611.194355",
            "DateTimeMiddle": "20220611.193745",
            "DateTimeStart": "20220611.193145",
            "MaximumElevation": 45,
            "Object_NORAD": "22784",
            "Object_Name": "SL14-09",
            "Pass": "NE/SE-CW"
        },
        {
            "AzimuthEnd": 178,
            "AzimuthMiddle": 258,
            "AzimuthStart": 350,
            "CPFSource": "18749_cpf_220609_6600.sdg",
            "CampaignTrack": false,
            "DateTimeEnd": "20220611.212605",
            "DateTimeMiddle": "20220611.212125",
            "DateTimeStart": "20220611.211655",
            "MaximumElevation": 79,
            "Object_NORAD": "18749",
            "Object_Name": "SL14-06",
            "Pass": "NO/SE-CCW"
        },
        {
            "AzimuthEnd": 342,
            "AzimuthMiddle": 251,
            "AzimuthStart": 174,
            "CPFSource": "16615_cpf_220609_6600.sdg",
            "CampaignTrack": false,
            "DateTimeEnd": "20220611.213055",
            "DateTimeMiddle": "20220611.212525",
            "DateTimeStart": "20220611.212015",
            "MaximumElevation": 69,
            "Object_NORAD": "16615",
            "Object_Name": "ARIANE1-1",
            "Pass": "SE/NO-CW"
        },
        {
            "AzimuthEnd": 334,
            "AzimuthMiddle": 262,
            "AzimuthStart": 188,
            "CPFSource": "23343_cpf_220609_6600.sdg",
            "CampaignTrack": false,
            "DateTimeEnd": "20220611.213615",
            "DateTimeMiddle": "20220611.213145",
            "DateTimeStart": "20220611.212725",
            "MaximumElevation": 42,
            "Object_NORAD": "23343",
            "Object_Name": "SL16-02",
            "Pass": "SO/NO-CW"
        },
        {
            "AzimuthEnd": 141,
            "AzimuthMiddle": 61,
            "AzimuthStart": 348,
            "CPFSource": "23088_cpf_220609_6600.sdg",
            "CampaignTrack": false,
            "DateTimeEnd": "20220611.214355",
            "DateTimeMiddle": "20220611.213805",
            "DateTimeStart": "20220611.213235",
            "MaximumElevation": 50,
            "Object_NORAD": "23088",
            "Object_Name": "SL16-01",
            "Pass": "NO/SE-CW"
        },
        {
            "AzimuthEnd": 347,
            "AzimuthMiddle": 332,
            "AzimuthStart": 166,
            "CPFSource": "21610_cpf_220609_6600.sdg",
            "CampaignTrack": false,
            "DateTimeEnd": "20220611.221455",
            "DateTimeMiddle": "20220611.220935",
            "DateTimeStart": "20220611.220425",
            "MaximumElevation": 87,
            "Object_NORAD": "21610",
            "Object_Name": "ARIANE40-2",
            "Pass": "SE/NO-CW"
        },
        {
            "AzimuthEnd": 201,
            "AzimuthMiddle": 287,
            "AzimuthStart": 8,
            "CPFSource": "37766_cpf_220609_6600.sdg",
            "CampaignTrack": false,
            "DateTimeEnd": "20220611.221615",
            "DateTimeMiddle": "20220611.221125",
            "DateTimeStart": "20220611.220635",
            "MaximumElevation": 71,
            "Object_NORAD": "37766",
            "Object_Name": "CZ2C-06",
            "Pass": "NE/SO-CW"
        },
        {
            "AzimuthEnd": 340,
            "AzimuthMiddle": 263,
            "AzimuthStart": 177,
            "CPFSource": "20443_cpf_220609_6600.sdg",
            "CampaignTrack": false,
            "DateTimeEnd": "20220611.222325",
            "DateTimeMiddle": "20220611.221815",
            "DateTimeStart": "20220611.221305",
            "MaximumElevation": 61,
            "Object_NORAD": "20443",
            "Object_Name": "ARIANE40-1",
            "Pass": "SE/NO-CW"
        },
        {
            "AzimuthEnd": 173,
            "AzimuthMiddle": 249,
            "AzimuthStart": 330,
            "CPFSource": "19120_cpf_220609_6600.sdg",
            "CampaignTrack": false,
            "DateTimeEnd": "20220611.234105",
            "DateTimeMiddle": "20220611.233525",
            "DateTimeStart": "20220611.232945",
            "MaximumElevation": 60,
            "Object_NORAD": "19120",
            "Object_Name": "SL16-18",
            "Pass": "NO/SE-CCW"
        }
    ]
}
