{
    "CreationDateTime": "20241105.093042",
    "PredictionsArray": [
        {
            "AzimuthEnd": 177,
            "AzimuthMiddle": 98,
            "AzimuthStart": 24,
            "CPFSource": "41335_cpf_241105_8101.tjr",
            "CampaignTrack": false,
            "DateTimeEnd": "20241105.103029",
            "DateTimeMiddle": "20241105.102459",
            "DateTimeStart": "20241105.101949",
            "MaximumElevation": 51,
            "Object_NORAD": "41335",
            "Object_Name": "SENTINEL3A",
            "Pass": "NE/SE-CW"
        },
        {
            "AzimuthEnd": 344,
            "AzimuthMiddle": 267,
            "AzimuthStart": 174,
            "CPFSource": "43186_cpf_241105_8101.tjr",
            "CampaignTrack": false,
            "DateTimeEnd": "20241105.111329",
            "DateTimeMiddle": "20241105.110919",
            "DateTimeStart": "20241105.110519",
            "MaximumElevation": 71,
            "Object_NORAD": "43186",
            "Object_Name": "SNETD",
            "Pass": "SE/NO-CW"
        },
        {
            "AzimuthEnd": 343,
            "AzimuthMiddle": 257,
            "AzimuthStart": 175,
            "CPFSource": "43188_cpf_241105_8101.tjr",
            "CampaignTrack": false,
            "DateTimeEnd": "20241105.111449",
            "DateTimeMiddle": "20241105.111039",
            "DateTimeStart": "20241105.110639",
            "MaximumElevation": 69,
            "Object_NORAD": "43188",
            "Object_Name": "SNETA",
            "Pass": "SE/NO-CW"
        },
        {
            "AzimuthEnd": 341,
            "AzimuthMiddle": 255,
            "AzimuthStart": 178,
            "CPFSource": "43187_cpf_241105_8101.tjr",
            "CampaignTrack": false,
            "DateTimeEnd": "20241105.111749",
            "DateTimeMiddle": "20241105.111339",
            "DateTimeStart": "20241105.110939",
            "MaximumElevation": 61,
            "Object_NORAD": "43187",
            "Object_Name": "SNETB",
            "Pass": "SE/NO-CW"
        },
        {
            "AzimuthEnd": 340,
            "AzimuthMiddle": 265,
            "AzimuthStart": 180,
            "CPFSource": "43189_cpf_241105_8101.tjr",
            "CampaignTrack": false,
            "DateTimeEnd": "20241105.112049",
            "DateTimeMiddle": "20241105.111639",
            "DateTimeStart": "20241105.111239",
            "MaximumElevation": 57,
            "Object_NORAD": "43189",
            "Object_Name": "SNETC",
            "Pass": "S/NO-CW"
        },
        {
            "AzimuthEnd": 19,
            "AzimuthMiddle": 89,
            "AzimuthStart": 152,
            "CPFSource": "39453_cpf_241105_8101.tjr",
            "CampaignTrack": false,
            "DateTimeEnd": "20241105.150949",
            "DateTimeMiddle": "20241105.150619",
            "DateTimeStart": "20241105.150309",
            "MaximumElevation": 33,
            "Object_NORAD": "39453",
            "Object_Name": "SWARMC",
            "Pass": "SE/NE-CCW"
        },
        {
            "AzimuthEnd": 23,
            "AzimuthMiddle": 86,
            "AzimuthStart": 146,
            "CPFSource": "39452_cpf_241105_8101.tjr",
            "CampaignTrack": false,
            "DateTimeEnd": "20241105.150949",
            "DateTimeMiddle": "20241105.150629",
            "DateTimeStart": "20241105.150329",
            "MaximumElevation": 28,
            "Object_NORAD": "39452",
            "Object_Name": "SWARMA",
            "Pass": "SE/NE-CCW"
        },
        {
            "AzimuthEnd": 2,
            "AzimuthMiddle": 68,
            "AzimuthStart": 134,
            "CPFSource": "37781_cpf_241105_8101.tjr",
            "CampaignTrack": false,
            "DateTimeEnd": "20241105.170259",
            "DateTimeMiddle": "20241105.165709",
            "DateTimeStart": "20241105.165129",
            "MaximumElevation": 38,
            "Object_NORAD": "37781",
            "Object_Name": "HAIYANG2A",
            "Pass": "SE/NE-CCW"
        },
        {
            "AzimuthEnd": 167,
            "AzimuthMiddle": 96,
            "AzimuthStart": 29,
            "CPFSource": "42829_cpf_241105_8101.tjr",
            "CampaignTrack": false,
            "DateTimeEnd": "20241105.173509",
            "DateTimeMiddle": "20241105.173059",
            "DateTimeStart": "20241105.172709",
            "MaximumElevation": 36,
            "Object_NORAD": "42829",
            "Object_Name": "TECHNOSAT",
            "Pass": "NE/SE-CW"
        },
        {
            "AzimuthEnd": 7,
            "AzimuthMiddle": 74,
            "AzimuthStart": 139,
            "CPFSource": "36605_cpf_241105_8101.tjr",
            "CampaignTrack": false,
            "DateTimeEnd": "20241105.173709",
            "DateTimeMiddle": "20241105.173328",
            "DateTimeStart": "20241105.172959",
            "MaximumElevation": 33,
            "Object_NORAD": "36605",
            "Object_Name": "TANDEMX",
            "Pass": "SE/NE-CCW"
        },
        {
            "AzimuthEnd": 7,
            "AzimuthMiddle": 74,
            "AzimuthStart": 139,
            "CPFSource": "31698_cpf_241105_8101.tjr",
            "CampaignTrack": false,
            "DateTimeEnd": "20241105.173709",
            "DateTimeMiddle": "20241105.173328",
            "DateTimeStart": "20241105.172959",
            "MaximumElevation": 33,
            "Object_NORAD": "31698",
            "Object_Name": "TERRASARX",
            "Pass": "SE/NE-CCW"
        },
        {
            "AzimuthEnd": 340,
            "AzimuthMiddle": 261,
            "AzimuthStart": 176,
            "CPFSource": "41579_cpf_241105_8101.tjr",
            "CampaignTrack": false,
            "DateTimeEnd": "20241105.183728",
            "DateTimeMiddle": "20241105.183118",
            "DateTimeStart": "20241105.182518",
            "MaximumElevation": 64,
            "Object_NORAD": "41579",
            "Object_Name": "COSMOS2517",
            "Pass": "SE/NO-CW"
        },
        {
            "AzimuthEnd": 325,
            "AzimuthMiddle": 263,
            "AzimuthStart": 203,
            "CPFSource": "37781_cpf_241105_8101.tjr",
            "CampaignTrack": false,
            "DateTimeEnd": "20241105.184548",
            "DateTimeMiddle": "20241105.184008",
            "DateTimeStart": "20241105.183448",
            "MaximumElevation": 30,
            "Object_NORAD": "37781",
            "Object_Name": "HAIYANG2A",
            "Pass": "SO/NO-CW"
        },
        {
            "AzimuthEnd": 354,
            "AzimuthMiddle": 71,
            "AzimuthStart": 153,
            "CPFSource": "41335_cpf_241105_8101.tjr",
            "CampaignTrack": false,
            "DateTimeEnd": "20241105.214738",
            "DateTimeMiddle": "20241105.214208",
            "DateTimeStart": "20241105.213648",
            "MaximumElevation": 62,
            "Object_NORAD": "41335",
            "Object_Name": "SENTINEL3A",
            "Pass": "SE/NO-CW"
        },
        {
            "AzimuthEnd": 85,
            "AzimuthMiddle": 140,
            "AzimuthStart": 195,
            "CPFSource": "1328_cpf_241105_8101.tjr",
            "CampaignTrack": false,
            "DateTimeEnd": "20241105.235548",
            "DateTimeMiddle": "20241105.234958",
            "DateTimeStart": "20241105.234348",
            "MaximumElevation": 26,
            "Object_NORAD": "1328",
            "Object_Name": "EXPLORER27",
            "Pass": "SO/NE-CCW"
        },
        {
            "AzimuthEnd": 224,
            "AzimuthMiddle": 285,
            "AzimuthStart": 351,
            "CPFSource": "43186_cpf_241105_8101.tjr",
            "CampaignTrack": false,
            "DateTimeEnd": "20241106.002528",
            "DateTimeMiddle": "20241106.002148",
            "DateTimeStart": "20241106.001808",
            "MaximumElevation": 31,
            "Object_NORAD": "43186",
            "Object_Name": "SNETD",
            "Pass": "NO/SO-CCW"
        },
        {
            "AzimuthEnd": 225,
            "AzimuthMiddle": 288,
            "AzimuthStart": 350,
            "CPFSource": "43188_cpf_241105_8101.tjr",
            "CampaignTrack": false,
            "DateTimeEnd": "20241106.002648",
            "DateTimeMiddle": "20241106.002308",
            "DateTimeStart": "20241106.001938",
            "MaximumElevation": 30,
            "Object_NORAD": "43188",
            "Object_Name": "SNETA",
            "Pass": "NO/SO-CCW"
        },
        {
            "AzimuthEnd": 228,
            "AzimuthMiddle": 289,
            "AzimuthStart": 348,
            "CPFSource": "43187_cpf_241105_8101.tjr",
            "CampaignTrack": false,
            "DateTimeEnd": "20241106.002948",
            "DateTimeMiddle": "20241106.002608",
            "DateTimeStart": "20241106.002238",
            "MaximumElevation": 27,
            "Object_NORAD": "43187",
            "Object_Name": "SNETB",
            "Pass": "NO/SO-CCW"
        },
        {
            "AzimuthEnd": 231,
            "AzimuthMiddle": 290,
            "AzimuthStart": 346,
            "CPFSource": "43189_cpf_241105_8101.tjr",
            "CampaignTrack": false,
            "DateTimeEnd": "20241106.003228",
            "DateTimeMiddle": "20241106.002858",
            "DateTimeStart": "20241106.002538",
            "MaximumElevation": 25,
            "Object_NORAD": "43189",
            "Object_Name": "SNETC",
            "Pass": "NO/SO-CCW"
        },
        {
            "AzimuthEnd": 70,
            "AzimuthMiddle": 160,
            "AzimuthStart": 240,
            "CPFSource": "1328_cpf_241105_8101.tjr",
            "CampaignTrack": false,
            "DateTimeEnd": "20241106.014958",
            "DateTimeMiddle": "20241106.014308",
            "DateTimeStart": "20241106.013548",
            "MaximumElevation": 78,
            "Object_NORAD": "1328",
            "Object_Name": "EXPLORER27",
            "Pass": "SO/NE-CCW"
        },
        {
            "AzimuthEnd": 73,
            "AzimuthMiddle": 355,
            "AzimuthStart": 273,
            "CPFSource": "1328_cpf_241105_8101.tjr",
            "CampaignTrack": false,
            "DateTimeEnd": "20241106.034338",
            "DateTimeMiddle": "20241106.033708",
            "DateTimeStart": "20241106.033018",
            "MaximumElevation": 59,
            "Object_NORAD": "1328",
            "Object_Name": "EXPLORER27",
            "Pass": "NO/NE-CW"
        },
        {
            "AzimuthEnd": 225,
            "AzimuthMiddle": 275,
            "AzimuthStart": 327,
            "CPFSource": "39452_cpf_241105_8101.tjr",
            "CampaignTrack": false,
            "DateTimeEnd": "20241106.040728",
            "DateTimeMiddle": "20241106.040438",
            "DateTimeStart": "20241106.040148",
            "MaximumElevation": 20,
            "Object_NORAD": "39452",
            "Object_Name": "SWARMA",
            "Pass": "NO/SO-CCW"
        },
        {
            "AzimuthEnd": 97,
            "AzimuthMiddle": 9,
            "AzimuthStart": 290,
            "CPFSource": "1328_cpf_241105_8101.tjr",
            "CampaignTrack": false,
            "DateTimeEnd": "20241106.053738",
            "DateTimeMiddle": "20241106.053108",
            "DateTimeStart": "20241106.052438",
            "MaximumElevation": 67,
            "Object_NORAD": "1328",
            "Object_Name": "EXPLORER27",
            "Pass": "NO/SE-CW"
        },
        {
            "AzimuthEnd": 156,
            "AzimuthMiddle": 96,
            "AzimuthStart": 37,
            "CPFSource": "37781_cpf_241105_8101.tjr",
            "CampaignTrack": false,
            "DateTimeEnd": "20241106.054438",
            "DateTimeMiddle": "20241106.053908",
            "DateTimeStart": "20241106.053348",
            "MaximumElevation": 28,
            "Object_NORAD": "37781",
            "Object_Name": "HAIYANG2A",
            "Pass": "NE/SE-CW"
        },
        {
            "AzimuthEnd": 329,
            "AzimuthMiddle": 260,
            "AzimuthStart": 197,
            "CPFSource": "42829_cpf_241105_8101.tjr",
            "CampaignTrack": false,
            "DateTimeEnd": "20241106.055458",
            "DateTimeMiddle": "20241106.055058",
            "DateTimeStart": "20241106.054718",
            "MaximumElevation": 33,
            "Object_NORAD": "42829",
            "Object_Name": "TECHNOSAT",
            "Pass": "SO/NO-CW"
        },
        {
            "AzimuthEnd": 185,
            "AzimuthMiddle": 97,
            "AzimuthStart": 17,
            "CPFSource": "36605_cpf_241105_8101.tjr",
            "CampaignTrack": false,
            "DateTimeEnd": "20241106.064358",
            "DateTimeMiddle": "20241106.063958",
            "DateTimeStart": "20241106.063608",
            "MaximumElevation": 68,
            "Object_NORAD": "36605",
            "Object_Name": "TANDEMX",
            "Pass": "NE/SO-CW"
        },
        {
            "AzimuthEnd": 185,
            "AzimuthMiddle": 97,
            "AzimuthStart": 17,
            "CPFSource": "31698_cpf_241105_8101.tjr",
            "CampaignTrack": false,
            "DateTimeEnd": "20241106.064358",
            "DateTimeMiddle": "20241106.063958",
            "DateTimeStart": "20241106.063608",
            "MaximumElevation": 68,
            "Object_NORAD": "31698",
            "Object_Name": "TERRASARX",
            "Pass": "NE/SO-CW"
        },
        {
            "AzimuthEnd": 197,
            "AzimuthMiddle": 286,
            "AzimuthStart": 13,
            "CPFSource": "41579_cpf_241105_8101.tjr",
            "CampaignTrack": false,
            "DateTimeEnd": "20241106.071558",
            "DateTimeMiddle": "20241106.070948",
            "DateTimeStart": "20241106.070338",
            "MaximumElevation": 87,
            "Object_NORAD": "41579",
            "Object_Name": "COSMOS2517",
            "Pass": "NE/SO-CW"
        },
        {
            "AzimuthEnd": 223,
            "AzimuthMiddle": 293,
            "AzimuthStart": 359,
            "CPFSource": "37781_cpf_241105_8101.tjr",
            "CampaignTrack": false,
            "DateTimeEnd": "20241106.072808",
            "DateTimeMiddle": "20241106.072208",
            "DateTimeStart": "20241106.071628",
            "MaximumElevation": 39,
            "Object_NORAD": "37781",
            "Object_Name": "HAIYANG2A",
            "Pass": "NO/SO-CCW"
        },
        {
            "AzimuthEnd": 135,
            "AzimuthMiddle": 214,
            "AzimuthStart": 287,
            "CPFSource": "1328_cpf_241105_8101.tjr",
            "CampaignTrack": false,
            "DateTimeEnd": "20241106.073108",
            "DateTimeMiddle": "20241106.072438",
            "DateTimeStart": "20241106.071828",
            "MaximumElevation": 53,
            "Object_NORAD": "1328",
            "Object_Name": "EXPLORER27",
            "Pass": "NO/SE-CCW"
        },
        {
            "AzimuthEnd": 157,
            "AzimuthMiddle": 98,
            "AzimuthStart": 37,
            "CPFSource": "41335_cpf_241105_8101.tjr",
            "CampaignTrack": false,
            "DateTimeEnd": "20241106.100348",
            "DateTimeMiddle": "20241106.095908",
            "DateTimeStart": "20241106.095428",
            "MaximumElevation": 28,
            "Object_NORAD": "41335",
            "Object_Name": "SENTINEL3A",
            "Pass": "NE/SE-CW"
        },
        {
            "AzimuthEnd": 348,
            "AzimuthMiddle": 299,
            "AzimuthStart": 168,
            "CPFSource": "43186_cpf_241105_8101.tjr",
            "CampaignTrack": false,
            "DateTimeEnd": "20241106.110708",
            "DateTimeMiddle": "20241106.110258",
            "DateTimeStart": "20241106.105858",
            "MaximumElevation": 85,
            "Object_NORAD": "43186",
            "Object_Name": "SNETD",
            "Pass": "SE/NO-CW"
        },
        {
            "AzimuthEnd": 347,
            "AzimuthMiddle": 257,
            "AzimuthStart": 169,
            "CPFSource": "43188_cpf_241105_8101.tjr",
            "CampaignTrack": false,
            "DateTimeEnd": "20241106.110828",
            "DateTimeMiddle": "20241106.110418",
            "DateTimeStart": "20241106.110018",
            "MaximumElevation": 84,
            "Object_NORAD": "43188",
            "Object_Name": "SNETA",
            "Pass": "SE/NO-CW"
        },
        {
            "AzimuthEnd": 345,
            "AzimuthMiddle": 251,
            "AzimuthStart": 172,
            "CPFSource": "43187_cpf_241105_8101.tjr",
            "CampaignTrack": false,
            "DateTimeEnd": "20241106.111138",
            "DateTimeMiddle": "20241106.110718",
            "DateTimeStart": "20241106.110318",
            "MaximumElevation": 75,
            "Object_NORAD": "43187",
            "Object_Name": "SNETB",
            "Pass": "SE/NO-CW"
        },
        {
            "AzimuthEnd": 344,
            "AzimuthMiddle": 248,
            "AzimuthStart": 174,
            "CPFSource": "43189_cpf_241105_8101.tjr",
            "CampaignTrack": false,
            "DateTimeEnd": "20241106.111428",
            "DateTimeMiddle": "20241106.111008",
            "DateTimeStart": "20241106.110608",
            "MaximumElevation": 69,
            "Object_NORAD": "43189",
            "Object_Name": "SNETC",
            "Pass": "SE/NO-CW"
        },
        {
            "AzimuthEnd": 229,
            "AzimuthMiddle": 293,
            "AzimuthStart": 353,
            "CPFSource": "41335_cpf_241105_8101.tjr",
            "CampaignTrack": false,
            "DateTimeEnd": "20241106.114338",
            "DateTimeMiddle": "20241106.113838",
            "DateTimeStart": "20241106.113358",
            "MaximumElevation": 31,
            "Object_NORAD": "41335",
            "Object_Name": "SENTINEL3A",
            "Pass": "NO/SO-CCW"
        },
        {
            "AzimuthEnd": 338,
            "AzimuthMiddle": 277,
            "AzimuthStart": 214,
            "CPFSource": "39452_cpf_241105_8101.tjr",
            "CampaignTrack": false,
            "DateTimeEnd": "20241106.161028",
            "DateTimeMiddle": "20241106.160718",
            "DateTimeStart": "20241106.160408",
            "MaximumElevation": 27,
            "Object_NORAD": "39452",
            "Object_Name": "SWARMA",
            "Pass": "SO/NO-CW"
        },
        {
            "AzimuthEnd": 334,
            "AzimuthMiddle": 275,
            "AzimuthStart": 221,
            "CPFSource": "39453_cpf_241105_8101.tjr",
            "CampaignTrack": false,
            "DateTimeEnd": "20241106.161018",
            "DateTimeMiddle": "20241106.160708",
            "DateTimeStart": "20241106.160418",
            "MaximumElevation": 23,
            "Object_NORAD": "39453",
            "Object_Name": "SWARMC",
            "Pass": "SO/NO-CW"
        },
        {
            "AzimuthEnd": 11,
            "AzimuthMiddle": 65,
            "AzimuthStart": 117,
            "CPFSource": "41579_cpf_241105_8101.tjr",
            "CampaignTrack": false,
            "DateTimeEnd": "20241106.170918",
            "DateTimeMiddle": "20241106.170418",
            "DateTimeStart": "20241106.165928",
            "MaximumElevation": 24,
            "Object_NORAD": "41579",
            "Object_Name": "COSMOS2517",
            "Pass": "SE/NE-CCW"
        },
        {
            "AzimuthEnd": 354,
            "AzimuthMiddle": 69,
            "AzimuthStart": 149,
            "CPFSource": "37781_cpf_241105_8101.tjr",
            "CampaignTrack": false,
            "DateTimeEnd": "20241106.172548",
            "DateTimeMiddle": "20241106.171938",
            "DateTimeStart": "20241106.171328",
            "MaximumElevation": 58,
            "Object_NORAD": "37781",
            "Object_Name": "HAIYANG2A",
            "Pass": "SE/NO-CW"
        },
        {
            "AzimuthEnd": 18,
            "AzimuthMiddle": 71,
            "AzimuthStart": 120,
            "CPFSource": "36605_cpf_241105_8101.tjr",
            "CampaignTrack": false,
            "DateTimeEnd": "20241106.171938",
            "DateTimeMiddle": "20241106.171628",
            "DateTimeStart": "20241106.171338",
            "MaximumElevation": 20,
            "Object_NORAD": "36605",
            "Object_Name": "TANDEMX",
            "Pass": "SE/NE-CCW"
        },
        {
            "AzimuthEnd": 18,
            "AzimuthMiddle": 71,
            "AzimuthStart": 120,
            "CPFSource": "31698_cpf_241105_8101.tjr",
            "CampaignTrack": false,
            "DateTimeEnd": "20241106.171938",
            "DateTimeMiddle": "20241106.171628",
            "DateTimeStart": "20241106.171338",
            "MaximumElevation": 20,
            "Object_NORAD": "31698",
            "Object_Name": "TERRASARX",
            "Pass": "SE/NE-CCW"
        },
        {
            "AzimuthEnd": 169,
            "AzimuthMiddle": 95,
            "AzimuthStart": 28,
            "CPFSource": "42829_cpf_241105_8101.tjr",
            "CampaignTrack": false,
            "DateTimeEnd": "20241106.173708",
            "DateTimeMiddle": "20241106.173258",
            "DateTimeStart": "20241106.172908",
            "MaximumElevation": 39,
            "Object_NORAD": "42829",
            "Object_Name": "TECHNOSAT",
            "Pass": "NE/SE-CW"
        },
        {
            "AzimuthEnd": 334,
            "AzimuthMiddle": 259,
            "AzimuthStart": 186,
            "CPFSource": "41579_cpf_241105_8101.tjr",
            "CampaignTrack": false,
            "DateTimeEnd": "20241106.185228",
            "DateTimeMiddle": "20241106.184628",
            "DateTimeStart": "20241106.184038",
            "MaximumElevation": 47,
            "Object_NORAD": "41579",
            "Object_Name": "COSMOS2517",
            "Pass": "SO/NO-CW"
        },
        {
            "AzimuthEnd": 319,
            "AzimuthMiddle": 265,
            "AzimuthStart": 213,
            "CPFSource": "36605_cpf_241105_8101.tjr",
            "CampaignTrack": false,
            "DateTimeEnd": "20241106.185328",
            "DateTimeMiddle": "20241106.185018",
            "DateTimeStart": "20241106.184718",
            "MaximumElevation": 21,
            "Object_NORAD": "36605",
            "Object_Name": "TANDEMX",
            "Pass": "SO/NO-CW"
        },
        {
            "AzimuthEnd": 319,
            "AzimuthMiddle": 265,
            "AzimuthStart": 213,
            "CPFSource": "31698_cpf_241105_8101.tjr",
            "CampaignTrack": false,
            "DateTimeEnd": "20241106.185328",
            "DateTimeMiddle": "20241106.185018",
            "DateTimeStart": "20241106.184718",
            "MaximumElevation": 21,
            "Object_NORAD": "31698",
            "Object_Name": "TERRASARX",
            "Pass": "SO/NO-CW"
        },
        {
            "AzimuthEnd": 4,
            "AzimuthMiddle": 71,
            "AzimuthStart": 134,
            "CPFSource": "41335_cpf_241105_8101.tjr",
            "CampaignTrack": false,
            "DateTimeEnd": "20241106.212128",
            "DateTimeMiddle": "20241106.211618",
            "DateTimeStart": "20241106.211128",
            "MaximumElevation": 35,
            "Object_NORAD": "41335",
            "Object_Name": "SENTINEL3A",
            "Pass": "SE/NE-CCW"
        },
        {
            "AzimuthEnd": 322,
            "AzimuthMiddle": 265,
            "AzimuthStart": 208,
            "CPFSource": "41335_cpf_241105_8101.tjr",
            "CampaignTrack": false,
            "DateTimeEnd": "20241106.230048",
            "DateTimeMiddle": "20241106.225608",
            "DateTimeStart": "20241106.225138",
            "MaximumElevation": 25,
            "Object_NORAD": "41335",
            "Object_Name": "SENTINEL3A",
            "Pass": "SO/NO-CW"
        },
        {
            "AzimuthEnd": 91,
            "AzimuthMiddle": 139,
            "AzimuthStart": 184,
            "CPFSource": "1328_cpf_241105_8101.tjr",
            "CampaignTrack": false,
            "DateTimeEnd": "20241106.231048",
            "DateTimeMiddle": "20241106.230528",
            "DateTimeStart": "20241106.225958",
            "MaximumElevation": 20,
            "Object_NORAD": "1328",
            "Object_Name": "EXPLORER27",
            "Pass": "SO/SE-CCW"
        },
        {
            "AzimuthEnd": 218,
            "AzimuthMiddle": 284,
            "AzimuthStart": 355,
            "CPFSource": "43186_cpf_241105_8101.tjr",
            "CampaignTrack": false,
            "DateTimeEnd": "20241107.001918",
            "DateTimeMiddle": "20241107.001528",
            "DateTimeStart": "20241107.001138",
            "MaximumElevation": 37,
            "Object_NORAD": "43186",
            "Object_Name": "SNETD",
            "Pass": "NO/SO-CCW"
        },
        {
            "AzimuthEnd": 219,
            "AzimuthMiddle": 286,
            "AzimuthStart": 354,
            "CPFSource": "43188_cpf_241105_8101.tjr",
            "CampaignTrack": false,
            "DateTimeEnd": "20241107.002038",
            "DateTimeMiddle": "20241107.001648",
            "DateTimeStart": "20241107.001308",
            "MaximumElevation": 36,
            "Object_NORAD": "43188",
            "Object_Name": "SNETA",
            "Pass": "NO/SO-CCW"
        },
        {
            "AzimuthEnd": 222,
            "AzimuthMiddle": 288,
            "AzimuthStart": 352,
            "CPFSource": "43187_cpf_241105_8101.tjr",
            "CampaignTrack": false,
            "DateTimeEnd": "20241107.002338",
            "DateTimeMiddle": "20241107.001948",
            "DateTimeStart": "20241107.001608",
            "MaximumElevation": 32,
            "Object_NORAD": "43187",
            "Object_Name": "SNETB",
            "Pass": "NO/SO-CCW"
        },
        {
            "AzimuthEnd": 225,
            "AzimuthMiddle": 289,
            "AzimuthStart": 350,
            "CPFSource": "43189_cpf_241105_8101.tjr",
            "CampaignTrack": false,
            "DateTimeEnd": "20241107.002618",
            "DateTimeMiddle": "20241107.002238",
            "DateTimeStart": "20241107.001908",
            "MaximumElevation": 30,
            "Object_NORAD": "43189",
            "Object_Name": "SNETC",
            "Pass": "NO/SO-CCW"
        },
        {
            "AzimuthEnd": 71,
            "AzimuthMiddle": 152,
            "AzimuthStart": 231,
            "CPFSource": "1328_cpf_241105_8101.tjr",
            "CampaignTrack": false,
            "DateTimeEnd": "20241107.010528",
            "DateTimeMiddle": "20241107.005838",
            "DateTimeStart": "20241107.005118",
            "MaximumElevation": 65,
            "Object_NORAD": "1328",
            "Object_Name": "EXPLORER27",
            "Pass": "SO/NE-CCW"
        },
        {
            "AzimuthEnd": 71,
            "AzimuthMiddle": 350,
            "AzimuthStart": 267,
            "CPFSource": "1328_cpf_241105_8101.tjr",
            "CampaignTrack": false,
            "DateTimeEnd": "20241107.025908",
            "DateTimeMiddle": "20241107.025228",
            "DateTimeStart": "20241107.024518",
            "MaximumElevation": 64,
            "Object_NORAD": "1328",
            "Object_Name": "EXPLORER27",
            "Pass": "SO/NE-CW"
        },
        {
            "AzimuthEnd": 196,
            "AzimuthMiddle": 270,
            "AzimuthStart": 348,
            "CPFSource": "39452_cpf_241105_8101.tjr",
            "CampaignTrack": false,
            "DateTimeEnd": "20241107.033508",
            "DateTimeMiddle": "20241107.033138",
            "DateTimeStart": "20241107.032808",
            "MaximumElevation": 49,
            "Object_NORAD": "39452",
            "Object_Name": "SWARMA",
            "Pass": "NO/SO-CCW"
        },
        {
            "AzimuthEnd": 201,
            "AzimuthMiddle": 274,
            "AzimuthStart": 344,
            "CPFSource": "39453_cpf_241105_8101.tjr",
            "CampaignTrack": false,
            "DateTimeEnd": "20241107.033458",
            "DateTimeMiddle": "20241107.033128",
            "DateTimeStart": "20241107.032808",
            "MaximumElevation": 40,
            "Object_NORAD": "39453",
            "Object_Name": "SWARMC",
            "Pass": "NO/SO-CCW"
        },
        {
            "AzimuthEnd": 90,
            "AzimuthMiddle": 10,
            "AzimuthStart": 288,
            "CPFSource": "1328_cpf_241105_8101.tjr",
            "CampaignTrack": false,
            "DateTimeEnd": "20241107.045308",
            "DateTimeMiddle": "20241107.044638",
            "DateTimeStart": "20241107.043958",
            "MaximumElevation": 61,
            "Object_NORAD": "1328",
            "Object_Name": "EXPLORER27",
            "Pass": "NO/E-CW"
        },
        {
            "AzimuthEnd": 328,
            "AzimuthMiddle": 261,
            "AzimuthStart": 199,
            "CPFSource": "42829_cpf_241105_8101.tjr",
            "CampaignTrack": false,
            "DateTimeEnd": "20241107.055658",
            "DateTimeMiddle": "20241107.055258",
            "DateTimeStart": "20241107.054918",
            "MaximumElevation": 31,
            "Object_NORAD": "42829",
            "Object_Name": "TECHNOSAT",
            "Pass": "SO/NO-CW"
        },
        {
            "AzimuthEnd": 172,
            "AzimuthMiddle": 98,
            "AzimuthStart": 27,
            "CPFSource": "37781_cpf_241105_8101.tjr",
            "CampaignTrack": false,
            "DateTimeEnd": "20241107.060758",
            "DateTimeMiddle": "20241107.060148",
            "DateTimeStart": "20241107.055558",
            "MaximumElevation": 44,
            "Object_NORAD": "37781",
            "Object_Name": "HAIYANG2A",
            "Pass": "NE/SE-CW"
        },
        {
            "AzimuthEnd": 170,
            "AzimuthMiddle": 96,
            "AzimuthStart": 28,
            "CPFSource": "36605_cpf_241105_8101.tjr",
            "CampaignTrack": false,
            "DateTimeEnd": "20241107.062638",
            "DateTimeMiddle": "20241107.062248",
            "DateTimeStart": "20241107.061918",
            "MaximumElevation": 38,
            "Object_NORAD": "36605",
            "Object_Name": "TANDEMX",
            "Pass": "NE/SE-CW"
        },
        {
            "AzimuthEnd": 170,
            "AzimuthMiddle": 96,
            "AzimuthStart": 28,
            "CPFSource": "31698_cpf_241105_8101.tjr",
            "CampaignTrack": false,
            "DateTimeEnd": "20241107.062638",
            "DateTimeMiddle": "20241107.062248",
            "DateTimeStart": "20241107.061918",
            "MaximumElevation": 38,
            "Object_NORAD": "31698",
            "Object_Name": "TERRASARX",
            "Pass": "NE/SE-CW"
        },
        {
            "AzimuthEnd": 126,
            "AzimuthMiddle": 208,
            "AzimuthStart": 289,
            "CPFSource": "1328_cpf_241105_8101.tjr",
            "CampaignTrack": false,
            "DateTimeEnd": "20241107.064648",
            "DateTimeMiddle": "20241107.064018",
            "DateTimeStart": "20241107.063348",
            "MaximumElevation": 67,
            "Object_NORAD": "1328",
            "Object_Name": "EXPLORER27",
            "Pass": "NO/SE-CCW"
        },
        {
            "AzimuthEnd": 206,
            "AzimuthMiddle": 288,
            "AzimuthStart": 8,
            "CPFSource": "41579_cpf_241105_8101.tjr",
            "CampaignTrack": false,
            "DateTimeEnd": "20241107.073108",
            "DateTimeMiddle": "20241107.072458",
            "DateTimeStart": "20241107.071858",
            "MaximumElevation": 66,
            "Object_NORAD": "41579",
            "Object_Name": "COSMOS2517",
            "Pass": "NE/SO-CW"
        },
        {
            "AzimuthEnd": 239,
            "AzimuthMiddle": 294,
            "AzimuthStart": 350,
            "CPFSource": "37781_cpf_241105_8101.tjr",
            "CampaignTrack": false,
            "DateTimeEnd": "20241107.074948",
            "DateTimeMiddle": "20241107.074438",
            "DateTimeStart": "20241107.073928",
            "MaximumElevation": 26,
            "Object_NORAD": "37781",
            "Object_Name": "HAIYANG2A",
            "Pass": "NO/SO-CCW"
        },
        {
            "AzimuthEnd": 351,
            "AzimuthMiddle": 91,
            "AzimuthStart": 163,
            "CPFSource": "43186_cpf_241105_8101.tjr",
            "CampaignTrack": false,
            "DateTimeEnd": "20241107.110048",
            "DateTimeMiddle": "20241107.105628",
            "DateTimeStart": "20241107.105228",
            "MaximumElevation": 78,
            "Object_NORAD": "43186",
            "Object_Name": "SNETD",
            "Pass": "SE/NO-CW"
        },
        {
            "AzimuthEnd": 350,
            "AzimuthMiddle": 65,
            "AzimuthStart": 164,
            "CPFSource": "43188_cpf_241105_8101.tjr",
            "CampaignTrack": false,
            "DateTimeEnd": "20241107.110208",
            "DateTimeMiddle": "20241107.105758",
            "DateTimeStart": "20241107.105358",
            "MaximumElevation": 80,
            "Object_NORAD": "43188",
            "Object_Name": "SNETA",
            "Pass": "SE/NO-CW"
        },
        {
            "AzimuthEnd": 348,
            "AzimuthMiddle": 108,
            "AzimuthStart": 167,
            "CPFSource": "43187_cpf_241105_8101.tjr",
            "CampaignTrack": false,
            "DateTimeEnd": "20241107.110508",
            "DateTimeMiddle": "20241107.110058",
            "DateTimeStart": "20241107.105658",
            "MaximumElevation": 89,
            "Object_NORAD": "43187",
            "Object_Name": "SNETB",
            "Pass": "SE/NO-CW"
        },
        {
            "AzimuthEnd": 347,
            "AzimuthMiddle": 235,
            "AzimuthStart": 169,
            "CPFSource": "43189_cpf_241105_8101.tjr",
            "CampaignTrack": false,
            "DateTimeEnd": "20241107.110808",
            "DateTimeMiddle": "20241107.110348",
            "DateTimeStart": "20241107.105948",
            "MaximumElevation": 84,
            "Object_NORAD": "43189",
            "Object_Name": "SNETC",
            "Pass": "SE/NO-CW"
        },
        {
            "AzimuthEnd": 210,
            "AzimuthMiddle": 289,
            "AzimuthStart": 4,
            "CPFSource": "41335_cpf_241105_8101.tjr",
            "CampaignTrack": false,
            "DateTimeEnd": "20241107.111828",
            "DateTimeMiddle": "20241107.111258",
            "DateTimeStart": "20241107.110748",
            "MaximumElevation": 55,
            "Object_NORAD": "41335",
            "Object_Name": "SENTINEL3A",
            "Pass": "NE/SO-CW"
        },
        {
            "AzimuthEnd": 357,
            "AzimuthMiddle": 284,
            "AzimuthStart": 185,
            "CPFSource": "39452_cpf_241105_8101.tjr",
            "CampaignTrack": false,
            "DateTimeEnd": "20241107.153748",
            "DateTimeMiddle": "20241107.153408",
            "DateTimeStart": "20241107.153028",
            "MaximumElevation": 73,
            "Object_NORAD": "39452",
            "Object_Name": "SWARMA",
            "Pass": "SO/NO-CW"
        },
        {
            "AzimuthEnd": 354,
            "AzimuthMiddle": 271,
            "AzimuthStart": 191,
            "CPFSource": "39453_cpf_241105_8101.tjr",
            "CampaignTrack": false,
            "DateTimeEnd": "20241107.153738",
            "DateTimeMiddle": "20241107.153358",
            "DateTimeStart": "20241107.153028",
            "MaximumElevation": 60,
            "Object_NORAD": "39453",
            "Object_Name": "SWARMC",
            "Pass": "SO/NO-CW"
        },
        {
            "AzimuthEnd": 6,
            "AzimuthMiddle": 68,
            "AzimuthStart": 128,
            "CPFSource": "41579_cpf_241105_8101.tjr",
            "CampaignTrack": false,
            "DateTimeEnd": "20241107.172448",
            "DateTimeMiddle": "20241107.171918",
            "DateTimeStart": "20241107.171408",
            "MaximumElevation": 32,
            "Object_NORAD": "41579",
            "Object_Name": "COSMOS2517",
            "Pass": "SE/NE-CCW"
        },
        {
            "AzimuthEnd": 171,
            "AzimuthMiddle": 96,
            "AzimuthStart": 26,
            "CPFSource": "42829_cpf_241105_8101.tjr",
            "CampaignTrack": false,
            "DateTimeEnd": "20241107.173908",
            "DateTimeMiddle": "20241107.173458",
            "DateTimeStart": "20241107.173058",
            "MaximumElevation": 41,
            "Object_NORAD": "42829",
            "Object_Name": "TECHNOSAT",
            "Pass": "NE/SE-CW"
        },
        {
            "AzimuthEnd": 347,
            "AzimuthMiddle": 44,
            "AzimuthStart": 164,
            "CPFSource": "37781_cpf_241105_8101.tjr",
            "CampaignTrack": false,
            "DateTimeEnd": "20241107.174828",
            "DateTimeMiddle": "20241107.174208",
            "DateTimeStart": "20241107.173558",
            "MaximumElevation": 88,
            "Object_NORAD": "37781",
            "Object_Name": "HAIYANG2A",
            "Pass": "SE/NO-CW"
        },
        {
            "AzimuthEnd": 331,
            "AzimuthMiddle": 264,
            "AzimuthStart": 195,
            "CPFSource": "36605_cpf_241105_8101.tjr",
            "CampaignTrack": false,
            "DateTimeEnd": "20241107.183648",
            "DateTimeMiddle": "20241107.183308",
            "DateTimeStart": "20241107.182938",
            "MaximumElevation": 35,
            "Object_NORAD": "36605",
            "Object_Name": "TANDEMX",
            "Pass": "SO/NO-CW"
        },
        {
            "AzimuthEnd": 331,
            "AzimuthMiddle": 264,
            "AzimuthStart": 195,
            "CPFSource": "31698_cpf_241105_8101.tjr",
            "CampaignTrack": false,
            "DateTimeEnd": "20241107.183648",
            "DateTimeMiddle": "20241107.183308",
            "DateTimeStart": "20241107.182938",
            "MaximumElevation": 35,
            "Object_NORAD": "31698",
            "Object_Name": "TERRASARX",
            "Pass": "SO/NO-CW"
        },
        {
            "AzimuthEnd": 328,
            "AzimuthMiddle": 263,
            "AzimuthStart": 197,
            "CPFSource": "41579_cpf_241105_8101.tjr",
            "CampaignTrack": false,
            "DateTimeEnd": "20241107.190728",
            "DateTimeMiddle": "20241107.190148",
            "DateTimeStart": "20241107.185618",
            "MaximumElevation": 34,
            "Object_NORAD": "41579",
            "Object_Name": "COSMOS2517",
            "Pass": "SO/NO-CW"
        },
        {
            "AzimuthEnd": 17,
            "AzimuthMiddle": 65,
            "AzimuthStart": 113,
            "CPFSource": "41335_cpf_241105_8101.tjr",
            "CampaignTrack": false,
            "DateTimeEnd": "20241107.205448",
            "DateTimeMiddle": "20241107.205048",
            "DateTimeStart": "20241107.204648",
            "MaximumElevation": 20,
            "Object_NORAD": "41335",
            "Object_Name": "SENTINEL3A",
            "Pass": "SE/NE-CCW"
        },
        {
            "AzimuthEnd": 335,
            "AzimuthMiddle": 262,
            "AzimuthStart": 188,
            "CPFSource": "41335_cpf_241105_8101.tjr",
            "CampaignTrack": false,
            "DateTimeEnd": "20241107.223528",
            "DateTimeMiddle": "20241107.223008",
            "DateTimeStart": "20241107.222458",
            "MaximumElevation": 45,
            "Object_NORAD": "41335",
            "Object_Name": "SENTINEL3A",
            "Pass": "SO/NO-CW"
        }
    ]
}
