{
    "CreationDateTime": "20200925.114816",
    "PredictionsArray": [
        {
            "AzimuthEnd": 193,
            "AzimuthMiddle": 261,
            "AzimuthStart": 294,
            "CPFSource": "38250_cpf_200919_7631.sha",
            "CampaignTrack": false,
            "DateTimeEnd": "20200925.134507",
            "DateTimeMiddle": "20200925.120747",
            "DateTimeStart": "20200925.114757",
            "MaximumElevation": 76,
            "Object_NORAD": "38250",
            "Object_Name": "BEIDOU12",
            "Pass": "NO/SO-CCW"
        },
        {
            "AzimuthEnd": 55,
            "AzimuthMiddle": 323,
            "AzimuthStart": 236,
            "CPFSource": "22195_cpf_200925_7691.sgf",
            "CampaignTrack": false,
            "DateTimeEnd": "20200925.134857",
            "DateTimeMiddle": "20200925.131417",
            "DateTimeStart": "20200925.124137",
            "MaximumElevation": 74,
            "Object_NORAD": "22195",
            "Object_Name": "LAGEOS2",
            "Pass": "SO/NE-CW"
        },
        {
            "AzimuthEnd": 83,
            "AzimuthMiddle": 14,
            "AzimuthStart": 307,
            "CPFSource": "16908_cpf_200925_7691.jax",
            "CampaignTrack": false,
            "DateTimeEnd": "20200925.135157",
            "DateTimeMiddle": "20200925.134307",
            "DateTimeStart": "20200925.133427",
            "MaximumElevation": 39,
            "Object_NORAD": "16908",
            "Object_Name": "EGS",
            "Pass": "NO/NE-CW"
        },
        {
            "AzimuthEnd": 162,
            "AzimuthMiddle": 98,
            "AzimuthStart": 32,
            "CPFSource": "27944_cpf_200925_7691.sgf",
            "CampaignTrack": false,
            "DateTimeEnd": "20200925.140807",
            "DateTimeMiddle": "20200925.140347",
            "DateTimeStart": "20200925.135927",
            "MaximumElevation": 32,
            "Object_NORAD": "27944",
            "Object_Name": "LARETS",
            "Pass": "NE/SE-CW"
        },
        {
            "AzimuthEnd": 127,
            "AzimuthMiddle": 49,
            "AzimuthStart": 308,
            "CPFSource": "16908_cpf_200925_7691.jax",
            "CampaignTrack": false,
            "DateTimeEnd": "20200925.155537",
            "DateTimeMiddle": "20200925.154607",
            "DateTimeStart": "20200925.153637",
            "MaximumElevation": 84,
            "Object_NORAD": "16908",
            "Object_Name": "EGS",
            "Pass": "NO/SE-CW"
        },
        {
            "AzimuthEnd": 240,
            "AzimuthMiddle": 293,
            "AzimuthStart": 341,
            "CPFSource": "27944_cpf_200925_7691.sgf",
            "CampaignTrack": false,
            "DateTimeEnd": "20200925.154437",
            "DateTimeMiddle": "20200925.154047",
            "DateTimeStart": "20200925.153717",
            "MaximumElevation": 21,
            "Object_NORAD": "27944",
            "Object_Name": "LARETS",
            "Pass": "NO/SO-CCW"
        },
        {
            "AzimuthEnd": 13,
            "AzimuthMiddle": 89,
            "AzimuthStart": 158,
            "CPFSource": "39451_cpf_200924_7681.esa",
            "CampaignTrack": false,
            "DateTimeEnd": "20200925.163317",
            "DateTimeMiddle": "20200925.162927",
            "DateTimeStart": "20200925.162557",
            "MaximumElevation": 43,
            "Object_NORAD": "39451",
            "Object_Name": "SWARMB",
            "Pass": "SE/NE-CCW"
        },
        {
            "AzimuthEnd": 50,
            "AzimuthMiddle": 97,
            "AzimuthStart": 144,
            "CPFSource": "38077_cpf_200925_7691.sgf",
            "CampaignTrack": false,
            "DateTimeEnd": "20200925.170607",
            "DateTimeMiddle": "20200925.165937",
            "DateTimeStart": "20200925.165307",
            "MaximumElevation": 21,
            "Object_NORAD": "38077",
            "Object_Name": "LARES",
            "Pass": "SE/NE-CCW"
        },
        {
            "AzimuthEnd": 106,
            "AzimuthMiddle": 21,
            "AzimuthStart": 295,
            "CPFSource": "22195_cpf_200925_7691.sgf",
            "CampaignTrack": false,
            "DateTimeEnd": "20200925.180407",
            "DateTimeMiddle": "20200925.172857",
            "DateTimeStart": "20200925.165457",
            "MaximumElevation": 63,
            "Object_NORAD": "22195",
            "Object_Name": "LAGEOS2",
            "Pass": "NO/SE-CW"
        },
        {
            "AzimuthEnd": 1,
            "AzimuthMiddle": 75,
            "AzimuthStart": 146,
            "CPFSource": "31698_cpf_200925_7691.gfz",
            "CampaignTrack": false,
            "DateTimeEnd": "20200925.174527",
            "DateTimeMiddle": "20200925.174137",
            "DateTimeStart": "20200925.173757",
            "MaximumElevation": 42,
            "Object_NORAD": "31698",
            "Object_Name": "TERRASARX",
            "Pass": "SE/NE-CCW"
        },
        {
            "AzimuthEnd": 1,
            "AzimuthMiddle": 75,
            "AzimuthStart": 146,
            "CPFSource": "36605_cpf_200925_7691.gfz",
            "CampaignTrack": false,
            "DateTimeEnd": "20200925.174527",
            "DateTimeMiddle": "20200925.174137",
            "DateTimeStart": "20200925.173757",
            "MaximumElevation": 42,
            "Object_NORAD": "36605",
            "Object_Name": "TANDEMX",
            "Pass": "SE/NE-CCW"
        },
        {
            "AzimuthEnd": 178,
            "AzimuthMiddle": 235,
            "AzimuthStart": 290,
            "CPFSource": "16908_cpf_200925_7691.jax",
            "CampaignTrack": false,
            "DateTimeEnd": "20200925.175457",
            "DateTimeMiddle": "20200925.174707",
            "DateTimeStart": "20200925.173927",
            "MaximumElevation": 28,
            "Object_NORAD": "16908",
            "Object_Name": "EGS",
            "Pass": "NO/SE-CCW"
        },
        {
            "AzimuthEnd": 160,
            "AzimuthMiddle": 96,
            "AzimuthStart": 34,
            "CPFSource": "39086_cpf_200924_7681.cne",
            "CampaignTrack": false,
            "DateTimeEnd": "20200925.180417",
            "DateTimeMiddle": "20200925.175927",
            "DateTimeStart": "20200925.175447",
            "MaximumElevation": 31,
            "Object_NORAD": "39086",
            "Object_Name": "SARAL",
            "Pass": "NE/SE-CW"
        },
        {
            "AzimuthEnd": 189,
            "AzimuthMiddle": 276,
            "AzimuthStart": 352,
            "CPFSource": "39453_cpf_200924_7681.esa",
            "CampaignTrack": false,
            "DateTimeEnd": "20200925.182947",
            "DateTimeMiddle": "20200925.182617",
            "DateTimeStart": "20200925.182257",
            "MaximumElevation": 61,
            "Object_NORAD": "39453",
            "Object_Name": "SWARMC",
            "Pass": "NO/SO-CCW"
        },
        {
            "AzimuthEnd": 192,
            "AzimuthMiddle": 271,
            "AzimuthStart": 349,
            "CPFSource": "39452_cpf_200924_7681.esa",
            "CampaignTrack": false,
            "DateTimeEnd": "20200925.182957",
            "DateTimeMiddle": "20200925.182627",
            "DateTimeStart": "20200925.182307",
            "MaximumElevation": 54,
            "Object_NORAD": "39452",
            "Object_Name": "SWARMA",
            "Pass": "NO/SO-CCW"
        },
        {
            "AzimuthEnd": 20,
            "AzimuthMiddle": 295,
            "AzimuthStart": 209,
            "CPFSource": "38077_cpf_200925_7691.sgf",
            "CampaignTrack": false,
            "DateTimeEnd": "20200925.190537",
            "DateTimeMiddle": "20200925.185627",
            "DateTimeStart": "20200925.184737",
            "MaximumElevation": 74,
            "Object_NORAD": "38077",
            "Object_Name": "LARES",
            "Pass": "SO/NE-CW"
        },
        {
            "AzimuthEnd": 233,
            "AzimuthMiddle": 293,
            "AzimuthStart": 349,
            "CPFSource": "39086_cpf_200924_7681.cne",
            "CampaignTrack": false,
            "DateTimeEnd": "20200925.194316",
            "DateTimeMiddle": "20200925.193837",
            "DateTimeStart": "20200925.193417",
            "MaximumElevation": 27,
            "Object_NORAD": "39086",
            "Object_Name": "SARAL",
            "Pass": "NO/SO-CCW"
        },
        {
            "AzimuthEnd": 144,
            "AzimuthMiddle": 86,
            "AzimuthStart": 32,
            "CPFSource": "36508_cpf_200925_7691.esa",
            "CampaignTrack": false,
            "DateTimeEnd": "20200925.200907",
            "DateTimeMiddle": "20200925.200447",
            "DateTimeStart": "20200925.200046",
            "MaximumElevation": 24,
            "Object_NORAD": "36508",
            "Object_Name": "CRYOSAT2",
            "Pass": "NE/SE-CW"
        },
        {
            "AzimuthEnd": 170,
            "AzimuthMiddle": 243,
            "AzimuthStart": 311,
            "CPFSource": "22195_cpf_200925_7691.sgf",
            "CampaignTrack": false,
            "DateTimeEnd": "20200925.220636",
            "DateTimeMiddle": "20200925.213336",
            "DateTimeStart": "20200925.210156",
            "MaximumElevation": 55,
            "Object_NORAD": "22195",
            "Object_Name": "LAGEOS2",
            "Pass": "NO/SE-CCW"
        },
        {
            "AzimuthEnd": 220,
            "AzimuthMiddle": 281,
            "AzimuthStart": 342,
            "CPFSource": "36508_cpf_200925_7691.esa",
            "CampaignTrack": false,
            "DateTimeEnd": "20200925.214806",
            "DateTimeMiddle": "20200925.214336",
            "DateTimeStart": "20200925.213916",
            "MaximumElevation": 29,
            "Object_NORAD": "36508",
            "Object_Name": "CRYOSAT2",
            "Pass": "NO/SO-CCW"
        },
        {
            "AzimuthEnd": 70,
            "AzimuthMiddle": 149,
            "AzimuthStart": 227,
            "CPFSource": "1328_cpf_200925_7691.sgf",
            "CampaignTrack": false,
            "DateTimeEnd": "20200926.001706",
            "DateTimeMiddle": "20200926.000836",
            "DateTimeStart": "20200926.000016",
            "MaximumElevation": 61,
            "Object_NORAD": "1328",
            "Object_Name": "EXPLORER27",
            "Pass": "SO/NE-CCW"
        },
        {
            "AzimuthEnd": 11,
            "AzimuthMiddle": 68,
            "AzimuthStart": 125,
            "CPFSource": "27944_cpf_200925_7691.sgf",
            "CampaignTrack": false,
            "DateTimeEnd": "20200926.010836",
            "DateTimeMiddle": "20200926.010426",
            "DateTimeStart": "20200926.010026",
            "MaximumElevation": 25,
            "Object_NORAD": "27944",
            "Object_Name": "LARETS",
            "Pass": "SE/NE-CCW"
        },
        {
            "AzimuthEnd": 71,
            "AzimuthMiddle": 343,
            "AzimuthStart": 262,
            "CPFSource": "1328_cpf_200925_7691.sgf",
            "CampaignTrack": false,
            "DateTimeEnd": "20200926.021116",
            "DateTimeMiddle": "20200926.020246",
            "DateTimeStart": "20200926.015416",
            "MaximumElevation": 71,
            "Object_NORAD": "1328",
            "Object_Name": "EXPLORER27",
            "Pass": "SO/NE-CW"
        },
        {
            "AzimuthEnd": 324,
            "AzimuthMiddle": 262,
            "AzimuthStart": 204,
            "CPFSource": "27944_cpf_200925_7691.sgf",
            "CampaignTrack": false,
            "DateTimeEnd": "20200926.024556",
            "DateTimeMiddle": "20200926.024136",
            "DateTimeStart": "20200926.023736",
            "MaximumElevation": 27,
            "Object_NORAD": "27944",
            "Object_Name": "LARETS",
            "Pass": "SO/NO-CW"
        },
        {
            "AzimuthEnd": 116,
            "AzimuthMiddle": 53,
            "AzimuthStart": 351,
            "CPFSource": "38077_cpf_200925_7691.sgf",
            "CampaignTrack": false,
            "DateTimeEnd": "20200926.031246",
            "DateTimeMiddle": "20200926.030446",
            "DateTimeStart": "20200926.025656",
            "MaximumElevation": 32,
            "Object_NORAD": "38077",
            "Object_Name": "LARES",
            "Pass": "NO/SE-CW"
        },
        {
            "AzimuthEnd": 89,
            "AzimuthMiddle": 7,
            "AzimuthStart": 284,
            "CPFSource": "1328_cpf_200925_7691.sgf",
            "CampaignTrack": false,
            "DateTimeEnd": "20200926.040536",
            "DateTimeMiddle": "20200926.035736",
            "DateTimeStart": "20200926.034906",
            "MaximumElevation": 64,
            "Object_NORAD": "1328",
            "Object_Name": "EXPLORER27",
            "Pass": "NO/NE-CW"
        },
        {
            "AzimuthEnd": 148,
            "AzimuthMiddle": 86,
            "AzimuthStart": 23,
            "CPFSource": "39451_cpf_200924_7681.esa",
            "CampaignTrack": false,
            "DateTimeEnd": "20200926.040356",
            "DateTimeMiddle": "20200926.040026",
            "DateTimeStart": "20200926.035706",
            "MaximumElevation": 28,
            "Object_NORAD": "39451",
            "Object_Name": "SWARMB",
            "Pass": "NE/SE-CW"
        },
        {
            "AzimuthEnd": 176,
            "AzimuthMiddle": 254,
            "AzimuthStart": 328,
            "CPFSource": "38077_cpf_200925_7691.sgf",
            "CampaignTrack": false,
            "DateTimeEnd": "20200926.051146",
            "DateTimeMiddle": "20200926.050256",
            "DateTimeStart": "20200926.045426",
            "MaximumElevation": 57,
            "Object_NORAD": "38077",
            "Object_Name": "LARES",
            "Pass": "NO/SE-CCW"
        },
        {
            "AzimuthEnd": 3,
            "AzimuthMiddle": 69,
            "AzimuthStart": 135,
            "CPFSource": "39086_cpf_200924_7681.cne",
            "CampaignTrack": false,
            "DateTimeEnd": "20200926.051916",
            "DateTimeMiddle": "20200926.051416",
            "DateTimeStart": "20200926.050926",
            "MaximumElevation": 36,
            "Object_NORAD": "39086",
            "Object_Name": "SARAL",
            "Pass": "SE/NE-CCW"
        },
        {
            "AzimuthEnd": 121,
            "AzimuthMiddle": 201,
            "AzimuthStart": 290,
            "CPFSource": "1328_cpf_200925_7691.sgf",
            "CampaignTrack": false,
            "DateTimeEnd": "20200926.055926",
            "DateTimeMiddle": "20200926.055156",
            "DateTimeStart": "20200926.054336",
            "MaximumElevation": 77,
            "Object_NORAD": "1328",
            "Object_Name": "EXPLORER27",
            "Pass": "NO/SE-CCW"
        },
        {
            "AzimuthEnd": 4,
            "AzimuthMiddle": 72,
            "AzimuthStart": 175,
            "CPFSource": "39453_cpf_200924_7681.esa",
            "CampaignTrack": false,
            "DateTimeEnd": "20200926.062826",
            "DateTimeMiddle": "20200926.062456",
            "DateTimeStart": "20200926.062126",
            "MaximumElevation": 74,
            "Object_NORAD": "39453",
            "Object_Name": "SWARMC",
            "Pass": "SE/NE-CCW"
        },
        {
            "AzimuthEnd": 1,
            "AzimuthMiddle": 118,
            "AzimuthStart": 178,
            "CPFSource": "39452_cpf_200924_7681.esa",
            "CampaignTrack": false,
            "DateTimeEnd": "20200926.062836",
            "DateTimeMiddle": "20200926.062456",
            "DateTimeStart": "20200926.062136",
            "MaximumElevation": 84,
            "Object_NORAD": "39452",
            "Object_Name": "SWARMA",
            "Pass": "SE/NE-CCW"
        },
        {
            "AzimuthEnd": 73,
            "AzimuthMiddle": 123,
            "AzimuthStart": 172,
            "CPFSource": "16908_cpf_200925_7691.jax",
            "CampaignTrack": false,
            "DateTimeEnd": "20200926.064756",
            "DateTimeMiddle": "20200926.064046",
            "DateTimeStart": "20200926.063346",
            "MaximumElevation": 23,
            "Object_NORAD": "16908",
            "Object_Name": "EGS",
            "Pass": "SE/NE-CCW"
        },
        {
            "AzimuthEnd": 192,
            "AzimuthMiddle": 191,
            "AzimuthStart": 11,
            "CPFSource": "31698_cpf_200925_7691.gfz",
            "CampaignTrack": false,
            "DateTimeEnd": "20200926.065206",
            "DateTimeMiddle": "20200926.064816",
            "DateTimeStart": "20200926.064426",
            "MaximumElevation": 85,
            "Object_NORAD": "31698",
            "Object_Name": "TERRASARX",
            "Pass": "NE/SO-CW"
        },
        {
            "AzimuthEnd": 192,
            "AzimuthMiddle": 190,
            "AzimuthStart": 11,
            "CPFSource": "36605_cpf_200925_7691.gfz",
            "CampaignTrack": false,
            "DateTimeEnd": "20200926.065206",
            "DateTimeMiddle": "20200926.064816",
            "DateTimeStart": "20200926.064426",
            "MaximumElevation": 85,
            "Object_NORAD": "36605",
            "Object_Name": "TANDEMX",
            "Pass": "NE/SO-CW"
        },
        {
            "AzimuthEnd": 319,
            "AzimuthMiddle": 264,
            "AzimuthStart": 211,
            "CPFSource": "39086_cpf_200924_7681.cne",
            "CampaignTrack": false,
            "DateTimeEnd": "20200926.065806",
            "DateTimeMiddle": "20200926.065336",
            "DateTimeStart": "20200926.064926",
            "MaximumElevation": 23,
            "Object_NORAD": "39086",
            "Object_Name": "SARAL",
            "Pass": "SO/NO-CW"
        },
        {
            "AzimuthEnd": 168,
            "AzimuthMiddle": 224,
            "AzimuthStart": 276,
            "CPFSource": "1328_cpf_200925_7691.sgf",
            "CampaignTrack": false,
            "DateTimeEnd": "20200926.075056",
            "DateTimeMiddle": "20200926.074456",
            "DateTimeStart": "20200926.073846",
            "MaximumElevation": 25,
            "Object_NORAD": "1328",
            "Object_Name": "EXPLORER27",
            "Pass": "NO/SE-CCW"
        },
        {
            "AzimuthEnd": 52,
            "AzimuthMiddle": 148,
            "AzimuthStart": 226,
            "CPFSource": "16908_cpf_200925_7691.jax",
            "CampaignTrack": false,
            "DateTimeEnd": "20200926.085116",
            "DateTimeMiddle": "20200926.084136",
            "DateTimeStart": "20200926.083216",
            "MaximumElevation": 85,
            "Object_NORAD": "16908",
            "Object_Name": "EGS",
            "Pass": "SO/NE-CCW"
        },
        {
            "AzimuthEnd": 353,
            "AzimuthMiddle": 262,
            "AzimuthStart": 176,
            "CPFSource": "36508_cpf_200925_7691.esa",
            "CampaignTrack": false,
            "DateTimeEnd": "20200926.085416",
            "DateTimeMiddle": "20200926.084906",
            "DateTimeStart": "20200926.084406",
            "MaximumElevation": 82,
            "Object_NORAD": "36508",
            "Object_Name": "CRYOSAT2",
            "Pass": "SE/NO-CW"
        },
        {
            "AzimuthEnd": 52,
            "AzimuthMiddle": 340,
            "AzimuthStart": 271,
            "CPFSource": "16908_cpf_200925_7691.jax",
            "CampaignTrack": false,
            "DateTimeEnd": "20200926.105316",
            "DateTimeMiddle": "20200926.104416",
            "DateTimeStart": "20200926.103526",
            "MaximumElevation": 42,
            "Object_NORAD": "16908",
            "Object_Name": "EGS",
            "Pass": "NO/NE-CW"
        },
        {
            "AzimuthEnd": 48,
            "AzimuthMiddle": 125,
            "AzimuthStart": 207,
            "CPFSource": "22195_cpf_200925_7691.sgf",
            "CampaignTrack": false,
            "DateTimeEnd": "20200926.115236",
            "DateTimeMiddle": "20200926.111926",
            "DateTimeStart": "20200926.104726",
            "MaximumElevation": 75,
            "Object_NORAD": "22195",
            "Object_Name": "LAGEOS2",
            "Pass": "SO/NE-CCW"
        },
        {
            "AzimuthEnd": 73,
            "AzimuthMiddle": 7,
            "AzimuthStart": 302,
            "CPFSource": "16908_cpf_200925_7691.jax",
            "CampaignTrack": false,
            "DateTimeEnd": "20200926.125656",
            "DateTimeMiddle": "20200926.124816",
            "DateTimeStart": "20200926.123946",
            "MaximumElevation": 35,
            "Object_NORAD": "16908",
            "Object_Name": "EGS",
            "Pass": "NO/NE-CW"
        },
        {
            "AzimuthEnd": 245,
            "AzimuthMiddle": 277,
            "AzimuthStart": 307,
            "CPFSource": "38250_cpf_200919_7631.sha",
            "CampaignTrack": false,
            "DateTimeEnd": "20200926.144906",
            "DateTimeMiddle": "20200926.135436",
            "DateTimeStart": "20200926.130016",
            "MaximumElevation": 48,
            "Object_NORAD": "38250",
            "Object_Name": "BEIDOU12",
            "Pass": "NO/SO-CCW"
        },
        {
            "AzimuthEnd": 191,
            "AzimuthMiddle": 94,
            "AzimuthStart": 13,
            "CPFSource": "27944_cpf_200925_7691.sgf",
            "CampaignTrack": false,
            "DateTimeEnd": "20200926.144516",
            "DateTimeMiddle": "20200926.144026",
            "DateTimeStart": "20200926.143546",
            "MaximumElevation": 84,
            "Object_NORAD": "27944",
            "Object_Name": "LARETS",
            "Pass": "NE/SO-CW"
        },
        {
            "AzimuthEnd": 113,
            "AzimuthMiddle": 34,
            "AzimuthStart": 310,
            "CPFSource": "16908_cpf_200925_7691.jax",
            "CampaignTrack": false,
            "DateTimeEnd": "20200926.150106",
            "DateTimeMiddle": "20200926.145146",
            "DateTimeStart": "20200926.144226",
            "MaximumElevation": 63,
            "Object_NORAD": "16908",
            "Object_Name": "EGS",
            "Pass": "NO/SE-CW"
        },
        {
            "AzimuthEnd": 78,
            "AzimuthMiddle": 354,
            "AzimuthStart": 272,
            "CPFSource": "22195_cpf_200925_7691.sgf",
            "CampaignTrack": false,
            "DateTimeEnd": "20200926.160316",
            "DateTimeMiddle": "20200926.152816",
            "DateTimeStart": "20200926.145516",
            "MaximumElevation": 57,
            "Object_NORAD": "22195",
            "Object_Name": "LAGEOS2",
            "Pass": "NO/NE-CW"
        },
        {
            "AzimuthEnd": 22,
            "AzimuthMiddle": 84,
            "AzimuthStart": 144,
            "CPFSource": "39451_cpf_200924_7681.esa",
            "CampaignTrack": false,
            "DateTimeEnd": "20200926.161326",
            "DateTimeMiddle": "20200926.160956",
            "DateTimeStart": "20200926.160636",
            "MaximumElevation": 27,
            "Object_NORAD": "39451",
            "Object_Name": "SWARMB",
            "Pass": "SE/NE-CCW"
        },
        {
            "AzimuthEnd": 160,
            "AzimuthMiddle": 230,
            "AzimuthStart": 298,
            "CPFSource": "16908_cpf_200925_7691.jax",
            "CampaignTrack": false,
            "DateTimeEnd": "20200926.170206",
            "DateTimeMiddle": "20200926.165316",
            "DateTimeStart": "20200926.164436",
            "MaximumElevation": 44,
            "Object_NORAD": "16908",
            "Object_Name": "EGS",
            "Pass": "NO/SE-CCW"
        },
        {
            "AzimuthEnd": 12,
            "AzimuthMiddle": 72,
            "AzimuthStart": 129,
            "CPFSource": "31698_cpf_200925_7691.gfz",
            "CampaignTrack": false,
            "DateTimeEnd": "20200926.172806",
            "DateTimeMiddle": "20200926.172436",
            "DateTimeStart": "20200926.172126",
            "MaximumElevation": 25,
            "Object_NORAD": "31698",
            "Object_Name": "TERRASARX",
            "Pass": "SE/NE-CCW"
        },
        {
            "AzimuthEnd": 12,
            "AzimuthMiddle": 72,
            "AzimuthStart": 129,
            "CPFSource": "36605_cpf_200925_7691.gfz",
            "CampaignTrack": false,
            "DateTimeEnd": "20200926.172806",
            "DateTimeMiddle": "20200926.172436",
            "DateTimeStart": "20200926.172126",
            "MaximumElevation": 25,
            "Object_NORAD": "36605",
            "Object_Name": "TANDEMX",
            "Pass": "SE/NE-CCW"
        },
        {
            "AzimuthEnd": 157,
            "AzimuthMiddle": 90,
            "AzimuthStart": 15,
            "CPFSource": "39452_cpf_200924_7681.esa",
            "CampaignTrack": false,
            "DateTimeEnd": "20200926.174906",
            "DateTimeMiddle": "20200926.174546",
            "DateTimeStart": "20200926.174226",
            "MaximumElevation": 37,
            "Object_NORAD": "39452",
            "Object_Name": "SWARMA",
            "Pass": "NE/SE-CW"
        },
        {
            "AzimuthEnd": 153,
            "AzimuthMiddle": 87,
            "AzimuthStart": 18,
            "CPFSource": "39453_cpf_200924_7681.esa",
            "CampaignTrack": false,
            "DateTimeEnd": "20200926.174846",
            "DateTimeMiddle": "20200926.174536",
            "DateTimeStart": "20200926.174226",
            "MaximumElevation": 33,
            "Object_NORAD": "39453",
            "Object_Name": "SWARMC",
            "Pass": "NE/SE-CW"
        },
        {
            "AzimuthEnd": 31,
            "AzimuthMiddle": 107,
            "AzimuthStart": 182,
            "CPFSource": "38077_cpf_200925_7691.sgf",
            "CampaignTrack": false,
            "DateTimeEnd": "20200926.180116",
            "DateTimeMiddle": "20200926.175226",
            "DateTimeStart": "20200926.174356",
            "MaximumElevation": 56,
            "Object_NORAD": "38077",
            "Object_Name": "LARES",
            "Pass": "SO/NE-CCW"
        },
        {
            "AzimuthEnd": 210,
            "AzimuthMiddle": 290,
            "AzimuthStart": 3,
            "CPFSource": "39086_cpf_200924_7681.cne",
            "CampaignTrack": false,
            "DateTimeEnd": "20200926.191306",
            "DateTimeMiddle": "20200926.190746",
            "DateTimeStart": "20200926.190236",
            "MaximumElevation": 54,
            "Object_NORAD": "39086",
            "Object_Name": "SARAL",
            "Pass": "NE/SO-CW"
        },
        {
            "AzimuthEnd": 142,
            "AzimuthMiddle": 229,
            "AzimuthStart": 309,
            "CPFSource": "22195_cpf_200925_7691.sgf",
            "CampaignTrack": false,
            "DateTimeEnd": "20200926.201526",
            "DateTimeMiddle": "20200926.194026",
            "DateTimeStart": "20200926.190616",
            "MaximumElevation": 87,
            "Object_NORAD": "22195",
            "Object_Name": "LAGEOS2",
            "Pass": "NO/SE-CCW"
        },
        {
            "AzimuthEnd": 9,
            "AzimuthMiddle": 305,
            "AzimuthStart": 243,
            "CPFSource": "38077_cpf_200925_7691.sgf",
            "CampaignTrack": false,
            "DateTimeEnd": "20200926.195846",
            "DateTimeMiddle": "20200926.195036",
            "DateTimeStart": "20200926.194246",
            "MaximumElevation": 32,
            "Object_NORAD": "38077",
            "Object_Name": "LARES",
            "Pass": "SO/NE-CW"
        },
        {
            "AzimuthEnd": 184,
            "AzimuthMiddle": 107,
            "AzimuthStart": 5,
            "CPFSource": "36508_cpf_200925_7691.esa",
            "CampaignTrack": false,
            "DateTimeEnd": "20200926.205836",
            "DateTimeMiddle": "20200926.205326",
            "DateTimeStart": "20200926.204826",
            "MaximumElevation": 85,
            "Object_NORAD": "36508",
            "Object_Name": "CRYOSAT2",
            "Pass": "NE/SO-CW"
        },
        {
            "AzimuthEnd": 72,
            "AzimuthMiddle": 144,
            "AzimuthStart": 218,
            "CPFSource": "1328_cpf_200925_7691.sgf",
            "CampaignTrack": false,
            "DateTimeEnd": "20200926.233236",
            "DateTimeMiddle": "20200926.232416",
            "DateTimeStart": "20200926.231616",
            "MaximumElevation": 50,
            "Object_NORAD": "1328",
            "Object_Name": "EXPLORER27",
            "Pass": "SO/NE-CCW"
        },
        {
            "AzimuthEnd": 70,
            "AzimuthMiddle": 348,
            "AzimuthStart": 255,
            "CPFSource": "1328_cpf_200925_7691.sgf",
            "CampaignTrack": false,
            "DateTimeEnd": "20200927.012646",
            "DateTimeMiddle": "20200927.011816",
            "DateTimeStart": "20200927.010936",
            "MaximumElevation": 78,
            "Object_NORAD": "1328",
            "Object_Name": "EXPLORER27",
            "Pass": "SO/NE-CW"
        },
        {
            "AzimuthEnd": 354,
            "AzimuthMiddle": 72,
            "AzimuthStart": 155,
            "CPFSource": "27944_cpf_200925_7691.sgf",
            "CampaignTrack": false,
            "DateTimeEnd": "20200927.014546",
            "DateTimeMiddle": "20200927.014056",
            "DateTimeStart": "20200927.013616",
            "MaximumElevation": 63,
            "Object_NORAD": "27944",
            "Object_Name": "LARETS",
            "Pass": "SE/NO-CW"
        },
        {
            "AzimuthEnd": 84,
            "AzimuthMiddle": 3,
            "AzimuthStart": 281,
            "CPFSource": "1328_cpf_200925_7691.sgf",
            "CampaignTrack": false,
            "DateTimeEnd": "20200927.032106",
            "DateTimeMiddle": "20200927.031256",
            "DateTimeStart": "20200927.030426",
            "MaximumElevation": 63,
            "Object_NORAD": "1328",
            "Object_Name": "EXPLORER27",
            "Pass": "NO/NE-CW"
        },
        {
            "AzimuthEnd": 149,
            "AzimuthMiddle": 60,
            "AzimuthStart": 339,
            "CPFSource": "38077_cpf_200925_7691.sgf",
            "CampaignTrack": false,
            "DateTimeEnd": "20200927.040756",
            "DateTimeMiddle": "20200927.035856",
            "DateTimeStart": "20200927.035006",
            "MaximumElevation": 72,
            "Object_NORAD": "38077",
            "Object_Name": "LARES",
            "Pass": "NO/SE-CW"
        },
        {
            "AzimuthEnd": 113,
            "AzimuthMiddle": 201,
            "AzimuthStart": 290,
            "CPFSource": "1328_cpf_200925_7691.sgf",
            "CampaignTrack": false,
            "DateTimeEnd": "20200927.051516",
            "DateTimeMiddle": "20200927.050726",
            "DateTimeStart": "20200927.045906",
            "MaximumElevation": 89,
            "Object_NORAD": "1328",
            "Object_Name": "EXPLORER27",
            "Pass": "NO/SE-CCW"
        },
        {
            "AzimuthEnd": 225,
            "AzimuthMiddle": 275,
            "AzimuthStart": 327,
            "CPFSource": "39451_cpf_200924_7681.esa",
            "CampaignTrack": false,
            "DateTimeEnd": "20200927.051826",
            "DateTimeMiddle": "20200927.051526",
            "DateTimeStart": "20200927.051226",
            "MaximumElevation": 20,
            "Object_NORAD": "39451",
            "Object_Name": "SWARMB",
            "Pass": "NO/SO-CCW"
        },
        {
            "AzimuthEnd": 28,
            "AzimuthMiddle": 82,
            "AzimuthStart": 139,
            "CPFSource": "39452_cpf_200924_7681.esa",
            "CampaignTrack": false,
            "DateTimeEnd": "20200927.054716",
            "DateTimeMiddle": "20200927.054426",
            "DateTimeStart": "20200927.054136",
            "MaximumElevation": 23,
            "Object_NORAD": "39452",
            "Object_Name": "SWARMA",
            "Pass": "SE/NE-CCW"
        },
        {
            "AzimuthEnd": 30,
            "AzimuthMiddle": 83,
            "AzimuthStart": 136,
            "CPFSource": "39453_cpf_200924_7681.esa",
            "CampaignTrack": false,
            "DateTimeEnd": "20200927.054706",
            "DateTimeMiddle": "20200927.054416",
            "DateTimeStart": "20200927.054136",
            "MaximumElevation": 21,
            "Object_NORAD": "39453",
            "Object_Name": "SWARMC",
            "Pass": "SE/NE-CCW"
        },
        {
            "AzimuthEnd": 214,
            "AzimuthMiddle": 261,
            "AzimuthStart": 309,
            "CPFSource": "38077_cpf_200925_7691.sgf",
            "CampaignTrack": false,
            "DateTimeEnd": "20200927.060226",
            "DateTimeMiddle": "20200927.055556",
            "DateTimeStart": "20200927.054926",
            "MaximumElevation": 21,
            "Object_NORAD": "38077",
            "Object_Name": "LARES",
            "Pass": "NO/SO-CCW"
        },
        {
            "AzimuthEnd": 335,
            "AzimuthMiddle": 259,
            "AzimuthStart": 186,
            "CPFSource": "39086_cpf_200924_7681.cne",
            "CampaignTrack": false,
            "DateTimeEnd": "20200927.062746",
            "DateTimeMiddle": "20200927.062226",
            "DateTimeStart": "20200927.061726",
            "MaximumElevation": 47,
            "Object_NORAD": "39086",
            "Object_Name": "SARAL",
            "Pass": "SO/NO-CW"
        },
        {
            "AzimuthEnd": 177,
            "AzimuthMiddle": 98,
            "AzimuthStart": 22,
            "CPFSource": "31698_cpf_200925_7691.gfz",
            "CampaignTrack": false,
            "DateTimeEnd": "20200927.063456",
            "DateTimeMiddle": "20200927.063106",
            "DateTimeStart": "20200927.062726",
            "MaximumElevation": 50,
            "Object_NORAD": "31698",
            "Object_Name": "TERRASARX",
            "Pass": "NE/SE-CW"
        },
        {
            "AzimuthEnd": 177,
            "AzimuthMiddle": 98,
            "AzimuthStart": 22,
            "CPFSource": "36605_cpf_200925_7691.gfz",
            "CampaignTrack": false,
            "DateTimeEnd": "20200927.063456",
            "DateTimeMiddle": "20200927.063106",
            "DateTimeStart": "20200927.062726",
            "MaximumElevation": 50,
            "Object_NORAD": "36605",
            "Object_Name": "TANDEMX",
            "Pass": "NE/SE-CW"
        },
        {
            "AzimuthEnd": 156,
            "AzimuthMiddle": 221,
            "AzimuthStart": 282,
            "CPFSource": "1328_cpf_200925_7691.sgf",
            "CampaignTrack": false,
            "DateTimeEnd": "20200927.070726",
            "DateTimeMiddle": "20200927.070046",
            "DateTimeStart": "20200927.065346",
            "MaximumElevation": 34,
            "Object_NORAD": "1328",
            "Object_Name": "EXPLORER27",
            "Pass": "NO/SE-CCW"
        },
        {
            "AzimuthEnd": 56,
            "AzimuthMiddle": 132,
            "AzimuthStart": 211,
            "CPFSource": "16908_cpf_200925_7691.jax",
            "CampaignTrack": false,
            "DateTimeEnd": "20200927.075656",
            "DateTimeMiddle": "20200927.074736",
            "DateTimeStart": "20200927.073826",
            "MaximumElevation": 60,
            "Object_NORAD": "16908",
            "Object_Name": "EGS",
            "Pass": "SO/NE-CCW"
        },
        {
            "AzimuthEnd": 14,
            "AzimuthMiddle": 77,
            "AzimuthStart": 139,
            "CPFSource": "36508_cpf_200925_7691.esa",
            "CampaignTrack": false,
            "DateTimeEnd": "20200927.080336",
            "DateTimeMiddle": "20200927.075856",
            "DateTimeStart": "20200927.075436",
            "MaximumElevation": 31,
            "Object_NORAD": "36508",
            "Object_Name": "CRYOSAT2",
            "Pass": "SE/NE-CCW"
        },
        {
            "AzimuthEnd": 49,
            "AzimuthMiddle": 112,
            "AzimuthStart": 177,
            "CPFSource": "22195_cpf_200925_7691.sgf",
            "CampaignTrack": false,
            "DateTimeEnd": "20200927.095616",
            "DateTimeMiddle": "20200927.092736",
            "DateTimeStart": "20200927.085856",
            "MaximumElevation": 42,
            "Object_NORAD": "22195",
            "Object_Name": "LAGEOS2",
            "Pass": "SE/NE-CCW"
        },
        {
            "AzimuthEnd": 327,
            "AzimuthMiddle": 273,
            "AzimuthStart": 219,
            "CPFSource": "36508_cpf_200925_7691.esa",
            "CampaignTrack": false,
            "DateTimeEnd": "20200927.094156",
            "DateTimeMiddle": "20200927.093746",
            "DateTimeStart": "20200927.093346",
            "MaximumElevation": 23,
            "Object_NORAD": "36508",
            "Object_Name": "CRYOSAT2",
            "Pass": "SO/NO-CW"
        },
        {
            "AzimuthEnd": 50,
            "AzimuthMiddle": 333,
            "AzimuthStart": 258,
            "CPFSource": "16908_cpf_200925_7691.jax",
            "CampaignTrack": false,
            "DateTimeEnd": "20200927.095856",
            "DateTimeMiddle": "20200927.094936",
            "DateTimeStart": "20200927.094036",
            "MaximumElevation": 52,
            "Object_NORAD": "16908",
            "Object_Name": "EGS",
            "Pass": "SO/NE-CW"
        },
        {
            "AzimuthEnd": 63,
            "AzimuthMiddle": 0,
            "AzimuthStart": 294,
            "CPFSource": "16908_cpf_200925_7691.jax",
            "CampaignTrack": false,
            "DateTimeEnd": "20200927.120156",
            "DateTimeMiddle": "20200927.115326",
            "DateTimeStart": "20200927.114456",
            "MaximumElevation": 34,
            "Object_NORAD": "16908",
            "Object_Name": "EGS",
            "Pass": "NO/NE-CW"
        },
        {
            "AzimuthEnd": 58,
            "AzimuthMiddle": 330,
            "AzimuthStart": 243,
            "CPFSource": "22195_cpf_200925_7691.sgf",
            "CampaignTrack": false,
            "DateTimeEnd": "20200927.140336",
            "DateTimeMiddle": "20200927.132846",
            "DateTimeStart": "20200927.125556",
            "MaximumElevation": 69,
            "Object_NORAD": "22195",
            "Object_Name": "LAGEOS2",
            "Pass": "SO/NE-CW"
        },
        {
            "AzimuthEnd": 99,
            "AzimuthMiddle": 23,
            "AzimuthStart": 309,
            "CPFSource": "16908_cpf_200925_7691.jax",
            "CampaignTrack": false,
            "DateTimeEnd": "20200927.140616",
            "DateTimeMiddle": "20200927.135706",
            "DateTimeStart": "20200927.134806",
            "MaximumElevation": 49,
            "Object_NORAD": "16908",
            "Object_Name": "EGS",
            "Pass": "NO/SE-CW"
        },
        {
            "AzimuthEnd": 219,
            "AzimuthMiddle": 285,
            "AzimuthStart": 356,
            "CPFSource": "27944_cpf_200925_7691.sgf",
            "CampaignTrack": false,
            "DateTimeEnd": "20200927.152136",
            "DateTimeMiddle": "20200927.151706",
            "DateTimeStart": "20200927.151236",
            "MaximumElevation": 37,
            "Object_NORAD": "27944",
            "Object_Name": "LARETS",
            "Pass": "NO/SO-CCW"
        },
        {
            "AzimuthEnd": 144,
            "AzimuthMiddle": 222,
            "AzimuthStart": 304,
            "CPFSource": "16908_cpf_200925_7691.jax",
            "CampaignTrack": false,
            "DateTimeEnd": "20200927.160846",
            "DateTimeMiddle": "20200927.155926",
            "DateTimeStart": "20200927.155006",
            "MaximumElevation": 65,
            "Object_NORAD": "16908",
            "Object_Name": "EGS",
            "Pass": "NO/SE-CCW"
        },
        {
            "AzimuthEnd": 46,
            "AzimuthMiddle": 99,
            "AzimuthStart": 151,
            "CPFSource": "38077_cpf_200925_7691.sgf",
            "CampaignTrack": false,
            "DateTimeEnd": "20200927.165606",
            "DateTimeMiddle": "20200927.164856",
            "DateTimeStart": "20200927.164156",
            "MaximumElevation": 25,
            "Object_NORAD": "38077",
            "Object_Name": "LARES",
            "Pass": "SE/NE-CCW"
        },
        {
            "AzimuthEnd": 113,
            "AzimuthMiddle": 27,
            "AzimuthStart": 299,
            "CPFSource": "22195_cpf_200925_7691.sgf",
            "CampaignTrack": false,
            "DateTimeEnd": "20200927.181856",
            "DateTimeMiddle": "20200927.174346",
            "DateTimeStart": "20200927.170936",
            "MaximumElevation": 67,
            "Object_NORAD": "22195",
            "Object_Name": "LAGEOS2",
            "Pass": "NO/SE-CW"
        },
        {
            "AzimuthEnd": 331,
            "AzimuthMiddle": 278,
            "AzimuthStart": 223,
            "CPFSource": "39451_cpf_200924_7681.esa",
            "CampaignTrack": false,
            "DateTimeEnd": "20200927.172816",
            "DateTimeMiddle": "20200927.172506",
            "DateTimeStart": "20200927.172156",
            "MaximumElevation": 21,
            "Object_NORAD": "39451",
            "Object_Name": "SWARMB",
            "Pass": "SO/NO-CW"
        },
        {
            "AzimuthEnd": 188,
            "AzimuthMiddle": 108,
            "AzimuthStart": 16,
            "CPFSource": "39086_cpf_200924_7681.cne",
            "CampaignTrack": false,
            "DateTimeEnd": "20200927.184216",
            "DateTimeMiddle": "20200927.183656",
            "DateTimeStart": "20200927.183136",
            "MaximumElevation": 75,
            "Object_NORAD": "39086",
            "Object_Name": "SARAL",
            "Pass": "NE/SO-CW"
        },
        {
            "AzimuthEnd": 212,
            "AzimuthMiddle": 275,
            "AzimuthStart": 335,
            "CPFSource": "39453_cpf_200924_7681.esa",
            "CampaignTrack": false,
            "DateTimeEnd": "20200927.184116",
            "DateTimeMiddle": "20200927.183806",
            "DateTimeStart": "20200927.183506",
            "MaximumElevation": 26,
            "Object_NORAD": "39453",
            "Object_Name": "SWARMC",
            "Pass": "NO/SO-CCW"
        },
        {
            "AzimuthEnd": 216,
            "AzimuthMiddle": 273,
            "AzimuthStart": 331,
            "CPFSource": "39452_cpf_200924_7681.esa",
            "CampaignTrack": false,
            "DateTimeEnd": "20200927.184116",
            "DateTimeMiddle": "20200927.183816",
            "DateTimeStart": "20200927.183526",
            "MaximumElevation": 24,
            "Object_NORAD": "39452",
            "Object_Name": "SWARMA",
            "Pass": "NO/SO-CCW"
        },
        {
            "AzimuthEnd": 18,
            "AzimuthMiddle": 299,
            "AzimuthStart": 215,
            "CPFSource": "38077_cpf_200925_7691.sgf",
            "CampaignTrack": false,
            "DateTimeEnd": "20200927.185506",
            "DateTimeMiddle": "20200927.184606",
            "DateTimeStart": "20200927.183716",
            "MaximumElevation": 64,
            "Object_NORAD": "38077",
            "Object_Name": "LARES",
            "Pass": "SO/NE-CW"
        },
        {
            "AzimuthEnd": 325,
            "AzimuthMiddle": 265,
            "AzimuthStart": 203,
            "CPFSource": "31698_cpf_200925_7691.gfz",
            "CampaignTrack": false,
            "DateTimeEnd": "20200927.184456",
            "DateTimeMiddle": "20200927.184126",
            "DateTimeStart": "20200927.183806",
            "MaximumElevation": 26,
            "Object_NORAD": "31698",
            "Object_Name": "TERRASARX",
            "Pass": "SO/NO-CW"
        },
        {
            "AzimuthEnd": 325,
            "AzimuthMiddle": 265,
            "AzimuthStart": 203,
            "CPFSource": "36605_cpf_200925_7691.gfz",
            "CampaignTrack": false,
            "DateTimeEnd": "20200927.184456",
            "DateTimeMiddle": "20200927.184126",
            "DateTimeStart": "20200927.183806",
            "MaximumElevation": 26,
            "Object_NORAD": "36605",
            "Object_Name": "TANDEMX",
            "Pass": "SO/NO-CW"
        },
        {
            "AzimuthEnd": 147,
            "AzimuthMiddle": 88,
            "AzimuthStart": 29,
            "CPFSource": "36508_cpf_200925_7691.esa",
            "CampaignTrack": false,
            "DateTimeEnd": "20200927.200716",
            "DateTimeMiddle": "20200927.200256",
            "DateTimeStart": "20200927.195836",
            "MaximumElevation": 26,
            "Object_NORAD": "36508",
            "Object_Name": "CRYOSAT2",
            "Pass": "NE/SE-CW"
        },
        {
            "AzimuthEnd": 177,
            "AzimuthMiddle": 246,
            "AzimuthStart": 310,
            "CPFSource": "22195_cpf_200925_7691.sgf",
            "CampaignTrack": false,
            "DateTimeEnd": "20200927.221826",
            "DateTimeMiddle": "20200927.214636",
            "DateTimeStart": "20200927.211606",
            "MaximumElevation": 47,
            "Object_NORAD": "22195",
            "Object_Name": "LAGEOS2",
            "Pass": "NO/SE-CCW"
        },
        {
            "AzimuthEnd": 224,
            "AzimuthMiddle": 283,
            "AzimuthStart": 340,
            "CPFSource": "36508_cpf_200925_7691.esa",
            "CampaignTrack": false,
            "DateTimeEnd": "20200927.214556",
            "DateTimeMiddle": "20200927.214136",
            "DateTimeStart": "20200927.213726",
            "MaximumElevation": 27,
            "Object_NORAD": "36508",
            "Object_Name": "CRYOSAT2",
            "Pass": "NO/SO-CCW"
        },
        {
            "AzimuthEnd": 74,
            "AzimuthMiddle": 140,
            "AzimuthStart": 208,
            "CPFSource": "1328_cpf_200925_7691.sgf",
            "CampaignTrack": false,
            "DateTimeEnd": "20200927.224756",
            "DateTimeMiddle": "20200927.223956",
            "DateTimeStart": "20200927.223216",
            "MaximumElevation": 40,
            "Object_NORAD": "1328",
            "Object_Name": "EXPLORER27",
            "Pass": "SO/NE-CCW"
        },
        {
            "AzimuthEnd": 69,
            "AzimuthMiddle": 337,
            "AzimuthStart": 248,
            "CPFSource": "1328_cpf_200925_7691.sgf",
            "CampaignTrack": false,
            "DateTimeEnd": "20200928.004216",
            "DateTimeMiddle": "20200928.003336",
            "DateTimeStart": "20200928.002506",
            "MaximumElevation": 86,
            "Object_NORAD": "1328",
            "Object_Name": "EXPLORER27",
            "Pass": "SO/NE-CW"
        },
        {
            "AzimuthEnd": 336,
            "AzimuthMiddle": 261,
            "AzimuthStart": 183,
            "CPFSource": "27944_cpf_200925_7691.sgf",
            "CampaignTrack": false,
            "DateTimeEnd": "20200928.022216",
            "DateTimeMiddle": "20200928.021736",
            "DateTimeStart": "20200928.021256",
            "MaximumElevation": 49,
            "Object_NORAD": "27944",
            "Object_Name": "LARETS",
            "Pass": "SO/NO-CW"
        },
        {
            "AzimuthEnd": 79,
            "AzimuthMiddle": 358,
            "AzimuthStart": 277,
            "CPFSource": "1328_cpf_200925_7691.sgf",
            "CampaignTrack": false,
            "DateTimeEnd": "20200928.023636",
            "DateTimeMiddle": "20200928.022816",
            "DateTimeStart": "20200928.021946",
            "MaximumElevation": 62,
            "Object_NORAD": "1328",
            "Object_Name": "EXPLORER27",
            "Pass": "NO/NE-CW"
        },
        {
            "AzimuthEnd": 122,
            "AzimuthMiddle": 54,
            "AzimuthStart": 349,
            "CPFSource": "38077_cpf_200925_7691.sgf",
            "CampaignTrack": false,
            "DateTimeEnd": "20200928.030246",
            "DateTimeMiddle": "20200928.025426",
            "DateTimeStart": "20200928.024626",
            "MaximumElevation": 36,
            "Object_NORAD": "38077",
            "Object_Name": "LARES",
            "Pass": "NO/SE-CW"
        },
        {
            "AzimuthEnd": 106,
            "AzimuthMiddle": 20,
            "AzimuthStart": 290,
            "CPFSource": "1328_cpf_200925_7691.sgf",
            "CampaignTrack": false,
            "DateTimeEnd": "20200928.043056",
            "DateTimeMiddle": "20200928.042256",
            "DateTimeStart": "20200928.041426",
            "MaximumElevation": 80,
            "Object_NORAD": "1328",
            "Object_Name": "EXPLORER27",
            "Pass": "NO/SE-CW"
        },
        {
            "AzimuthEnd": 182,
            "AzimuthMiddle": 255,
            "AzimuthStart": 325,
            "CPFSource": "38077_cpf_200925_7691.sgf",
            "CampaignTrack": false,
            "DateTimeEnd": "20200928.050056",
            "DateTimeMiddle": "20200928.045226",
            "DateTimeStart": "20200928.044406",
            "MaximumElevation": 49,
            "Object_NORAD": "38077",
            "Object_Name": "LARES",
            "Pass": "NO/SO-CCW"
        },
        {
            "AzimuthEnd": 209,
            "AzimuthMiddle": 276,
            "AzimuthStart": 338,
            "CPFSource": "39451_cpf_200924_7681.esa",
            "CampaignTrack": false,
            "DateTimeEnd": "20200928.045926",
            "DateTimeMiddle": "20200928.045546",
            "DateTimeStart": "20200928.045226",
            "MaximumElevation": 31,
            "Object_NORAD": "39451",
            "Object_Name": "SWARMB",
            "Pass": "NO/SO-CCW"
        },
        {
            "AzimuthEnd": 146,
            "AzimuthMiddle": 217,
            "AzimuthStart": 285,
            "CPFSource": "1328_cpf_200925_7691.sgf",
            "CampaignTrack": false,
            "DateTimeEnd": "20200928.062346",
            "DateTimeMiddle": "20200928.061636",
            "DateTimeStart": "20200928.060856",
            "MaximumElevation": 44,
            "Object_NORAD": "1328",
            "Object_Name": "EXPLORER27",
            "Pass": "NO/SE-CCW"
        },
        {
            "AzimuthEnd": 161,
            "AzimuthMiddle": 94,
            "AzimuthStart": 34,
            "CPFSource": "31698_cpf_200925_7691.gfz",
            "CampaignTrack": false,
            "DateTimeEnd": "20200928.061736",
            "DateTimeMiddle": "20200928.061356",
            "DateTimeStart": "20200928.061036",
            "MaximumElevation": 29,
            "Object_NORAD": "31698",
            "Object_Name": "TERRASARX",
            "Pass": "NE/SE-CW"
        },
        {
            "AzimuthEnd": 161,
            "AzimuthMiddle": 94,
            "AzimuthStart": 34,
            "CPFSource": "36605_cpf_200925_7691.gfz",
            "CampaignTrack": false,
            "DateTimeEnd": "20200928.061736",
            "DateTimeMiddle": "20200928.061356",
            "DateTimeStart": "20200928.061036",
            "MaximumElevation": 29,
            "Object_NORAD": "36605",
            "Object_Name": "TANDEMX",
            "Pass": "NE/SE-CW"
        },
        {
            "AzimuthEnd": 348,
            "AzimuthMiddle": 274,
            "AzimuthStart": 198,
            "CPFSource": "39453_cpf_200924_7681.esa",
            "CampaignTrack": false,
            "DateTimeEnd": "20200928.064016",
            "DateTimeMiddle": "20200928.063646",
            "DateTimeStart": "20200928.063326",
            "MaximumElevation": 44,
            "Object_NORAD": "39453",
            "Object_Name": "SWARMC",
            "Pass": "SO/NO-CW"
        },
        {
            "AzimuthEnd": 346,
            "AzimuthMiddle": 276,
            "AzimuthStart": 201,
            "CPFSource": "39452_cpf_200924_7681.esa",
            "CampaignTrack": false,
            "DateTimeEnd": "20200928.064016",
            "DateTimeMiddle": "20200928.063656",
            "DateTimeStart": "20200928.063336",
            "MaximumElevation": 39,
            "Object_NORAD": "39452",
            "Object_Name": "SWARMA",
            "Pass": "SO/NO-CW"
        },
        {
            "AzimuthEnd": 62,
            "AzimuthMiddle": 129,
            "AzimuthStart": 195,
            "CPFSource": "16908_cpf_200925_7691.jax",
            "CampaignTrack": false,
            "DateTimeEnd": "20200928.070216",
            "DateTimeMiddle": "20200928.065336",
            "DateTimeStart": "20200928.064506",
            "MaximumElevation": 40,
            "Object_NORAD": "16908",
            "Object_Name": "EGS",
            "Pass": "SO/NE-CCW"
        },
        {
            "AzimuthEnd": 351,
            "AzimuthMiddle": 274,
            "AzimuthStart": 179,
            "CPFSource": "36508_cpf_200925_7691.esa",
            "CampaignTrack": false,
            "DateTimeEnd": "20200928.085226",
            "DateTimeMiddle": "20200928.084716",
            "DateTimeStart": "20200928.084216",
            "MaximumElevation": 74,
            "Object_NORAD": "36508",
            "Object_Name": "CRYOSAT2",
            "Pass": "SE/NO-CW"
        },
        {
            "AzimuthEnd": 50,
            "AzimuthMiddle": 325,
            "AzimuthStart": 244,
            "CPFSource": "16908_cpf_200925_7691.jax",
            "CampaignTrack": false,
            "DateTimeEnd": "20200928.090436",
            "DateTimeMiddle": "20200928.085506",
            "DateTimeStart": "20200928.084556",
            "MaximumElevation": 67,
            "Object_NORAD": "16908",
            "Object_Name": "EGS",
            "Pass": "SO/NE-CW"
        },
        {
            "AzimuthEnd": 56,
            "AzimuthMiddle": 350,
            "AzimuthStart": 285,
            "CPFSource": "16908_cpf_200925_7691.jax",
            "CampaignTrack": false,
            "DateTimeEnd": "20200928.110706",
            "DateTimeMiddle": "20200928.105826",
            "DateTimeStart": "20200928.104956",
            "MaximumElevation": 36,
            "Object_NORAD": "16908",
            "Object_Name": "EGS",
            "Pass": "NO/NE-CW"
        },
        {
            "AzimuthEnd": 49,
            "AzimuthMiddle": 129,
            "AzimuthStart": 214,
            "CPFSource": "22195_cpf_200925_7691.sgf",
            "CampaignTrack": false,
            "DateTimeEnd": "20200928.120636",
            "DateTimeMiddle": "20200928.113256",
            "DateTimeStart": "20200928.110036",
            "MaximumElevation": 83,
            "Object_NORAD": "22195",
            "Object_Name": "LAGEOS2",
            "Pass": "SO/NE-CCW"
        },
        {
            "AzimuthEnd": 86,
            "AzimuthMiddle": 16,
            "AzimuthStart": 307,
            "CPFSource": "16908_cpf_200925_7691.jax",
            "CampaignTrack": false,
            "DateTimeEnd": "20200928.131116",
            "DateTimeMiddle": "20200928.130226",
            "DateTimeStart": "20200928.125346",
            "MaximumElevation": 40,
            "Object_NORAD": "16908",
            "Object_Name": "EGS",
            "Pass": "NO/NE-CW"
        },
        {
            "AzimuthEnd": 173,
            "AzimuthMiddle": 99,
            "AzimuthStart": 25,
            "CPFSource": "27944_cpf_200925_7691.sgf",
            "CampaignTrack": false,
            "DateTimeEnd": "20200928.142106",
            "DateTimeMiddle": "20200928.141626",
            "DateTimeStart": "20200928.141156",
            "MaximumElevation": 44,
            "Object_NORAD": "27944",
            "Object_Name": "LARETS",
            "Pass": "NE/SE-CW"
        },
        {
            "AzimuthEnd": 130,
            "AzimuthMiddle": 64,
            "AzimuthStart": 307,
            "CPFSource": "16908_cpf_200925_7691.jax",
            "CampaignTrack": false,
            "DateTimeEnd": "20200928.151446",
            "DateTimeMiddle": "20200928.150516",
            "DateTimeStart": "20200928.145546",
            "MaximumElevation": 88,
            "Object_NORAD": "16908",
            "Object_Name": "EGS",
            "Pass": "NO/SE-CW"
        },
        {
            "AzimuthEnd": 85,
            "AzimuthMiddle": 1,
            "AzimuthStart": 278,
            "CPFSource": "22195_cpf_200925_7691.sgf",
            "CampaignTrack": false,
            "DateTimeEnd": "20200928.161836",
            "DateTimeMiddle": "20200928.154336",
            "DateTimeStart": "20200928.151016",
            "MaximumElevation": 57,
            "Object_NORAD": "22195",
            "Object_Name": "LAGEOS2",
            "Pass": "NO/NE-CW"
        },
        {
            "AzimuthEnd": 182,
            "AzimuthMiddle": 235,
            "AzimuthStart": 288,
            "CPFSource": "16908_cpf_200925_7691.jax",
            "CampaignTrack": false,
            "DateTimeEnd": "20200928.171346",
            "DateTimeMiddle": "20200928.170616",
            "DateTimeStart": "20200928.165846",
            "MaximumElevation": 26,
            "Object_NORAD": "16908",
            "Object_Name": "EGS",
            "Pass": "NO/SO-CCW"
        },
        {
            "AzimuthEnd": 341,
            "AzimuthMiddle": 272,
            "AzimuthStart": 207,
            "CPFSource": "39451_cpf_200924_7681.esa",
            "CampaignTrack": false,
            "DateTimeEnd": "20200928.170856",
            "DateTimeMiddle": "20200928.170516",
            "DateTimeStart": "20200928.170146",
            "MaximumElevation": 32,
            "Object_NORAD": "39451",
            "Object_Name": "SWARMB",
            "Pass": "SO/NO-CW"
        },
        {
            "AzimuthEnd": 29,
            "AzimuthMiddle": 109,
            "AzimuthStart": 188,
            "CPFSource": "38077_cpf_200925_7691.sgf",
            "CampaignTrack": false,
            "DateTimeEnd": "20200928.175056",
            "DateTimeMiddle": "20200928.174156",
            "DateTimeStart": "20200928.173316",
            "MaximumElevation": 65,
            "Object_NORAD": "38077",
            "Object_Name": "LARES",
            "Pass": "SO/NE-CCW"
        },
        {
            "AzimuthEnd": 177,
            "AzimuthMiddle": 76,
            "AzimuthStart": 1,
            "CPFSource": "39453_cpf_200924_7681.esa",
            "CampaignTrack": false,
            "DateTimeEnd": "20200928.180106",
            "DateTimeMiddle": "20200928.175726",
            "DateTimeStart": "20200928.175406",
            "MaximumElevation": 80,
            "Object_NORAD": "39453",
            "Object_Name": "SWARMC",
            "Pass": "NE/SE-CW"
        },
        {
            "AzimuthEnd": 180,
            "AzimuthMiddle": 173,
            "AzimuthStart": 359,
            "CPFSource": "39452_cpf_200924_7681.esa",
            "CampaignTrack": false,
            "DateTimeEnd": "20200928.180106",
            "DateTimeMiddle": "20200928.175736",
            "DateTimeStart": "20200928.175416",
            "MaximumElevation": 89,
            "Object_NORAD": "39452",
            "Object_Name": "SWARMA",
            "Pass": "NO/S-CW"
        },
        {
            "AzimuthEnd": 336,
            "AzimuthMiddle": 261,
            "AzimuthStart": 185,
            "CPFSource": "31698_cpf_200925_7691.gfz",
            "CampaignTrack": false,
            "DateTimeEnd": "20200928.182806",
            "DateTimeMiddle": "20200928.182416",
            "DateTimeStart": "20200928.182036",
            "MaximumElevation": 45,
            "Object_NORAD": "31698",
            "Object_Name": "TERRASARX",
            "Pass": "SO/NO-CW"
        },
        {
            "AzimuthEnd": 336,
            "AzimuthMiddle": 261,
            "AzimuthStart": 185,
            "CPFSource": "36605_cpf_200925_7691.gfz",
            "CampaignTrack": false,
            "DateTimeEnd": "20200928.182806",
            "DateTimeMiddle": "20200928.182416",
            "DateTimeStart": "20200928.182036",
            "MaximumElevation": 45,
            "Object_NORAD": "36605",
            "Object_Name": "TANDEMX",
            "Pass": "SO/NO-CW"
        },
        {
            "AzimuthEnd": 149,
            "AzimuthMiddle": 232,
            "AzimuthStart": 311,
            "CPFSource": "22195_cpf_200925_7691.sgf",
            "CampaignTrack": false,
            "DateTimeEnd": "20200928.202856",
            "DateTimeMiddle": "20200928.195406",
            "DateTimeStart": "20200928.192016",
            "MaximumElevation": 79,
            "Object_NORAD": "22195",
            "Object_Name": "LAGEOS2",
            "Pass": "NO/SE-CCW"
        },
        {
            "AzimuthEnd": 7,
            "AzimuthMiddle": 308,
            "AzimuthStart": 250,
            "CPFSource": "38077_cpf_200925_7691.sgf",
            "CampaignTrack": false,
            "DateTimeEnd": "20200928.194806",
            "DateTimeMiddle": "20200928.194026",
            "DateTimeStart": "20200928.193256",
            "MaximumElevation": 28,
            "Object_NORAD": "38077",
            "Object_Name": "LARES",
            "Pass": "SO/NE-CW"
        },
        {
            "AzimuthEnd": 187,
            "AzimuthMiddle": 302,
            "AzimuthStart": 3,
            "CPFSource": "36508_cpf_200925_7691.esa",
            "CampaignTrack": false,
            "DateTimeEnd": "20200928.205636",
            "DateTimeMiddle": "20200928.205126",
            "DateTimeStart": "20200928.204626",
            "MaximumElevation": 85,
            "Object_NORAD": "36508",
            "Object_Name": "CRYOSAT2",
            "Pass": "NE/SO-CW"
        },
        {
            "AzimuthEnd": 78,
            "AzimuthMiddle": 138,
            "AzimuthStart": 198,
            "CPFSource": "1328_cpf_200925_7691.sgf",
            "CampaignTrack": false,
            "DateTimeEnd": "20200928.220306",
            "DateTimeMiddle": "20200928.215536",
            "DateTimeStart": "20200928.214836",
            "MaximumElevation": 31,
            "Object_NORAD": "1328",
            "Object_Name": "EXPLORER27",
            "Pass": "SO/NE-CCW"
        },
        {
            "AzimuthEnd": 69,
            "AzimuthMiddle": 148,
            "AzimuthStart": 241,
            "CPFSource": "1328_cpf_200925_7691.sgf",
            "CampaignTrack": false,
            "DateTimeEnd": "20200928.235746",
            "DateTimeMiddle": "20200928.234906",
            "DateTimeStart": "20200928.234036",
            "MaximumElevation": 82,
            "Object_NORAD": "1328",
            "Object_Name": "EXPLORER27",
            "Pass": "SO/NE-CCW"
        },
        {
            "AzimuthEnd": 5,
            "AzimuthMiddle": 68,
            "AzimuthStart": 135,
            "CPFSource": "27944_cpf_200925_7691.sgf",
            "CampaignTrack": false,
            "DateTimeEnd": "20200929.012126",
            "DateTimeMiddle": "20200929.011706",
            "DateTimeStart": "20200929.011246",
            "MaximumElevation": 34,
            "Object_NORAD": "27944",
            "Object_Name": "LARETS",
            "Pass": "SE/NE-CCW"
        },
        {
            "AzimuthEnd": 76,
            "AzimuthMiddle": 355,
            "AzimuthStart": 272,
            "CPFSource": "1328_cpf_200925_7691.sgf",
            "CampaignTrack": false,
            "DateTimeEnd": "20200929.015206",
            "DateTimeMiddle": "20200929.014336",
            "DateTimeStart": "20200929.013506",
            "MaximumElevation": 64,
            "Object_NORAD": "1328",
            "Object_Name": "EXPLORER27",
            "Pass": "NO/NE-CW"
        },
        {
            "AzimuthEnd": 99,
            "AzimuthMiddle": 9,
            "AzimuthStart": 289,
            "CPFSource": "1328_cpf_200925_7691.sgf",
            "CampaignTrack": false,
            "DateTimeEnd": "20200929.034626",
            "DateTimeMiddle": "20200929.033816",
            "DateTimeStart": "20200929.032946",
            "MaximumElevation": 73,
            "Object_NORAD": "1328",
            "Object_Name": "EXPLORER27",
            "Pass": "NO/SE-CW"
        },
        {
            "AzimuthEnd": 155,
            "AzimuthMiddle": 67,
            "AzimuthStart": 337,
            "CPFSource": "38077_cpf_200925_7691.sgf",
            "CampaignTrack": false,
            "DateTimeEnd": "20200929.035736",
            "DateTimeMiddle": "20200929.034836",
            "DateTimeStart": "20200929.033936",
            "MaximumElevation": 83,
            "Object_NORAD": "38077",
            "Object_Name": "LARES",
            "Pass": "NO/SE-CW"
        },
        {
            "AzimuthEnd": 136,
            "AzimuthMiddle": 214,
            "AzimuthStart": 288,
            "CPFSource": "1328_cpf_200925_7691.sgf",
            "CampaignTrack": false,
            "DateTimeEnd": "20200929.053956",
            "DateTimeMiddle": "20200929.053216",
            "DateTimeStart": "20200929.052416",
            "MaximumElevation": 55,
            "Object_NORAD": "1328",
            "Object_Name": "EXPLORER27",
            "Pass": "NO/SE-CCW"
        },
        {
            "AzimuthEnd": 232,
            "AzimuthMiddle": 286,
            "AzimuthStart": 343,
            "CPFSource": "31698_cpf_200925_7691.gfz",
            "CampaignTrack": false,
            "DateTimeEnd": "20200929.073356",
            "DateTimeMiddle": "20200929.073046",
            "DateTimeStart": "20200929.072736",
            "MaximumElevation": 23,
            "Object_NORAD": "31698",
            "Object_Name": "TERRASARX",
            "Pass": "NO/SO-CCW"
        },
        {
            "AzimuthEnd": 232,
            "AzimuthMiddle": 286,
            "AzimuthStart": 343,
            "CPFSource": "36605_cpf_200925_7691.gfz",
            "CampaignTrack": false,
            "DateTimeEnd": "20200929.073356",
            "DateTimeMiddle": "20200929.073046",
            "DateTimeStart": "20200929.072736",
            "MaximumElevation": 23,
            "Object_NORAD": "36605",
            "Object_Name": "TANDEMX",
            "Pass": "NO/SO-CCW"
        },
        {
            "AzimuthEnd": 12,
            "AzimuthMiddle": 79,
            "AzimuthStart": 143,
            "CPFSource": "36508_cpf_200925_7691.esa",
            "CampaignTrack": false,
            "DateTimeEnd": "20200929.080146",
            "DateTimeMiddle": "20200929.075656",
            "DateTimeStart": "20200929.075226",
            "MaximumElevation": 34,
            "Object_NORAD": "36508",
            "Object_Name": "CRYOSAT2",
            "Pass": "SE/NE-CCW"
        },
        {
            "AzimuthEnd": 48,
            "AzimuthMiddle": 115,
            "AzimuthStart": 185,
            "CPFSource": "22195_cpf_200925_7691.sgf",
            "CampaignTrack": false,
            "DateTimeEnd": "20200929.101036",
            "DateTimeMiddle": "20200929.094026",
            "DateTimeStart": "20200929.091036",
            "MaximumElevation": 50,
            "Object_NORAD": "22195",
            "Object_Name": "LAGEOS2",
            "Pass": "SO/NE-CCW"
        },
        {
            "AzimuthEnd": 325,
            "AzimuthMiddle": 272,
            "AzimuthStart": 222,
            "CPFSource": "36508_cpf_200925_7691.esa",
            "CampaignTrack": false,
            "DateTimeEnd": "20200929.093956",
            "DateTimeMiddle": "20200929.093546",
            "DateTimeStart": "20200929.093156",
            "MaximumElevation": 21,
            "Object_NORAD": "36508",
            "Object_Name": "CRYOSAT2",
            "Pass": "SO/NO-CW"
        },
        {
            "AzimuthEnd": 62,
            "AzimuthMiddle": 335,
            "AzimuthStart": 250,
            "CPFSource": "22195_cpf_200925_7691.sgf",
            "CampaignTrack": false,
            "DateTimeEnd": "20200929.141816",
            "DateTimeMiddle": "20200929.134326",
            "DateTimeStart": "20200929.131036",
            "MaximumElevation": 64,
            "Object_NORAD": "22195",
            "Object_Name": "LAGEOS2",
            "Pass": "SO/NE-CW"
        },
        {
            "AzimuthEnd": 201,
            "AzimuthMiddle": 286,
            "AzimuthStart": 7,
            "CPFSource": "27944_cpf_200925_7691.sgf",
            "CampaignTrack": false,
            "DateTimeEnd": "20200929.145756",
            "DateTimeMiddle": "20200929.145306",
            "DateTimeStart": "20200929.144826",
            "MaximumElevation": 70,
            "Object_NORAD": "27944",
            "Object_Name": "LARETS",
            "Pass": "NE/SO-CW"
        },
        {
            "AzimuthEnd": 42,
            "AzimuthMiddle": 101,
            "AzimuthStart": 158,
            "CPFSource": "38077_cpf_200925_7691.sgf",
            "CampaignTrack": false,
            "DateTimeEnd": "20200929.164556",
            "DateTimeMiddle": "20200929.163816",
            "DateTimeStart": "20200929.163056",
            "MaximumElevation": 30,
            "Object_NORAD": "38077",
            "Object_Name": "LARES",
            "Pass": "SE/NE-CCW"
        },
        {
            "AzimuthEnd": 120,
            "AzimuthMiddle": 33,
            "AzimuthStart": 303,
            "CPFSource": "22195_cpf_200925_7691.sgf",
            "CampaignTrack": false,
            "DateTimeEnd": "20200929.183336",
            "DateTimeMiddle": "20200929.175826",
            "DateTimeStart": "20200929.172406",
            "MaximumElevation": 72,
            "Object_NORAD": "22195",
            "Object_Name": "LAGEOS2",
            "Pass": "NO/SE-CW"
        },
        {
            "AzimuthEnd": 346,
            "AzimuthMiddle": 236,
            "AzimuthStart": 170,
            "CPFSource": "31698_cpf_200925_7691.gfz",
            "CampaignTrack": false,
            "DateTimeEnd": "20200929.181106",
            "DateTimeMiddle": "20200929.180706",
            "DateTimeStart": "20200929.180326",
            "MaximumElevation": 81,
            "Object_NORAD": "31698",
            "Object_Name": "TERRASARX",
            "Pass": "SE/NO-CW"
        },
        {
            "AzimuthEnd": 346,
            "AzimuthMiddle": 235,
            "AzimuthStart": 170,
            "CPFSource": "36605_cpf_200925_7691.gfz",
            "CampaignTrack": false,
            "DateTimeEnd": "20200929.181106",
            "DateTimeMiddle": "20200929.180706",
            "DateTimeStart": "20200929.180326",
            "MaximumElevation": 81,
            "Object_NORAD": "36605",
            "Object_Name": "TANDEMX",
            "Pass": "SE/NO-CW"
        },
        {
            "AzimuthEnd": 17,
            "AzimuthMiddle": 297,
            "AzimuthStart": 220,
            "CPFSource": "38077_cpf_200925_7691.sgf",
            "CampaignTrack": false,
            "DateTimeEnd": "20200929.184436",
            "DateTimeMiddle": "20200929.183536",
            "DateTimeStart": "20200929.182656",
            "MaximumElevation": 56,
            "Object_NORAD": "38077",
            "Object_Name": "LARES",
            "Pass": "SO/NE-CW"
        },
        {
            "AzimuthEnd": 151,
            "AzimuthMiddle": 90,
            "AzimuthStart": 27,
            "CPFSource": "36508_cpf_200925_7691.esa",
            "CampaignTrack": false,
            "DateTimeEnd": "20200929.200536",
            "DateTimeMiddle": "20200929.200106",
            "DateTimeStart": "20200929.195636",
            "MaximumElevation": 29,
            "Object_NORAD": "36508",
            "Object_Name": "CRYOSAT2",
            "Pass": "NE/SE-CW"
        },
        {
            "AzimuthEnd": 83,
            "AzimuthMiddle": 136,
            "AzimuthStart": 186,
            "CPFSource": "1328_cpf_200925_7691.sgf",
            "CampaignTrack": false,
            "DateTimeEnd": "20200929.211806",
            "DateTimeMiddle": "20200929.211116",
            "DateTimeStart": "20200929.210506",
            "MaximumElevation": 24,
            "Object_NORAD": "1328",
            "Object_Name": "EXPLORER27",
            "Pass": "SO/NE-CCW"
        },
        {
            "AzimuthEnd": 185,
            "AzimuthMiddle": 249,
            "AzimuthStart": 309,
            "CPFSource": "22195_cpf_200925_7691.sgf",
            "CampaignTrack": false,
            "DateTimeEnd": "20200929.222946",
            "DateTimeMiddle": "20200929.215926",
            "DateTimeStart": "20200929.213036",
            "MaximumElevation": 40,
            "Object_NORAD": "22195",
            "Object_Name": "LAGEOS2",
            "Pass": "NO/SO-CCW"
        },
        {
            "AzimuthEnd": 227,
            "AzimuthMiddle": 285,
            "AzimuthStart": 338,
            "CPFSource": "36508_cpf_200925_7691.esa",
            "CampaignTrack": false,
            "DateTimeEnd": "20200929.214356",
            "DateTimeMiddle": "20200929.213936",
            "DateTimeStart": "20200929.213536",
            "MaximumElevation": 24,
            "Object_NORAD": "36508",
            "Object_Name": "CRYOSAT2",
            "Pass": "NO/SO-CCW"
        },
        {
            "AzimuthEnd": 69,
            "AzimuthMiddle": 148,
            "AzimuthStart": 233,
            "CPFSource": "1328_cpf_200925_7691.sgf",
            "CampaignTrack": false,
            "DateTimeEnd": "20200929.231316",
            "DateTimeMiddle": "20200929.230436",
            "DateTimeStart": "20200929.225616",
            "MaximumElevation": 70,
            "Object_NORAD": "1328",
            "Object_Name": "EXPLORER27",
            "Pass": "SO/NE-CCW"
        }
    ]
}
