{
    "CreationDateTime": "20220920.082123",
    "PredictionsArray": [
        {
            "AzimuthEnd": 138,
            "AzimuthMiddle": 36,
            "AzimuthStart": 321,
            "CPFSource": "15354_cpf_220920_7631.tjr",
            "CampaignTrack": false,
            "DateTimeEnd": "20220920.142055",
            "DateTimeMiddle": "20220920.141745",
            "DateTimeStart": "20220920.141445",
            "MaximumElevation": 83,
            "Object_NORAD": "15354",
            "Object_Name": "ERBS",
            "Pass": "NO/SE-CW"
        },
        {
            "AzimuthEnd": 146,
            "AzimuthMiddle": 93,
            "AzimuthStart": 45,
            "CPFSource": "37766_cpf_220920_7631.tjr",
            "CampaignTrack": false,
            "DateTimeEnd": "20220920.211544",
            "DateTimeMiddle": "20220920.211144",
            "DateTimeStart": "20220920.210804",
            "MaximumElevation": 21,
            "Object_NORAD": "37766",
            "Object_Name": "CZ2C-06",
            "Pass": "NE/SE-CW"
        },
        {
            "AzimuthEnd": 222,
            "AzimuthMiddle": 290,
            "AzimuthStart": 355,
            "CPFSource": "37766_cpf_220920_7631.tjr",
            "CampaignTrack": false,
            "DateTimeEnd": "20220920.225334",
            "DateTimeMiddle": "20220920.224854",
            "DateTimeStart": "20220920.224424",
            "MaximumElevation": 35,
            "Object_NORAD": "37766",
            "Object_Name": "CZ2C-06",
            "Pass": "NO/SO-CCW"
        },
        {
            "AzimuthEnd": 15,
            "AzimuthMiddle": 292,
            "AzimuthStart": 214,
            "CPFSource": "25407_cpf_220920_7631.tjr",
            "CampaignTrack": false,
            "DateTimeEnd": "20220920.232124",
            "DateTimeMiddle": "20220920.231524",
            "DateTimeStart": "20220920.230944",
            "MaximumElevation": 60,
            "Object_NORAD": "25407",
            "Object_Name": "SL16-14",
            "Pass": "SO/NE-CW"
        },
        {
            "AzimuthEnd": 193,
            "AzimuthMiddle": 117,
            "AzimuthStart": 15,
            "CPFSource": "11081_cpf_220920_7631.tjr",
            "CampaignTrack": false,
            "DateTimeEnd": "20220921.004014",
            "DateTimeMiddle": "20220921.003404",
            "DateTimeStart": "20220921.002754",
            "MaximumElevation": 85,
            "Object_NORAD": "11081",
            "Object_Name": "DELTA1-02",
            "Pass": "NE/SO-CW"
        },
        {
            "AzimuthEnd": 24,
            "AzimuthMiddle": 95,
            "AzimuthStart": 196,
            "CPFSource": "22566_cpf_220920_7631.tjr",
            "CampaignTrack": false,
            "DateTimeEnd": "20220921.005504",
            "DateTimeMiddle": "20220921.004914",
            "DateTimeStart": "20220921.004324",
            "MaximumElevation": 81,
            "Object_NORAD": "22566",
            "Object_Name": "SL16-05",
            "Pass": "SO/NE-CCW"
        },
        {
            "AzimuthEnd": 163,
            "AzimuthMiddle": 235,
            "AzimuthStart": 336,
            "CPFSource": "16182_cpf_220920_7631.tjr",
            "CampaignTrack": false,
            "DateTimeEnd": "20220921.063244",
            "DateTimeMiddle": "20220921.062654",
            "DateTimeStart": "20220921.062104",
            "MaximumElevation": 81,
            "Object_NORAD": "16182",
            "Object_Name": "SL16-09",
            "Pass": "NO/SE-CCW"
        },
        {
            "AzimuthEnd": 172,
            "AzimuthMiddle": 85,
            "AzimuthStart": 355,
            "CPFSource": "20671_cpf_220920_7631.tjr",
            "CampaignTrack": false,
            "DateTimeEnd": "20220921.070104",
            "DateTimeMiddle": "20220921.065434",
            "DateTimeStart": "20220921.064814",
            "MaximumElevation": 83,
            "Object_NORAD": "20671",
            "Object_Name": "SL14-08",
            "Pass": "NO/SE-CW"
        },
        {
            "AzimuthEnd": 162,
            "AzimuthMiddle": 259,
            "AzimuthStart": 337,
            "CPFSource": "19650_cpf_220920_7631.tjr",
            "CampaignTrack": false,
            "DateTimeEnd": "20220921.070824",
            "DateTimeMiddle": "20220921.070234",
            "DateTimeStart": "20220921.065654",
            "MaximumElevation": 84,
            "Object_NORAD": "19650",
            "Object_Name": "SL16-19",
            "Pass": "NO/SE-CCW"
        },
        {
            "AzimuthEnd": 174,
            "AzimuthMiddle": 103,
            "AzimuthStart": 25,
            "CPFSource": "37766_cpf_220920_7631.tjr",
            "CampaignTrack": false,
            "DateTimeEnd": "20220921.214944",
            "DateTimeMiddle": "20220921.214504",
            "DateTimeStart": "20220921.214014",
            "MaximumElevation": 46,
            "Object_NORAD": "37766",
            "Object_Name": "CZ2C-06",
            "Pass": "NE/SE-CW"
        },
        {
            "AzimuthEnd": 348,
            "AzimuthMiddle": 68,
            "AzimuthStart": 165,
            "CPFSource": "20443_cpf_220920_7631.tjr",
            "CampaignTrack": false,
            "DateTimeEnd": "20220921.220644",
            "DateTimeMiddle": "20220921.220124",
            "DateTimeStart": "20220921.215614",
            "MaximumElevation": 88,
            "Object_NORAD": "20443",
            "Object_Name": "ARIANE40-1",
            "Pass": "SE/NO-CW"
        },
        {
            "AzimuthEnd": 349,
            "AzimuthMiddle": 101,
            "AzimuthStart": 164,
            "CPFSource": "21610_cpf_220920_7631.tjr",
            "CampaignTrack": false,
            "DateTimeEnd": "20220921.220914",
            "DateTimeMiddle": "20220921.220354",
            "DateTimeStart": "20220921.215854",
            "MaximumElevation": 84,
            "Object_NORAD": "21610",
            "Object_Name": "ARIANE40-2",
            "Pass": "SE/NO-CW"
        },
        {
            "AzimuthEnd": 21,
            "AzimuthMiddle": 95,
            "AzimuthStart": 161,
            "CPFSource": "19275_cpf_220920_7631.tjr",
            "CampaignTrack": false,
            "DateTimeEnd": "20220921.222444",
            "DateTimeMiddle": "20220921.222014",
            "DateTimeStart": "20220921.221614",
            "MaximumElevation": 40,
            "Object_NORAD": "19275",
            "Object_Name": "SL14-07",
            "Pass": "SE/NE-CCW"
        },
        {
            "AzimuthEnd": 16,
            "AzimuthMiddle": 288,
            "AzimuthStart": 211,
            "CPFSource": "25407_cpf_220920_7631.tjr",
            "CampaignTrack": false,
            "DateTimeEnd": "20220921.230534",
            "DateTimeMiddle": "20220921.225934",
            "DateTimeStart": "20220921.225354",
            "MaximumElevation": 64,
            "Object_NORAD": "25407",
            "Object_Name": "SL16-14",
            "Pass": "SO/NE-CW"
        },
        {
            "AzimuthEnd": 25,
            "AzimuthMiddle": 112,
            "AzimuthStart": 194,
            "CPFSource": "22566_cpf_220920_7631.tjr",
            "CampaignTrack": false,
            "DateTimeEnd": "20220922.004014",
            "DateTimeMiddle": "20220922.003414",
            "DateTimeStart": "20220922.002834",
            "MaximumElevation": 77,
            "Object_NORAD": "22566",
            "Object_Name": "SL16-05",
            "Pass": "SO/NE-CCW"
        },
        {
            "AzimuthEnd": 203,
            "AzimuthMiddle": 284,
            "AzimuthStart": 10,
            "CPFSource": "11081_cpf_220920_7631.tjr",
            "CampaignTrack": false,
            "DateTimeEnd": "20220922.005524",
            "DateTimeMiddle": "20220922.004924",
            "DateTimeStart": "20220922.004324",
            "MaximumElevation": 72,
            "Object_NORAD": "11081",
            "Object_Name": "DELTA1-02",
            "Pass": "NE/SO-CW"
        },
        {
            "AzimuthEnd": 40,
            "AzimuthMiddle": 346,
            "AzimuthStart": 221,
            "CPFSource": "15354_cpf_220920_7631.tjr",
            "CampaignTrack": false,
            "DateTimeEnd": "20220922.053604",
            "DateTimeMiddle": "20220922.053254",
            "DateTimeStart": "20220922.052954",
            "MaximumElevation": 87,
            "Object_NORAD": "15354",
            "Object_Name": "ERBS",
            "Pass": "SO/NE-CW"
        },
        {
            "AzimuthEnd": 169,
            "AzimuthMiddle": 72,
            "AzimuthStart": 357,
            "CPFSource": "18959_cpf_220920_7631.tjr",
            "CampaignTrack": false,
            "DateTimeEnd": "20220922.061034",
            "DateTimeMiddle": "20220922.060554",
            "DateTimeStart": "20220922.060124",
            "MaximumElevation": 75,
            "Object_NORAD": "18959",
            "Object_Name": "SL14-05",
            "Pass": "NO/SE-CW"
        },
        {
            "AzimuthEnd": 161,
            "AzimuthMiddle": 277,
            "AzimuthStart": 338,
            "CPFSource": "16182_cpf_220920_7631.tjr",
            "CampaignTrack": false,
            "DateTimeEnd": "20220922.061634",
            "DateTimeMiddle": "20220922.061034",
            "DateTimeStart": "20220922.060444",
            "MaximumElevation": 87,
            "Object_NORAD": "16182",
            "Object_Name": "SL16-09",
            "Pass": "NO/SE-CCW"
        },
        {
            "AzimuthEnd": 160,
            "AzimuthMiddle": 175,
            "AzimuthStart": 338,
            "CPFSource": "19650_cpf_220920_7631.tjr",
            "CampaignTrack": false,
            "DateTimeEnd": "20220922.065244",
            "DateTimeMiddle": "20220922.064654",
            "DateTimeStart": "20220922.064104",
            "MaximumElevation": 88,
            "Object_NORAD": "19650",
            "Object_Name": "SL16-19",
            "Pass": "NO/SE-CCW"
        },
        {
            "AzimuthEnd": 188,
            "AzimuthMiddle": 271,
            "AzimuthStart": 346,
            "CPFSource": "20671_cpf_220920_7631.tjr",
            "CampaignTrack": false,
            "DateTimeEnd": "20220922.071744",
            "DateTimeMiddle": "20220922.071124",
            "DateTimeStart": "20220922.070514",
            "MaximumElevation": 62,
            "Object_NORAD": "20671",
            "Object_Name": "SL14-08",
            "Pass": "NO/SO-CCW"
        },
        {
            "AzimuthEnd": 137,
            "AzimuthMiddle": 70,
            "AzimuthStart": 322,
            "CPFSource": "15354_cpf_220920_7631.tjr",
            "CampaignTrack": false,
            "DateTimeEnd": "20220922.133554",
            "DateTimeMiddle": "20220922.133254",
            "DateTimeStart": "20220922.132954",
            "MaximumElevation": 78,
            "Object_NORAD": "15354",
            "Object_Name": "ERBS",
            "Pass": "NO/SE-CW"
        },
        {
            "AzimuthEnd": 342,
            "AzimuthMiddle": 256,
            "AzimuthStart": 175,
            "CPFSource": "16615_cpf_220920_7631.tjr",
            "CampaignTrack": false,
            "DateTimeEnd": "20220922.212324",
            "DateTimeMiddle": "20220922.211754",
            "DateTimeStart": "20220922.211244",
            "MaximumElevation": 68,
            "Object_NORAD": "16615",
            "Object_Name": "ARIANE1-1",
            "Pass": "SE/NO-CW"
        },
        {
            "AzimuthEnd": 199,
            "AzimuthMiddle": 278,
            "AzimuthStart": 10,
            "CPFSource": "37766_cpf_220920_7631.tjr",
            "CampaignTrack": false,
            "DateTimeEnd": "20220922.222304",
            "DateTimeMiddle": "20220922.221804",
            "DateTimeStart": "20220922.221304",
            "MaximumElevation": 77,
            "Object_NORAD": "37766",
            "Object_Name": "CZ2C-06",
            "Pass": "NE/SO-CW"
        },
        {
            "AzimuthEnd": 8,
            "AzimuthMiddle": 71,
            "AzimuthStart": 183,
            "CPFSource": "19275_cpf_220920_7631.tjr",
            "CampaignTrack": false,
            "DateTimeEnd": "20220922.224224",
            "DateTimeMiddle": "20220922.223754",
            "DateTimeStart": "20220922.223324",
            "MaximumElevation": 83,
            "Object_NORAD": "19275",
            "Object_Name": "SL14-07",
            "Pass": "SO/NE-CCW"
        },
        {
            "AzimuthEnd": 17,
            "AzimuthMiddle": 297,
            "AzimuthStart": 209,
            "CPFSource": "25407_cpf_220920_7631.tjr",
            "CampaignTrack": false,
            "DateTimeEnd": "20220922.224944",
            "DateTimeMiddle": "20220922.224354",
            "DateTimeStart": "20220922.223804",
            "MaximumElevation": 69,
            "Object_NORAD": "25407",
            "Object_Name": "SL16-14",
            "Pass": "SO/NE-CW"
        }
    ]
}
