{
    "CurrentSet": "ILRS NOVIEMBRE 2019",
    "SpaceObjectsSetsArray": [
        {
            "ObjectsEnabled": [
                "16908",
                "1328",
                "8820",
                "39086",
                "36508",
                "41335",
                "43437",
                "39452",
                "39451",
                "39453",
                "36605",
                "31698",
                "7646",
                "22824",
                "27944",
                "38077",
                "37781",
                "43655",
                "42829",
                "41240",
                "22195",
                "43189",
                "43186",
                "43187",
                "43188",
                "41579",
                "43476",
                "43477",
                "46469",
                "43798",
                "44083",
                "46984",
                "47944",
                "48900",
                "51288",
                "38997",
                "53105"
            ],
            "SetName": "ILRS NOVIEMBRE 2019"
        },
        {
            "ObjectsEnabled": [
                "16908",
                "6127",
                "2680",
                "21574",
                "11267",
                "15593",
                "26721",
                "10967",
                "23088",
                "23343",
                "2674",
                "17912",
                "29507",
                "10114",
                "22285",
                "24298",
                "11672",
                "18959",
                "22566",
                "14208",
                "733",
                "20453",
                "20559",
                "38746",
                "28353",
                "12904",
                "13121",
                "13771",
                "18749",
                "19275",
                "20671",
                "21610",
                "22784",
                "23705",
                "39454",
                "27422",
                "23324",
                "17528",
                "26474",
                "15334",
                "15772",
                "22803",
                "16182",
                "17590",
                "23405",
                "17974",
                "25400",
                "25407",
                "25861",
                "26070",
                "31793",
                "19120",
                "19650",
                "20625",
                "22220",
                "29269",
                "36039",
                "28813",
                "27610",
                "5918",
                "7275",
                "7364",
                "7493",
                "7575",
                "7715",
                "8027",
                "8294",
                "8520",
                "8800",
                "8846",
                "9482",
                "9662",
                "9904",
                "10515",
                "11166",
                "11289",
                "11608",
                "11963",
                "12155",
                "12457",
                "12465",
                "12586",
                "12646",
                "13154",
                "13403",
                "13819",
                "14453",
                "16111",
                "18961",
                "19046",
                "21689",
                "11327",
                "11668",
                "12682",
                "16012",
                "16953",
                "18096",
                "18710",
                "20433",
                "21015",
                "22081",
                "22591",
                "23093",
                "23432",
                "24955",
                "26819",
                "32053",
                "33066",
                "16615",
                "20443",
                "22830",
                "25261",
                "25979",
                "23561",
                "23608",
                "27387",
                "28499",
                "13778",
                "20323",
                "11081",
                "24797",
                "25637",
                "27665",
                "27601",
                "28932",
                "33500",
                "38341",
                "39771",
                "23828",
                "25759",
                "28050",
                "28651",
                "29713",
                "32477",
                "36800",
                "37390",
                "38757",
                "39093",
                "40058",
                "40720",
                "41620",
                "41791",
                "41878",
                "19468",
                "20791",
                "25732",
                "25942",
                "27432",
                "28059",
                "29093",
                "32063",
                "32959",
                "37181",
                "37782",
                "38039",
                "32290",
                "37215",
                "39211",
                "39261",
                "41039",
                "41728",
                "39359",
                "40337",
                "41635",
                "28222",
                "28480",
                "31114",
                "36089",
                "37731",
                "37766",
                "39203",
                "39364",
                "39625",
                "40262",
                "40287",
                "40306",
                "28738",
                "36597",
                "37932",
                "39154",
                "41858",
                "41902",
                "14699",
                "14819",
                "17295",
                "17973",
                "18958",
                "19257",
                "27006",
                "39162",
                "38737",
                "16910",
                "6921",
                "11087",
                "4327",
                "5555",
                "13003",
                "48275"
            ],
            "SetName": "DEBIRS NoLRR + LRR"
        },
        {
            "ObjectsEnabled": [
                "16908",
                "1328",
                "37796",
                "36510",
                "8820",
                "39086",
                "36508",
                "41335",
                "43437",
                "11267",
                "15593",
                "39452",
                "39451",
                "39453",
                "36605",
                "31698",
                "7646",
                "22824",
                "27944",
                "38077",
                "37781",
                "43655",
                "42829",
                "41240",
                "23088",
                "23343",
                "22195",
                "17912",
                "29507",
                "10114",
                "22285",
                "24298",
                "11672",
                "18959",
                "22566",
                "14208",
                "20559",
                "28353",
                "12904",
                "13121",
                "13771",
                "18749",
                "19275",
                "20671",
                "22784",
                "23705",
                "19274",
                "20510",
                "21397",
                "23317",
                "25860",
                "43189",
                "43186",
                "43187",
                "43188",
                "15334",
                "15772",
                "22803",
                "16182",
                "17590",
                "23405",
                "17974",
                "25400",
                "25407",
                "25861",
                "26070",
                "31793",
                "19120",
                "19650",
                "20625",
                "22220",
                "29269",
                "36039",
                "28813",
                "33398",
                "36601",
                "40048",
                "40537",
                "27610",
                "5918",
                "7275",
                "7364",
                "7493",
                "7575",
                "7715",
                "8027",
                "8294",
                "8520",
                "8800",
                "8846",
                "9482",
                "9662",
                "9904",
                "10515",
                "11166",
                "11289",
                "11608",
                "11963",
                "12155",
                "12457",
                "12465",
                "12586",
                "12646",
                "13154",
                "13403",
                "13819",
                "14453",
                "16111",
                "18961",
                "19046",
                "21689",
                "11327",
                "11668",
                "12682",
                "16012",
                "16953",
                "18096",
                "18710",
                "20433",
                "21015",
                "22081",
                "22591",
                "23093",
                "23432",
                "24955",
                "26819",
                "32053",
                "33066",
                "16615",
                "20443",
                "22830",
                "25261",
                "25979",
                "23561",
                "23608",
                "27387",
                "28499",
                "13778",
                "20323",
                "11081",
                "29110",
                "24797",
                "25637",
                "27665",
                "27601",
                "28932",
                "33500",
                "38341",
                "39771",
                "20855",
                "19468",
                "20791",
                "25733",
                "27433",
                "37182",
                "25732",
                "25942",
                "27432",
                "28059",
                "29093",
                "32063",
                "32959",
                "37181",
                "37782",
                "38039",
                "39212",
                "32290",
                "37215",
                "39211",
                "39261",
                "41039",
                "41728",
                "39359",
                "40337",
                "41635",
                "28222",
                "28480",
                "31114",
                "36089",
                "37731",
                "37766",
                "39203",
                "39364",
                "39625",
                "40262",
                "40287",
                "40306",
                "28738",
                "36597",
                "37932",
                "39154",
                "41858",
                "41902",
                "41579",
                "43476",
                "43477",
                "43613",
                "19257",
                "27006",
                "36417",
                "11087",
                "5555",
                "13003",
                "46469",
                "43798",
                "44083",
                "46984"
            ],
            "SetName": "AJESAT"
        },
        {
            "ObjectsEnabled": [
                "16908",
                "24277",
                "27005",
                "22782",
                "27386",
                "1328",
                "8820",
                "39086",
                "2680",
                "36508",
                "41335",
                "43437",
                "28931",
                "21574",
                "23560",
                "26997",
                "27001",
                "28809",
                "27597",
                "39452",
                "39451",
                "39453",
                "36605",
                "31698",
                "7646",
                "22824",
                "27944",
                "38077",
                "37781",
                "43655",
                "42829",
                "7734",
                "22969",
                "36037",
                "23342",
                "10967",
                "22076",
                "38046",
                "25636",
                "33105",
                "41240",
                "22195",
                "2674",
                "28230",
                "15595",
                "25394",
                "43189",
                "43186",
                "43187",
                "43188",
                "41579",
                "43476",
                "43477",
                "43613",
                "46469",
                "43798",
                "44083",
                "46984",
                "48275"
            ],
            "SetName": "PS_DEBUG"
        },
        {
            "ObjectsEnabled": [
                "16908",
                "23088",
                "23343",
                "17912",
                "11672",
                "18959",
                "22566",
                "15354",
                "733",
                "18749",
                "19275",
                "20671",
                "21610",
                "22784",
                "23705",
                "16182",
                "17590",
                "23405",
                "25407",
                "19120",
                "19650",
                "16615",
                "20443",
                "11081",
                "37766",
                "17178",
                "13590"
            ],
            "SetName": "Observaciones_con_nanosegundos"
        },
        {
            "ObjectsEnabled": [
                "11111"
            ],
            "SetName": "STARTS"
        },
        {
            "ObjectsEnabled": [
                "16908",
                "24277",
                "27005",
                "22782",
                "27386",
                "1328",
                "8820",
                "39086",
                "33496",
                "2680",
                "36508",
                "41335",
                "43437",
                "28931",
                "21574",
                "23560",
                "26997",
                "27001",
                "28809",
                "27597",
                "39452",
                "39451",
                "39453",
                "36605",
                "31698",
                "7646",
                "22824",
                "43215",
                "27944",
                "37781",
                "43655",
                "42829",
                "7734",
                "22969",
                "36037",
                "23342",
                "10967",
                "22076",
                "38046",
                "33105",
                "41240",
                "22195",
                "2674",
                "28230",
                "39227",
                "25157",
                "37222",
                "23937",
                "23936",
                "25394",
                "43189",
                "43186",
                "43187",
                "43188",
                "39068",
                "41579",
                "43476",
                "43477",
                "43613",
                "25615",
                "46469",
                "46984"
            ],
            "SetName": "Campaña_Septiembre_2021"
        },
        {
            "ObjectsEnabled": [
                "16908",
                "1328",
                "8820",
                "39086",
                "36508",
                "41335",
                "43437",
                "28931",
                "26997",
                "39452",
                "39451",
                "39453",
                "36605",
                "31698",
                "7646",
                "22824",
                "27944",
                "38077",
                "37781",
                "43655",
                "42829",
                "33105",
                "41240",
                "22195",
                "28230",
                "43189",
                "43186",
                "43187",
                "43188",
                "41579",
                "43476",
                "43477",
                "43613",
                "25615",
                "46469",
                "43798",
                "44083",
                "46984"
            ],
            "SetName": "ILRS + CAMPAÑA SEPTIEMBRE 2021"
        },
        {
            "ObjectsEnabled": [
                "39380",
                "45265",
                "44208"
            ],
            "SetName": "TEST"
        },
        {
            "ObjectsEnabled": [
                "43001",
                "37846",
                "37847",
                "38857",
                "38858",
                "40128",
                "40129",
                "40544",
                "40545",
                "40889",
                "40890",
                "41859",
                "41175",
                "41174",
                "41550",
                "41549",
                "41860",
                "41861",
                "41862",
                "38250",
                "43002",
                "43055",
                "43056",
                "43057",
                "43058",
                "43208",
                "43245",
                "43246",
                "43566",
                "43567",
                "31115",
                "41315"
            ],
            "SetName": "MEO"
        },
        {
            "ObjectsEnabled": [
                "8820",
                "876",
                "8800"
            ],
            "SetName": "Prueba"
        }
    ],
    "VersionDate": "20251027.130911"
}
